# all 937 general-SDK rows retained for semantic audit; not_checked is not implementation work
exchange	official_product	interface	method	path_or_message	operation_id	lifecycle	exposure	platform_boundary	platform_decision	local_operations	bridge_status	coverage_locator	coverage_implementation_state	rust_status	rust_locators	schema_status	schema_locator	codegen_status	codegen_locator	Python_status	Python_locator	Dart_status	Dart_locator	TypeScript_status	TypeScript_locator	verification	mapping_names	audit_result	next_action	reason
Binance	Algo Trading REST	Http	DELETE	/sapi/v1/algo/futures/order	cancelAlgoOrderFutureAlgo	documented_active	provider_typed	general_adapter_or_provider	not_applicable		not_connected		Unlinked	unreviewed		unreviewed		unreviewed		unreviewed		unreviewed		unreviewed				needs_evidence	continue_audit	Audited against the current repository; this active provider-typed operation has no connected Rust bridge or typed provider surface in this release.
Binance	Algo Trading REST	Http	DELETE	/sapi/v1/algo/spot/order	cancelAlgoOrderSpotAlgo	documented_active	provider_typed	general_adapter_or_provider	not_applicable		not_connected		Unlinked	unreviewed		unreviewed		unreviewed		unreviewed		unreviewed		unreviewed				needs_evidence	continue_audit	Audited against the current repository; this active provider-typed operation has no connected Rust bridge or typed provider surface in this release.
Binance	Algo Trading REST	Http	GET	/sapi/v1/algo/futures/historicalOrders	queryHistoricalAlgoOrdersFutureAlgo	documented_active	provider_typed	general_adapter_or_provider	not_applicable		not_connected		Unlinked	unreviewed		unreviewed		unreviewed		unreviewed		unreviewed		unreviewed				needs_evidence	continue_audit	Audited against the current repository; this active provider-typed operation has no connected Rust bridge or typed provider surface in this release.
Binance	Algo Trading REST	Http	GET	/sapi/v1/algo/futures/openOrders	queryCurrentAlgoOpenOrdersFutureAlgo	documented_active	provider_typed	general_adapter_or_provider	not_applicable		not_connected		Unlinked	unreviewed		unreviewed		unreviewed		unreviewed		unreviewed		unreviewed				needs_evidence	continue_audit	Audited against the current repository; this active provider-typed operation has no connected Rust bridge or typed provider surface in this release.
Binance	Algo Trading REST	Http	GET	/sapi/v1/algo/futures/subOrders	querySubOrdersFutureAlgo	documented_active	provider_typed	general_adapter_or_provider	not_applicable		not_connected		Unlinked	unreviewed		unreviewed		unreviewed		unreviewed		unreviewed		unreviewed				needs_evidence	continue_audit	Audited against the current repository; this active provider-typed operation has no connected Rust bridge or typed provider surface in this release.
Binance	Algo Trading REST	Http	GET	/sapi/v1/algo/spot/historicalOrders	queryHistoricalAlgoOrdersSpotAlgo	documented_active	provider_typed	general_adapter_or_provider	not_applicable		not_connected		Unlinked	unreviewed		unreviewed		unreviewed		unreviewed		unreviewed		unreviewed				needs_evidence	continue_audit	Audited against the current repository; this active provider-typed operation has no connected Rust bridge or typed provider surface in this release.
Binance	Algo Trading REST	Http	GET	/sapi/v1/algo/spot/openOrders	queryCurrentAlgoOpenOrdersSpotAlgo	documented_active	provider_typed	general_adapter_or_provider	not_applicable		not_connected		Unlinked	unreviewed		unreviewed		unreviewed		unreviewed		unreviewed		unreviewed				needs_evidence	continue_audit	Audited against the current repository; this active provider-typed operation has no connected Rust bridge or typed provider surface in this release.
Binance	Algo Trading REST	Http	GET	/sapi/v1/algo/spot/subOrders	querySubOrdersSpotAlgo	documented_active	provider_typed	general_adapter_or_provider	not_applicable		not_connected		Unlinked	unreviewed		unreviewed		unreviewed		unreviewed		unreviewed		unreviewed				needs_evidence	continue_audit	Audited against the current repository; this active provider-typed operation has no connected Rust bridge or typed provider surface in this release.
Binance	Algo Trading REST	Http	POST	/sapi/v1/algo/futures/newOrderTwap	timeWeightedAveragePriceFutureAlgo	documented_active	provider_typed	general_adapter_or_provider	not_applicable		not_connected		Unlinked	unreviewed		unreviewed		unreviewed		unreviewed		unreviewed		unreviewed				needs_evidence	continue_audit	Audited against the current repository; this active provider-typed operation has no connected Rust bridge or typed provider surface in this release.
Binance	Algo Trading REST	Http	POST	/sapi/v1/algo/futures/newOrderVp	volumeParticipationFutureAlgo	documented_active	provider_typed	general_adapter_or_provider	not_applicable		not_connected		Unlinked	unreviewed		unreviewed		unreviewed		unreviewed		unreviewed		unreviewed				needs_evidence	continue_audit	Audited against the current repository; this active provider-typed operation has no connected Rust bridge or typed provider surface in this release.
Binance	Algo Trading REST	Http	POST	/sapi/v1/algo/spot/newOrderTwap	timeWeightedAveragePriceSpotAlgo	documented_active	provider_typed	general_adapter_or_provider	not_applicable		not_connected		Unlinked	unreviewed		unreviewed		unreviewed		unreviewed		unreviewed		unreviewed				needs_evidence	continue_audit	Audited against the current repository; this active provider-typed operation has no connected Rust bridge or typed provider surface in this release.
Binance	Alpha Trading REST	Http	GET	/bapi/defi/v1/public/alpha-trade/agg-trades	aggregatedTrades	documented_active	provider_typed	general_adapter_or_provider	not_applicable		not_connected		Unlinked	unreviewed		unreviewed		unreviewed		unreviewed		unreviewed		unreviewed				needs_evidence	continue_audit	Audited against the current repository; this active provider-typed operation has no connected Rust bridge or typed provider surface in this release.
Binance	Alpha Trading REST	Http	GET	/bapi/defi/v1/public/alpha-trade/fullDepth	fullDepth	documented_active	provider_typed	general_adapter_or_provider	not_applicable		not_connected		Unlinked	unreviewed		unreviewed		unreviewed		unreviewed		unreviewed		unreviewed				needs_evidence	continue_audit	Audited against the current repository; this active provider-typed operation has no connected Rust bridge or typed provider surface in this release.
Binance	Alpha Trading REST	Http	GET	/bapi/defi/v1/public/alpha-trade/get-exchange-info	getExchangeInfo	documented_active	provider_typed	general_adapter_or_provider	not_applicable		not_connected		Unlinked	unreviewed		unreviewed		unreviewed		unreviewed		unreviewed		unreviewed				needs_evidence	continue_audit	Audited against the current repository; this active provider-typed operation has no connected Rust bridge or typed provider surface in this release.
Binance	Alpha Trading REST	Http	GET	/bapi/defi/v1/public/alpha-trade/klines	klines	documented_active	provider_typed	general_adapter_or_provider	not_applicable		not_connected		Unlinked	unreviewed		unreviewed		unreviewed		unreviewed		unreviewed		unreviewed				needs_evidence	continue_audit	Audited against the current repository; this active provider-typed operation has no connected Rust bridge or typed provider surface in this release.
Binance	Alpha Trading REST	Http	GET	/bapi/defi/v1/public/alpha-trade/ticker	ticker	documented_active	provider_typed	general_adapter_or_provider	not_applicable		not_connected		Unlinked	unreviewed		unreviewed		unreviewed		unreviewed		unreviewed		unreviewed				needs_evidence	continue_audit	Audited against the current repository; this active provider-typed operation has no connected Rust bridge or typed provider surface in this release.
Binance	Alpha Trading REST	Http	GET	/bapi/defi/v1/public/wallet-direct/buw/wallet/cex/alpha/all/token/list	tokenList	documented_active	provider_typed	general_adapter_or_provider	not_applicable		not_connected		Unlinked	unreviewed		unreviewed		unreviewed		unreviewed		unreviewed		unreviewed				needs_evidence	continue_audit	Audited against the current repository; this active provider-typed operation has no connected Rust bridge or typed provider surface in this release.
Binance	Alpha WebSocket Market Streams	WebSocketStream	POST	/!bookTicker	allBookTickerStream	documented_active	provider_typed	general_adapter_or_provider	not_applicable		not_connected		Unlinked	unreviewed		unreviewed		unreviewed		unreviewed		unreviewed		unreviewed				needs_evidence	continue_audit	Audited against the current repository; this active provider-typed operation has no connected Rust bridge or typed provider surface in this release.
Binance	Alpha WebSocket Market Streams	WebSocketStream	POST	/!miniTicker@arr	allMiniTickerStream	documented_active	provider_typed	general_adapter_or_provider	not_applicable		not_connected		Unlinked	unreviewed		unreviewed		unreviewed		unreviewed		unreviewed		unreviewed				needs_evidence	continue_audit	Audited against the current repository; this active provider-typed operation has no connected Rust bridge or typed provider surface in this release.
Binance	Alpha WebSocket Market Streams	WebSocketStream	POST	/!ticker@arr	allTickerStream	documented_active	provider_typed	general_adapter_or_provider	not_applicable		not_connected		Unlinked	unreviewed		unreviewed		unreviewed		unreviewed		unreviewed		unreviewed				needs_evidence	continue_audit	Audited against the current repository; this active provider-typed operation has no connected Rust bridge or typed provider surface in this release.
Binance	Alpha WebSocket Market Streams	WebSocketStream	POST	/came@allTokens@ticker24	allTokens24hTickerStream	documented_active	provider_typed	general_adapter_or_provider	not_applicable		not_connected		Unlinked	unreviewed		unreviewed		unreviewed		unreviewed		unreviewed		unreviewed				needs_evidence	continue_audit	Audited against the current repository; this active provider-typed operation has no connected Rust bridge or typed provider surface in this release.
Binance	Alpha WebSocket Market Streams	WebSocketStream	POST	/came@{contractAddress}@{chainId}@kline_{interval}	contractKlineStream	documented_active	provider_typed	general_adapter_or_provider	not_applicable		not_connected		Unlinked	unreviewed		unreviewed		unreviewed		unreviewed		unreviewed		unreviewed				needs_evidence	continue_audit	Audited against the current repository; this active provider-typed operation has no connected Rust bridge or typed provider surface in this release.
Binance	Alpha WebSocket Market Streams	WebSocketStream	POST	/{symbol}@aggTrade	aggregateTradeStream	documented_active	provider_typed	general_adapter_or_provider	not_applicable		not_connected		Unlinked	unreviewed		unreviewed		unreviewed		unreviewed		unreviewed		unreviewed				needs_design	service_or_contract_decision	The current MarketEvent contract cannot preserve the official stream semantics.
Binance	Alpha WebSocket Market Streams	WebSocketStream	POST	/{symbol}@bookTicker	bookTickerStream	documented_active	provider_typed	general_adapter_or_provider	not_applicable		not_connected		Unlinked	unreviewed		unreviewed		unreviewed		unreviewed		unreviewed		unreviewed				needs_evidence	continue_audit	Audited against the current repository; this active provider-typed operation has no connected Rust bridge or typed provider surface in this release.
Binance	Alpha WebSocket Market Streams	WebSocketStream	POST	/{symbol}@depth{levels}@{interval}	partialDepthStream	documented_active	provider_typed	general_adapter_or_provider	not_applicable		not_connected		Unlinked	unreviewed		unreviewed		unreviewed		unreviewed		unreviewed		unreviewed				needs_evidence	continue_audit	Audited against the current repository; this active provider-typed operation has no connected Rust bridge or typed provider surface in this release.
Binance	Alpha WebSocket Market Streams	WebSocketStream	POST	/{symbol}@fulldepth@{interval}	fullDepthStream	documented_active	provider_typed	general_adapter_or_provider	not_applicable		not_connected		Unlinked	unreviewed		unreviewed		unreviewed		unreviewed		unreviewed		unreviewed				needs_evidence	continue_audit	Audited against the current repository; this active provider-typed operation has no connected Rust bridge or typed provider surface in this release.
Binance	Alpha WebSocket Market Streams	WebSocketStream	POST	/{symbol}@kline_{interval}	klineStream	documented_active	provider_typed	general_adapter_or_provider	not_applicable		not_connected		Unlinked	unreviewed		unreviewed		unreviewed		unreviewed		unreviewed		unreviewed				needs_evidence	continue_audit	Audited against the current repository; this active provider-typed operation has no connected Rust bridge or typed provider surface in this release.
Binance	Alpha WebSocket Market Streams	WebSocketStream	POST	/{symbol}@miniTicker	miniTickerStream	documented_active	provider_typed	general_adapter_or_provider	not_applicable		not_connected		Unlinked	unreviewed		unreviewed		unreviewed		unreviewed		unreviewed		unreviewed				needs_evidence	continue_audit	Audited against the current repository; this active provider-typed operation has no connected Rust bridge or typed provider surface in this release.
Binance	Alpha WebSocket Market Streams	WebSocketStream	POST	/{symbol}@ticker	tickerStream	documented_active	provider_typed	general_adapter_or_provider	not_applicable		not_connected		Unlinked	unreviewed		unreviewed		unreviewed		unreviewed		unreviewed		unreviewed				needs_evidence	continue_audit	Audited against the current repository; this active provider-typed operation has no connected Rust bridge or typed provider surface in this release.
Binance	Alpha WebSocket Market Streams	WebSocketStream	POST	/{symbol}@trade	tradeStream	documented_active	provider_typed	general_adapter_or_provider	not_applicable		not_connected		Unlinked	unreviewed		unreviewed		unreviewed		unreviewed		unreviewed		unreviewed				needs_evidence	continue_audit	Audited against the current repository; this active provider-typed operation has no connected Rust bridge or typed provider surface in this release.
Binance	Binance Pay REST	Http	GET	/sapi/v1/pay/transactions	getPayTradeHistory	documented_active	provider_typed	general_adapter_or_provider	not_applicable		not_connected		Unlinked	unreviewed		unreviewed		unreviewed		unreviewed		unreviewed		unreviewed				needs_evidence	continue_audit	Audited against the current repository; this active provider-typed operation has no connected Rust bridge or typed provider surface in this release.
Binance	C2C REST	Http	GET	/sapi/v1/c2c/orderMatch/listUserOrderHistory	getC2CTradeHistory	documented_active	provider_typed	general_adapter_or_provider	not_applicable	c2c.c2c_trade_history	connected	bindings/common/src/coverage.rs::OPERATIONS	Implemented	present	src/adapters/binance/mod.rs:776	present	bindings/common/src/schema.rs::binding_schema	present	bindings/python/python/maxt/_generated_contract.py;bindings/dart/lib/src/generated_contract.dart;bindings/typescript/src/generated/contract.ts	present	bindings/python/python/maxt/adapters.py	present	bindings/dart/lib/src/generated_provider_methods.dart	present	bindings/typescript/src/generated/api.ts	Fixture	c2c_trade_history	verified	none	Audited Rust contract, public bindings, and verification evidence are present.
Binance	Convert REST	Http	GET	/sapi/v1/convert/assetInfo	queryOrderQuantityPrecisionPerAsset	documented_active	provider_typed	general_adapter_or_provider	not_applicable		not_connected		Unlinked	unreviewed		unreviewed		unreviewed		unreviewed		unreviewed		unreviewed				needs_evidence	continue_audit	Audited against the current repository; this active provider-typed operation has no connected Rust bridge or typed provider surface in this release.
Binance	Convert REST	Http	GET	/sapi/v1/convert/exchangeInfo	listAllConvertPairs	documented_active	provider_typed	general_adapter_or_provider	not_applicable		not_connected		Unlinked	unreviewed		unreviewed		unreviewed		unreviewed		unreviewed		unreviewed				needs_evidence	continue_audit	Audited against the current repository; this active provider-typed operation has no connected Rust bridge or typed provider surface in this release.
Binance	Convert REST	Http	GET	/sapi/v1/convert/limit/queryOpenOrders	queryLimitOpenOrders	documented_active	provider_typed	general_adapter_or_provider	not_applicable		not_connected		Unlinked	unreviewed		unreviewed		unreviewed		unreviewed		unreviewed		unreviewed				needs_evidence	continue_audit	Audited against the current repository; this active provider-typed operation has no connected Rust bridge or typed provider surface in this release.
Binance	Convert REST	Http	GET	/sapi/v1/convert/orderStatus	orderStatus	documented_active	provider_typed	general_adapter_or_provider	not_applicable		not_connected		Unlinked	unreviewed		unreviewed		unreviewed		unreviewed		unreviewed		unreviewed				needs_evidence	continue_audit	Audited against the current repository; this active provider-typed operation has no connected Rust bridge or typed provider surface in this release.
Binance	Convert REST	Http	GET	/sapi/v1/convert/tradeFlow	getConvertTradeHistory	documented_active	provider_typed	general_adapter_or_provider	not_applicable		not_connected		Unlinked	unreviewed		unreviewed		unreviewed		unreviewed		unreviewed		unreviewed				needs_evidence	continue_audit	Audited against the current repository; this active provider-typed operation has no connected Rust bridge or typed provider surface in this release.
Binance	Convert REST	Http	POST	/sapi/v1/convert/acceptQuote	acceptQuote	documented_active	provider_typed	general_adapter_or_provider	not_applicable		not_connected		Unlinked	unreviewed		unreviewed		unreviewed		unreviewed		unreviewed		unreviewed				needs_evidence	continue_audit	Audited against the current repository; this active provider-typed operation has no connected Rust bridge or typed provider surface in this release.
Binance	Convert REST	Http	POST	/sapi/v1/convert/getQuote	sendQuoteRequest	documented_active	provider_typed	general_adapter_or_provider	not_applicable		not_connected		Unlinked	unreviewed		unreviewed		unreviewed		unreviewed		unreviewed		unreviewed				needs_evidence	continue_audit	Audited against the current repository; this active provider-typed operation has no connected Rust bridge or typed provider surface in this release.
Binance	Convert REST	Http	POST	/sapi/v1/convert/limit/cancelOrder	cancelLimitOrder	documented_active	provider_typed	general_adapter_or_provider	not_applicable		not_connected		Unlinked	unreviewed		unreviewed		unreviewed		unreviewed		unreviewed		unreviewed				needs_evidence	continue_audit	Audited against the current repository; this active provider-typed operation has no connected Rust bridge or typed provider surface in this release.
Binance	Convert REST	Http	POST	/sapi/v1/convert/limit/placeOrder	placeLimitOrder	documented_active	provider_typed	general_adapter_or_provider	not_applicable		not_connected		Unlinked	unreviewed		unreviewed		unreviewed		unreviewed		unreviewed		unreviewed				needs_evidence	continue_audit	Audited against the current repository; this active provider-typed operation has no connected Rust bridge or typed provider surface in this release.
Binance	Crypto Loan REST	Http	GET	/sapi/v1/loan/borrow/history	getLoanBorrowHistory	documented_active	provider_typed	general_adapter_or_provider	not_applicable		not_connected		Unlinked	unreviewed		unreviewed		unreviewed		unreviewed		unreviewed		unreviewed				needs_evidence	continue_audit	Audited against the current repository; this active provider-typed operation has no connected Rust bridge or typed provider surface in this release.
Binance	Crypto Loan REST	Http	GET	/sapi/v1/loan/income	getCryptoLoansIncomeHistory	documented_active	provider_typed	general_adapter_or_provider	not_applicable		not_connected		Unlinked	unreviewed		unreviewed		unreviewed		unreviewed		unreviewed		unreviewed				needs_evidence	continue_audit	Audited against the current repository; this active provider-typed operation has no connected Rust bridge or typed provider surface in this release.
Binance	Crypto Loan REST	Http	GET	/sapi/v1/loan/ltv/adjustment/history	getLoanLtvAdjustmentHistory	documented_active	provider_typed	general_adapter_or_provider	not_applicable		not_connected		Unlinked	unreviewed		unreviewed		unreviewed		unreviewed		unreviewed		unreviewed				needs_evidence	continue_audit	Audited against the current repository; this active provider-typed operation has no connected Rust bridge or typed provider surface in this release.
Binance	Crypto Loan REST	Http	GET	/sapi/v1/loan/repay/history	getLoanRepaymentHistory	documented_active	provider_typed	general_adapter_or_provider	not_applicable		not_connected		Unlinked	unreviewed		unreviewed		unreviewed		unreviewed		unreviewed		unreviewed				needs_evidence	continue_audit	Audited against the current repository; this active provider-typed operation has no connected Rust bridge or typed provider surface in this release.
Binance	Crypto Loan REST	Http	GET	/sapi/v2/loan/flexible/borrow/history	getFlexibleLoanBorrowHistory	documented_active	provider_typed	general_adapter_or_provider	not_applicable		not_connected		Unlinked	unreviewed		unreviewed		unreviewed		unreviewed		unreviewed		unreviewed				needs_evidence	continue_audit	Audited against the current repository; this active provider-typed operation has no connected Rust bridge or typed provider surface in this release.
Binance	Crypto Loan REST	Http	GET	/sapi/v2/loan/flexible/collateral/data	getFlexibleLoanCollateralAssetsData	documented_active	provider_typed	general_adapter_or_provider	not_applicable		not_connected		Unlinked	unreviewed		unreviewed		unreviewed		unreviewed		unreviewed		unreviewed				needs_evidence	continue_audit	Audited against the current repository; this active provider-typed operation has no connected Rust bridge or typed provider surface in this release.
Binance	Crypto Loan REST	Http	GET	/sapi/v2/loan/flexible/liquidation/history	getFlexibleLoanLiquidationHistory	documented_active	provider_typed	general_adapter_or_provider	not_applicable		not_connected		Unlinked	unreviewed		unreviewed		unreviewed		unreviewed		unreviewed		unreviewed				needs_evidence	continue_audit	Audited against the current repository; this active provider-typed operation has no connected Rust bridge or typed provider surface in this release.
Binance	Crypto Loan REST	Http	GET	/sapi/v2/loan/flexible/loanable/data	getFlexibleLoanAssetsData	documented_active	provider_typed	general_adapter_or_provider	not_applicable		not_connected		Unlinked	unreviewed		unreviewed		unreviewed		unreviewed		unreviewed		unreviewed				needs_evidence	continue_audit	Audited against the current repository; this active provider-typed operation has no connected Rust bridge or typed provider surface in this release.
Binance	Crypto Loan REST	Http	GET	/sapi/v2/loan/flexible/ltv/adjustment/history	getFlexibleLoanLtvAdjustmentHistory	documented_active	provider_typed	general_adapter_or_provider	not_applicable		not_connected		Unlinked	unreviewed		unreviewed		unreviewed		unreviewed		unreviewed		unreviewed				needs_evidence	continue_audit	Audited against the current repository; this active provider-typed operation has no connected Rust bridge or typed provider surface in this release.
Binance	Crypto Loan REST	Http	GET	/sapi/v2/loan/flexible/ongoing/orders	getFlexibleLoanOngoingOrders	documented_active	provider_typed	general_adapter_or_provider	not_applicable		not_connected		Unlinked	unreviewed		unreviewed		unreviewed		unreviewed		unreviewed		unreviewed				needs_evidence	continue_audit	Audited against the current repository; this active provider-typed operation has no connected Rust bridge or typed provider surface in this release.
Binance	Crypto Loan REST	Http	GET	/sapi/v2/loan/flexible/repay/history	getFlexibleLoanRepaymentHistory	documented_active	provider_typed	general_adapter_or_provider	not_applicable		not_connected		Unlinked	unreviewed		unreviewed		unreviewed		unreviewed		unreviewed		unreviewed				needs_evidence	continue_audit	Audited against the current repository; this active provider-typed operation has no connected Rust bridge or typed provider surface in this release.
Binance	Crypto Loan REST	Http	GET	/sapi/v2/loan/flexible/repay/rate	checkCollateralRepayRate	documented_active	provider_typed	general_adapter_or_provider	not_applicable		not_connected		Unlinked	unreviewed		unreviewed		unreviewed		unreviewed		unreviewed		unreviewed				needs_evidence	continue_audit	Audited against the current repository; this active provider-typed operation has no connected Rust bridge or typed provider surface in this release.
Binance	Crypto Loan REST	Http	GET	/sapi/v2/loan/interestRateHistory	getFlexibleLoanInterestRateHistory	documented_active	provider_typed	general_adapter_or_provider	not_applicable		not_connected		Unlinked	unreviewed		unreviewed		unreviewed		unreviewed		unreviewed		unreviewed				needs_evidence	continue_audit	Audited against the current repository; this active provider-typed operation has no connected Rust bridge or typed provider surface in this release.
Binance	Crypto Loan REST	Http	POST	/sapi/v2/loan/flexible/adjust/ltv	flexibleLoanAdjustLtv	documented_active	provider_typed	general_adapter_or_provider	not_applicable		not_connected		Unlinked	unreviewed		unreviewed		unreviewed		unreviewed		unreviewed		unreviewed				needs_evidence	continue_audit	Audited against the current repository; this active provider-typed operation has no connected Rust bridge or typed provider surface in this release.
Binance	Crypto Loan REST	Http	POST	/sapi/v2/loan/flexible/borrow	flexibleLoanBorrow	documented_active	provider_typed	general_adapter_or_provider	not_applicable		not_connected		Unlinked	unreviewed		unreviewed		unreviewed		unreviewed		unreviewed		unreviewed				needs_evidence	continue_audit	Audited against the current repository; this active provider-typed operation has no connected Rust bridge or typed provider surface in this release.
Binance	Crypto Loan REST	Http	POST	/sapi/v2/loan/flexible/repay	flexibleLoanRepay	documented_active	provider_typed	general_adapter_or_provider	not_applicable		not_connected		Unlinked	unreviewed		unreviewed		unreviewed		unreviewed		unreviewed		unreviewed				needs_evidence	continue_audit	Audited against the current repository; this active provider-typed operation has no connected Rust bridge or typed provider surface in this release.
Binance	Discount Buy REST	Http	GET	/sapi/v1/accumulator/product/list	getDiscountBuyProductList	documented_active	provider_typed	general_adapter_or_provider	not_applicable		not_connected		Unlinked	unreviewed		unreviewed		unreviewed		unreviewed		unreviewed		unreviewed				needs_evidence	continue_audit	Audited against the current repository; this active provider-typed operation has no connected Rust bridge or typed provider surface in this release.
Binance	Discount Buy REST	Http	GET	/sapi/v1/accumulator/product/position/list	getDiscountBuyPositions	documented_active	provider_typed	general_adapter_or_provider	not_applicable		not_connected		Unlinked	unreviewed		unreviewed		unreviewed		unreviewed		unreviewed		unreviewed				needs_evidence	continue_audit	Audited against the current repository; this active provider-typed operation has no connected Rust bridge or typed provider surface in this release.
Binance	Discount Buy REST	Http	GET	/sapi/v1/accumulator/product/sum-holding	checkDiscountBuyAccounts	documented_active	provider_typed	general_adapter_or_provider	not_applicable		not_connected		Unlinked	unreviewed		unreviewed		unreviewed		unreviewed		unreviewed		unreviewed				needs_evidence	continue_audit	Audited against the current repository; this active provider-typed operation has no connected Rust bridge or typed provider surface in this release.
Binance	Discount Buy REST	Http	POST	/sapi/v1/accumulator/product/subscribe	subscribeDiscountBuyProducts	documented_active	provider_typed	general_adapter_or_provider	not_applicable		not_connected		Unlinked	unreviewed		unreviewed		unreviewed		unreviewed		unreviewed		unreviewed				needs_evidence	continue_audit	Audited against the current repository; this active provider-typed operation has no connected Rust bridge or typed provider surface in this release.
Binance	Dual Investment REST	Http	GET	/sapi/v1/dci/product/accounts	checkDualInvestmentAccounts	documented_active	provider_typed	general_adapter_or_provider	not_applicable		not_connected		Unlinked	unreviewed		unreviewed		unreviewed		unreviewed		unreviewed		unreviewed				needs_evidence	continue_audit	Audited against the current repository; this active provider-typed operation has no connected Rust bridge or typed provider surface in this release.
Binance	Dual Investment REST	Http	GET	/sapi/v1/dci/product/list	getDualInvestmentProductList	documented_active	provider_typed	general_adapter_or_provider	not_applicable		not_connected		Unlinked	unreviewed		unreviewed		unreviewed		unreviewed		unreviewed		unreviewed				needs_evidence	continue_audit	Audited against the current repository; this active provider-typed operation has no connected Rust bridge or typed provider surface in this release.
Binance	Dual Investment REST	Http	GET	/sapi/v1/dci/product/positions	getDualInvestmentPositions	documented_active	provider_typed	general_adapter_or_provider	not_applicable		not_connected		Unlinked	unreviewed		unreviewed		unreviewed		unreviewed		unreviewed		unreviewed				needs_evidence	continue_audit	Audited against the current repository; this active provider-typed operation has no connected Rust bridge or typed provider surface in this release.
Binance	Dual Investment REST	Http	POST	/sapi/v1/dci/product/auto_compound/edit-status	changeAutoCompoundStatus	documented_active	provider_typed	general_adapter_or_provider	not_applicable		not_connected		Unlinked	unreviewed		unreviewed		unreviewed		unreviewed		unreviewed		unreviewed				needs_evidence	continue_audit	Audited against the current repository; this active provider-typed operation has no connected Rust bridge or typed provider surface in this release.
Binance	Dual Investment REST	Http	POST	/sapi/v1/dci/product/subscribe	subscribeDualInvestmentProducts	documented_active	provider_typed	general_adapter_or_provider	not_applicable		not_connected		Unlinked	unreviewed		unreviewed		unreviewed		unreviewed		unreviewed		unreviewed				needs_evidence	continue_audit	Audited against the current repository; this active provider-typed operation has no connected Rust bridge or typed provider surface in this release.
Binance	Fiat REST	Http	GET	/sapi/v1/fiat/get-order-detail	getOrderDetail	documented_active	provider_typed	general_adapter_or_provider	not_applicable		not_connected		Unlinked	unreviewed		unreviewed		unreviewed		unreviewed		unreviewed		unreviewed				needs_evidence	continue_audit	Audited against the current repository; this active provider-typed operation has no connected Rust bridge or typed provider surface in this release.
Binance	Fiat REST	Http	GET	/sapi/v1/fiat/orders	getFiatDepositWithdrawHistory	documented_active	provider_typed	general_adapter_or_provider	not_applicable		not_connected		Unlinked	unreviewed		unreviewed		unreviewed		unreviewed		unreviewed		unreviewed				needs_evidence	continue_audit	Audited against the current repository; this active provider-typed operation has no connected Rust bridge or typed provider surface in this release.
Binance	Fiat REST	Http	GET	/sapi/v1/fiat/payments	getFiatPaymentsHistory	documented_active	provider_typed	general_adapter_or_provider	not_applicable		not_connected		Unlinked	unreviewed		unreviewed		unreviewed		unreviewed		unreviewed		unreviewed				needs_evidence	continue_audit	Audited against the current repository; this active provider-typed operation has no connected Rust bridge or typed provider surface in this release.
Binance	Fiat REST	Http	POST	/sapi/v1/fiat/deposit	deposit	documented_active	provider_typed	general_adapter_or_provider	not_applicable		not_connected		Unlinked	unreviewed		unreviewed		unreviewed		unreviewed		unreviewed		unreviewed				needs_evidence	continue_audit	Audited against the current repository; this active provider-typed operation has no connected Rust bridge or typed provider surface in this release.
Binance	Fiat REST	Http	POST	/sapi/v2/fiat/withdraw	fiatWithdraw	documented_active	provider_typed	general_adapter_or_provider	not_applicable		not_connected		Unlinked	unreviewed		unreviewed		unreviewed		unreviewed		unreviewed		unreviewed				needs_evidence	continue_audit	Audited against the current repository; this active provider-typed operation has no connected Rust bridge or typed provider surface in this release.
Binance	Futures (COIN-M) REST	Http	DELETE	/dapi/v1/allOpenOrders	cancelAllOpenOrders	documented_active	provider_typed	general_adapter_or_provider	not_applicable		not_connected		Unlinked	unreviewed		unreviewed		unreviewed		unreviewed		unreviewed		unreviewed				needs_evidence	continue_audit	Audited against the current repository; this active provider-typed operation has no connected Rust bridge or typed provider surface in this release.
Binance	Futures (COIN-M) REST	Http	DELETE	/dapi/v1/batchOrders	cancelMultipleOrders	documented_active	provider_typed	general_adapter_or_provider	not_applicable		not_connected		Unlinked	unreviewed		unreviewed		unreviewed		unreviewed		unreviewed		unreviewed				needs_evidence	continue_audit	Audited against the current repository; this active provider-typed operation has no connected Rust bridge or typed provider surface in this release.
Binance	Futures (COIN-M) REST	Http	DELETE	/dapi/v1/listenKey	closeUserDataStream	documented_active	provider_typed	general_adapter_or_provider	not_applicable		not_connected		Unlinked	unreviewed		unreviewed		unreviewed		unreviewed		unreviewed		unreviewed				needs_evidence	continue_audit	Audited against the current repository; this active provider-typed operation has no connected Rust bridge or typed provider surface in this release.
Binance	Futures (COIN-M) REST	Http	DELETE	/dapi/v1/order	cancelOrder	documented_active	provider_typed	general_adapter_or_provider	not_applicable		not_connected		Unlinked	unreviewed		unreviewed		unreviewed		unreviewed		unreviewed		unreviewed				needs_evidence	continue_audit	Audited against the current repository; this active provider-typed operation has no connected Rust bridge or typed provider surface in this release.
Binance	Futures (COIN-M) REST	Http	GET	/dapi/v1/account	accountInformation	documented_active	provider_typed	general_adapter_or_provider	not_applicable		not_connected		Unlinked	unreviewed		unreviewed		unreviewed		unreviewed		unreviewed		unreviewed				needs_evidence	continue_audit	Audited against the current repository; this active provider-typed operation has no connected Rust bridge or typed provider surface in this release.
Binance	Futures (COIN-M) REST	Http	GET	/dapi/v1/adlQuantile	positionAdlQuantileEstimation	documented_active	provider_typed	general_adapter_or_provider	not_applicable		not_connected		Unlinked	unreviewed		unreviewed		unreviewed		unreviewed		unreviewed		unreviewed				needs_evidence	continue_audit	Audited against the current repository; this active provider-typed operation has no connected Rust bridge or typed provider surface in this release.
Binance	Futures (COIN-M) REST	Http	GET	/dapi/v1/aggTrades	compressedAggregateTradesList	documented_active	provider_typed	general_adapter_or_provider	not_applicable		not_connected		Unlinked	unreviewed		unreviewed		unreviewed		unreviewed		unreviewed		unreviewed				needs_evidence	continue_audit	Audited against the current repository; this active provider-typed operation has no connected Rust bridge or typed provider surface in this release.
Binance	Futures (COIN-M) REST	Http	GET	/dapi/v1/allOrders	allOrders	documented_active	provider_typed	general_adapter_or_provider	not_applicable		not_connected		Unlinked	unreviewed		unreviewed		unreviewed		unreviewed		unreviewed		unreviewed				needs_evidence	continue_audit	Audited against the current repository; this active provider-typed operation has no connected Rust bridge or typed provider surface in this release.
Binance	Futures (COIN-M) REST	Http	GET	/dapi/v1/balance	futuresAccountBalance	documented_active	provider_typed	general_adapter_or_provider	not_applicable		not_connected		Unlinked	unreviewed		unreviewed		unreviewed		unreviewed		unreviewed		unreviewed				needs_evidence	continue_audit	Audited against the current repository; this active provider-typed operation has no connected Rust bridge or typed provider surface in this release.
Binance	Futures (COIN-M) REST	Http	GET	/dapi/v1/commissionRate	userCommissionRate	documented_active	provider_typed	general_adapter_or_provider	not_applicable		not_connected		Unlinked	unreviewed		unreviewed		unreviewed		unreviewed		unreviewed		unreviewed				needs_evidence	continue_audit	Audited against the current repository; this active provider-typed operation has no connected Rust bridge or typed provider surface in this release.
Binance	Futures (COIN-M) REST	Http	GET	/dapi/v1/constituents	queryIndexPriceConstituents	documented_active	provider_typed	general_adapter_or_provider	not_applicable		not_connected		Unlinked	unreviewed		unreviewed		unreviewed		unreviewed		unreviewed		unreviewed				needs_evidence	continue_audit	Audited against the current repository; this active provider-typed operation has no connected Rust bridge or typed provider surface in this release.
Binance	Futures (COIN-M) REST	Http	GET	/dapi/v1/continuousKlines	continuousContractKlineCandlestickData	documented_active	provider_typed	general_adapter_or_provider	not_applicable		not_connected		Unlinked	unreviewed		unreviewed		unreviewed		unreviewed		unreviewed		unreviewed				needs_evidence	continue_audit	Audited against the current repository; this active provider-typed operation has no connected Rust bridge or typed provider surface in this release.
Binance	Futures (COIN-M) REST	Http	GET	/dapi/v1/depth	orderBook	documented_active	provider_typed	general_adapter_or_provider	not_applicable		not_connected		Unlinked	unreviewed		unreviewed		unreviewed		unreviewed		unreviewed		unreviewed				needs_evidence	continue_audit	Audited against the current repository; this active provider-typed operation has no connected Rust bridge or typed provider surface in this release.
Binance	Futures (COIN-M) REST	Http	GET	/dapi/v1/exchangeInfo	exchangeInformation	documented_active	provider_typed	general_adapter_or_provider	not_applicable		not_connected		Unlinked	unreviewed		unreviewed		unreviewed		unreviewed		unreviewed		unreviewed				needs_evidence	continue_audit	Audited against the current repository; this active provider-typed operation has no connected Rust bridge or typed provider surface in this release.
Binance	Futures (COIN-M) REST	Http	GET	/dapi/v1/forceOrders	usersForceOrders	documented_active	provider_typed	general_adapter_or_provider	not_applicable		not_connected		Unlinked	unreviewed		unreviewed		unreviewed		unreviewed		unreviewed		unreviewed				needs_evidence	continue_audit	Audited against the current repository; this active provider-typed operation has no connected Rust bridge or typed provider surface in this release.
Binance	Futures (COIN-M) REST	Http	GET	/dapi/v1/fundingInfo	getFundingRateInfo	documented_active	provider_typed	general_adapter_or_provider	not_applicable		not_connected		Unlinked	unreviewed		unreviewed		unreviewed		unreviewed		unreviewed		unreviewed				needs_evidence	continue_audit	Audited against the current repository; this active provider-typed operation has no connected Rust bridge or typed provider surface in this release.
Binance	Futures (COIN-M) REST	Http	GET	/dapi/v1/fundingRate	getFundingRateHistoryOfPerpetualFutures	documented_active	provider_typed	general_adapter_or_provider	not_applicable		not_connected		Unlinked	unreviewed		unreviewed		unreviewed		unreviewed		unreviewed		unreviewed				needs_evidence	continue_audit	Audited against the current repository; this active provider-typed operation has no connected Rust bridge or typed provider surface in this release.
Binance	Futures (COIN-M) REST	Http	GET	/dapi/v1/historicalTrades	oldTradesLookup	documented_active	provider_typed	general_adapter_or_provider	not_applicable		not_connected		Unlinked	unreviewed		unreviewed		unreviewed		unreviewed		unreviewed		unreviewed				needs_evidence	continue_audit	Audited against the current repository; this active provider-typed operation has no connected Rust bridge or typed provider surface in this release.
Binance	Futures (COIN-M) REST	Http	GET	/dapi/v1/income	getIncomeHistory	documented_active	provider_typed	general_adapter_or_provider	not_applicable		not_connected		Unlinked	unreviewed		unreviewed		unreviewed		unreviewed		unreviewed		unreviewed				needs_evidence	continue_audit	Audited against the current repository; this active provider-typed operation has no connected Rust bridge or typed provider surface in this release.
Binance	Futures (COIN-M) REST	Http	GET	/dapi/v1/income/asyn	getDownloadIdForFuturesTransactionHistory	documented_active	provider_typed	general_adapter_or_provider	not_applicable		not_connected		Unlinked	unreviewed		unreviewed		unreviewed		unreviewed		unreviewed		unreviewed				needs_evidence	continue_audit	Audited against the current repository; this active provider-typed operation has no connected Rust bridge or typed provider surface in this release.
Binance	Futures (COIN-M) REST	Http	GET	/dapi/v1/income/asyn/id	getFuturesTransactionHistoryDownloadLinkById	documented_active	provider_typed	general_adapter_or_provider	not_applicable		not_connected		Unlinked	unreviewed		unreviewed		unreviewed		unreviewed		unreviewed		unreviewed				needs_evidence	continue_audit	Audited against the current repository; this active provider-typed operation has no connected Rust bridge or typed provider surface in this release.
Binance	Futures (COIN-M) REST	Http	GET	/dapi/v1/indexPriceKlines	indexPriceKlineCandlestickData	documented_active	provider_typed	general_adapter_or_provider	not_applicable		not_connected		Unlinked	unreviewed		unreviewed		unreviewed		unreviewed		unreviewed		unreviewed				needs_evidence	continue_audit	Audited against the current repository; this active provider-typed operation has no connected Rust bridge or typed provider surface in this release.
Binance	Futures (COIN-M) REST	Http	GET	/dapi/v1/klines	klineCandlestickData	documented_active	provider_typed	general_adapter_or_provider	not_applicable		not_connected		Unlinked	unreviewed		unreviewed		unreviewed		unreviewed		unreviewed		unreviewed				needs_evidence	continue_audit	Audited against the current repository; this active provider-typed operation has no connected Rust bridge or typed provider surface in this release.
Binance	Futures (COIN-M) REST	Http	GET	/dapi/v1/leverageBracket	notionalBracketForPair	documented_active	provider_typed	general_adapter_or_provider	not_applicable		not_connected		Unlinked	unreviewed		unreviewed		unreviewed		unreviewed		unreviewed		unreviewed				needs_evidence	continue_audit	Audited against the current repository; this active provider-typed operation has no connected Rust bridge or typed provider surface in this release.
Binance	Futures (COIN-M) REST	Http	GET	/dapi/v1/markPriceKlines	markPriceKlineCandlestickData	documented_active	provider_typed	general_adapter_or_provider	not_applicable		not_connected		Unlinked	unreviewed		unreviewed		unreviewed		unreviewed		unreviewed		unreviewed				needs_evidence	continue_audit	Audited against the current repository; this active provider-typed operation has no connected Rust bridge or typed provider surface in this release.
Binance	Futures (COIN-M) REST	Http	GET	/dapi/v1/openInterest	openInterest	documented_active	provider_typed	general_adapter_or_provider	not_applicable		not_connected		Unlinked	unreviewed		unreviewed		unreviewed		unreviewed		unreviewed		unreviewed				needs_evidence	continue_audit	Audited against the current repository; this active provider-typed operation has no connected Rust bridge or typed provider surface in this release.
Binance	Futures (COIN-M) REST	Http	GET	/dapi/v1/openOrder	queryCurrentOpenOrder	documented_active	provider_typed	general_adapter_or_provider	not_applicable		not_connected		Unlinked	unreviewed		unreviewed		unreviewed		unreviewed		unreviewed		unreviewed				needs_evidence	continue_audit	Audited against the current repository; this active provider-typed operation has no connected Rust bridge or typed provider surface in this release.
Binance	Futures (COIN-M) REST	Http	GET	/dapi/v1/openOrders	currentAllOpenOrders	documented_active	provider_typed	general_adapter_or_provider	not_applicable		not_connected		Unlinked	unreviewed		unreviewed		unreviewed		unreviewed		unreviewed		unreviewed				needs_evidence	continue_audit	Audited against the current repository; this active provider-typed operation has no connected Rust bridge or typed provider surface in this release.
Binance	Futures (COIN-M) REST	Http	GET	/dapi/v1/order	queryOrder	documented_active	provider_typed	general_adapter_or_provider	not_applicable		not_connected		Unlinked	unreviewed		unreviewed		unreviewed		unreviewed		unreviewed		unreviewed				needs_evidence	continue_audit	Audited against the current repository; this active provider-typed operation has no connected Rust bridge or typed provider surface in this release.
Binance	Futures (COIN-M) REST	Http	GET	/dapi/v1/order/asyn	getDownloadIdForFuturesOrderHistory	documented_active	provider_typed	general_adapter_or_provider	not_applicable		not_connected		Unlinked	unreviewed		unreviewed		unreviewed		unreviewed		unreviewed		unreviewed				needs_evidence	continue_audit	Audited against the current repository; this active provider-typed operation has no connected Rust bridge or typed provider surface in this release.
Binance	Futures (COIN-M) REST	Http	GET	/dapi/v1/order/asyn/id	getFuturesOrderHistoryDownloadLinkById	documented_active	provider_typed	general_adapter_or_provider	not_applicable		not_connected		Unlinked	unreviewed		unreviewed		unreviewed		unreviewed		unreviewed		unreviewed				needs_evidence	continue_audit	Audited against the current repository; this active provider-typed operation has no connected Rust bridge or typed provider surface in this release.
Binance	Futures (COIN-M) REST	Http	GET	/dapi/v1/orderAmendment	getOrderModifyHistory	documented_active	provider_typed	general_adapter_or_provider	not_applicable		not_connected		Unlinked	unreviewed		unreviewed		unreviewed		unreviewed		unreviewed		unreviewed				needs_evidence	continue_audit	Audited against the current repository; this active provider-typed operation has no connected Rust bridge or typed provider surface in this release.
Binance	Futures (COIN-M) REST	Http	GET	/dapi/v1/ping	testConnectivity	documented_active	provider_typed	general_adapter_or_provider	not_applicable		not_connected		Unlinked	unreviewed		unreviewed		unreviewed		unreviewed		unreviewed		unreviewed				needs_evidence	continue_audit	Audited against the current repository; this active provider-typed operation has no connected Rust bridge or typed provider surface in this release.
Binance	Futures (COIN-M) REST	Http	GET	/dapi/v1/positionMargin/history	getPositionMarginChangeHistory	documented_active	provider_typed	general_adapter_or_provider	not_applicable		not_connected		Unlinked	unreviewed		unreviewed		unreviewed		unreviewed		unreviewed		unreviewed				needs_evidence	continue_audit	Audited against the current repository; this active provider-typed operation has no connected Rust bridge or typed provider surface in this release.
Binance	Futures (COIN-M) REST	Http	GET	/dapi/v1/positionRisk	positionInformation	documented_active	provider_typed	general_adapter_or_provider	not_applicable		not_connected		Unlinked	unreviewed		unreviewed		unreviewed		unreviewed		unreviewed		unreviewed				needs_evidence	continue_audit	Audited against the current repository; this active provider-typed operation has no connected Rust bridge or typed provider surface in this release.
Binance	Futures (COIN-M) REST	Http	GET	/dapi/v1/positionSide/dual	getCurrentPositionMode	documented_active	provider_typed	general_adapter_or_provider	not_applicable		not_connected		Unlinked	unreviewed		unreviewed		unreviewed		unreviewed		unreviewed		unreviewed				needs_evidence	continue_audit	Audited against the current repository; this active provider-typed operation has no connected Rust bridge or typed provider surface in this release.
Binance	Futures (COIN-M) REST	Http	GET	/dapi/v1/premiumIndex	indexPriceAndMarkPrice	documented_active	provider_typed	general_adapter_or_provider	not_applicable		not_connected		Unlinked	unreviewed		unreviewed		unreviewed		unreviewed		unreviewed		unreviewed				needs_evidence	continue_audit	Audited against the current repository; this active provider-typed operation has no connected Rust bridge or typed provider surface in this release.
Binance	Futures (COIN-M) REST	Http	GET	/dapi/v1/premiumIndexKlines	premiumIndexKlineData	documented_active	provider_typed	general_adapter_or_provider	not_applicable		not_connected		Unlinked	unreviewed		unreviewed		unreviewed		unreviewed		unreviewed		unreviewed				needs_evidence	continue_audit	Audited against the current repository; this active provider-typed operation has no connected Rust bridge or typed provider surface in this release.
Binance	Futures (COIN-M) REST	Http	GET	/dapi/v1/ticker/24hr	ticker24hrPriceChangeStatistics	documented_active	provider_typed	general_adapter_or_provider	not_applicable		not_connected		Unlinked	unreviewed		unreviewed		unreviewed		unreviewed		unreviewed		unreviewed				needs_evidence	continue_audit	Audited against the current repository; this active provider-typed operation has no connected Rust bridge or typed provider surface in this release.
Binance	Futures (COIN-M) REST	Http	GET	/dapi/v1/ticker/bookTicker	symbolOrderBookTicker	documented_active	provider_typed	general_adapter_or_provider	not_applicable		not_connected		Unlinked	unreviewed		unreviewed		unreviewed		unreviewed		unreviewed		unreviewed				needs_evidence	continue_audit	Audited against the current repository; this active provider-typed operation has no connected Rust bridge or typed provider surface in this release.
Binance	Futures (COIN-M) REST	Http	GET	/dapi/v1/ticker/price	symbolPriceTicker	documented_active	provider_typed	general_adapter_or_provider	not_applicable		not_connected		Unlinked	unreviewed		unreviewed		unreviewed		unreviewed		unreviewed		unreviewed				needs_evidence	continue_audit	Audited against the current repository; this active provider-typed operation has no connected Rust bridge or typed provider surface in this release.
Binance	Futures (COIN-M) REST	Http	GET	/dapi/v1/time	checkServerTime	documented_active	provider_typed	general_adapter_or_provider	not_applicable		not_connected		Unlinked	unreviewed		unreviewed		unreviewed		unreviewed		unreviewed		unreviewed				needs_evidence	continue_audit	Audited against the current repository; this active provider-typed operation has no connected Rust bridge or typed provider surface in this release.
Binance	Futures (COIN-M) REST	Http	GET	/dapi/v1/trade/asyn	getDownloadIdForFuturesTradeHistory	documented_active	provider_typed	general_adapter_or_provider	not_applicable		not_connected		Unlinked	unreviewed		unreviewed		unreviewed		unreviewed		unreviewed		unreviewed				needs_evidence	continue_audit	Audited against the current repository; this active provider-typed operation has no connected Rust bridge or typed provider surface in this release.
Binance	Futures (COIN-M) REST	Http	GET	/dapi/v1/trade/asyn/id	getFuturesTradeDownloadLinkById	documented_active	provider_typed	general_adapter_or_provider	not_applicable		not_connected		Unlinked	unreviewed		unreviewed		unreviewed		unreviewed		unreviewed		unreviewed				needs_evidence	continue_audit	Audited against the current repository; this active provider-typed operation has no connected Rust bridge or typed provider surface in this release.
Binance	Futures (COIN-M) REST	Http	GET	/dapi/v1/trades	recentTradesList	documented_active	provider_typed	general_adapter_or_provider	not_applicable		not_connected		Unlinked	unreviewed		unreviewed		unreviewed		unreviewed		unreviewed		unreviewed				needs_evidence	continue_audit	Audited against the current repository; this active provider-typed operation has no connected Rust bridge or typed provider surface in this release.
Binance	Futures (COIN-M) REST	Http	GET	/dapi/v1/userTrades	accountTradeList	documented_active	provider_typed	general_adapter_or_provider	not_applicable		not_connected		Unlinked	unreviewed		unreviewed		unreviewed		unreviewed		unreviewed		unreviewed				needs_evidence	continue_audit	Audited against the current repository; this active provider-typed operation has no connected Rust bridge or typed provider surface in this release.
Binance	Futures (COIN-M) REST	Http	GET	/dapi/v2/leverageBracket	notionalBracketForSymbol	documented_active	provider_typed	general_adapter_or_provider	not_applicable		not_connected		Unlinked	unreviewed		unreviewed		unreviewed		unreviewed		unreviewed		unreviewed				needs_evidence	continue_audit	Audited against the current repository; this active provider-typed operation has no connected Rust bridge or typed provider surface in this release.
Binance	Futures (COIN-M) REST	Http	GET	/futures/data/basis	basis	documented_active	provider_typed	general_adapter_or_provider	not_applicable		not_connected		Unlinked	unreviewed		unreviewed		unreviewed		unreviewed		unreviewed		unreviewed				needs_evidence	continue_audit	Audited against the current repository; this active provider-typed operation has no connected Rust bridge or typed provider surface in this release.
Binance	Futures (COIN-M) REST	Http	GET	/futures/data/globalLongShortAccountRatio	longShortRatio	documented_active	provider_typed	general_adapter_or_provider	not_applicable		not_connected		Unlinked	unreviewed		unreviewed		unreviewed		unreviewed		unreviewed		unreviewed				needs_evidence	continue_audit	Audited against the current repository; this active provider-typed operation has no connected Rust bridge or typed provider surface in this release.
Binance	Futures (COIN-M) REST	Http	GET	/futures/data/openInterestHist	openInterestStatistics	documented_active	provider_typed	general_adapter_or_provider	not_applicable		not_connected		Unlinked	unreviewed		unreviewed		unreviewed		unreviewed		unreviewed		unreviewed				needs_evidence	continue_audit	Audited against the current repository; this active provider-typed operation has no connected Rust bridge or typed provider surface in this release.
Binance	Futures (COIN-M) REST	Http	GET	/futures/data/takerBuySellVol	takerBuySellVolume	documented_active	provider_typed	general_adapter_or_provider	not_applicable		not_connected		Unlinked	unreviewed		unreviewed		unreviewed		unreviewed		unreviewed		unreviewed				needs_evidence	continue_audit	Audited against the current repository; this active provider-typed operation has no connected Rust bridge or typed provider surface in this release.
Binance	Futures (COIN-M) REST	Http	GET	/futures/data/topLongShortAccountRatio	topTraderLongShortRatioAccounts	documented_active	provider_typed	general_adapter_or_provider	not_applicable		not_connected		Unlinked	unreviewed		unreviewed		unreviewed		unreviewed		unreviewed		unreviewed				needs_evidence	continue_audit	Audited against the current repository; this active provider-typed operation has no connected Rust bridge or typed provider surface in this release.
Binance	Futures (COIN-M) REST	Http	GET	/futures/data/topLongShortPositionRatio	topTraderLongShortRatioPositions	documented_active	provider_typed	general_adapter_or_provider	not_applicable		not_connected		Unlinked	unreviewed		unreviewed		unreviewed		unreviewed		unreviewed		unreviewed				needs_evidence	continue_audit	Audited against the current repository; this active provider-typed operation has no connected Rust bridge or typed provider surface in this release.
Binance	Futures (COIN-M) REST	Http	POST	/dapi/v1/batchOrders	placeMultipleOrders	documented_active	provider_typed	general_adapter_or_provider	not_applicable		not_connected		Unlinked	unreviewed		unreviewed		unreviewed		unreviewed		unreviewed		unreviewed				needs_evidence	continue_audit	Audited against the current repository; this active provider-typed operation has no connected Rust bridge or typed provider surface in this release.
Binance	Futures (COIN-M) REST	Http	POST	/dapi/v1/countdownCancelAll	autoCancelAllOpenOrders	documented_active	provider_typed	general_adapter_or_provider	not_applicable		not_connected		Unlinked	unreviewed		unreviewed		unreviewed		unreviewed		unreviewed		unreviewed				needs_evidence	continue_audit	Audited against the current repository; this active provider-typed operation has no connected Rust bridge or typed provider surface in this release.
Binance	Futures (COIN-M) REST	Http	POST	/dapi/v1/leverage	changeInitialLeverage	documented_active	provider_typed	general_adapter_or_provider	not_applicable		not_connected		Unlinked	unreviewed		unreviewed		unreviewed		unreviewed		unreviewed		unreviewed				needs_evidence	continue_audit	Audited against the current repository; this active provider-typed operation has no connected Rust bridge or typed provider surface in this release.
Binance	Futures (COIN-M) REST	Http	POST	/dapi/v1/listenKey	startUserDataStream	documented_active	provider_typed	general_adapter_or_provider	not_applicable		not_connected		Unlinked	unreviewed		unreviewed		unreviewed		unreviewed		unreviewed		unreviewed				needs_evidence	continue_audit	Audited against the current repository; this active provider-typed operation has no connected Rust bridge or typed provider surface in this release.
Binance	Futures (COIN-M) REST	Http	POST	/dapi/v1/marginType	changeMarginType	documented_active	provider_typed	general_adapter_or_provider	not_applicable		not_connected		Unlinked	unreviewed		unreviewed		unreviewed		unreviewed		unreviewed		unreviewed				needs_evidence	continue_audit	Audited against the current repository; this active provider-typed operation has no connected Rust bridge or typed provider surface in this release.
Binance	Futures (COIN-M) REST	Http	POST	/dapi/v1/order	newOrder	documented_active	provider_typed	general_adapter_or_provider	not_applicable		not_connected		Unlinked	unreviewed		unreviewed		unreviewed		unreviewed		unreviewed		unreviewed				needs_evidence	continue_audit	Audited against the current repository; this active provider-typed operation has no connected Rust bridge or typed provider surface in this release.
Binance	Futures (COIN-M) REST	Http	POST	/dapi/v1/positionMargin	modifyIsolatedPositionMargin	documented_active	provider_typed	general_adapter_or_provider	not_applicable		not_connected		Unlinked	unreviewed		unreviewed		unreviewed		unreviewed		unreviewed		unreviewed				needs_evidence	continue_audit	Audited against the current repository; this active provider-typed operation has no connected Rust bridge or typed provider surface in this release.
Binance	Futures (COIN-M) REST	Http	POST	/dapi/v1/positionSide/dual	changePositionMode	documented_active	provider_typed	general_adapter_or_provider	not_applicable		not_connected		Unlinked	unreviewed		unreviewed		unreviewed		unreviewed		unreviewed		unreviewed				needs_evidence	continue_audit	Audited against the current repository; this active provider-typed operation has no connected Rust bridge or typed provider surface in this release.
Binance	Futures (COIN-M) REST	Http	PUT	/dapi/v1/batchOrders	modifyMultipleOrders	documented_active	provider_typed	general_adapter_or_provider	not_applicable		not_connected		Unlinked	unreviewed		unreviewed		unreviewed		unreviewed		unreviewed		unreviewed				needs_evidence	continue_audit	Audited against the current repository; this active provider-typed operation has no connected Rust bridge or typed provider surface in this release.
Binance	Futures (COIN-M) REST	Http	PUT	/dapi/v1/listenKey	keepaliveUserDataStream	documented_active	provider_typed	general_adapter_or_provider	not_applicable		not_connected		Unlinked	unreviewed		unreviewed		unreviewed		unreviewed		unreviewed		unreviewed				needs_evidence	continue_audit	Audited against the current repository; this active provider-typed operation has no connected Rust bridge or typed provider surface in this release.
Binance	Futures (COIN-M) REST	Http	PUT	/dapi/v1/order	modifyOrder	documented_active	provider_typed	general_adapter_or_provider	not_applicable		not_connected		Unlinked	unreviewed		unreviewed		unreviewed		unreviewed		unreviewed		unreviewed				needs_evidence	continue_audit	Audited against the current repository; this active provider-typed operation has no connected Rust bridge or typed provider surface in this release.
Binance	Futures (COIN-M) WebSocket	WebSocketRequest	POST	/account.balance	futuresAccountBalance	documented_active	provider_typed	general_adapter_or_provider	not_applicable		not_connected		Unlinked	unreviewed		unreviewed		unreviewed		unreviewed		unreviewed		unreviewed				needs_evidence	continue_audit	Audited against the current repository; this active provider-typed operation has no connected Rust bridge or typed provider surface in this release.
Binance	Futures (COIN-M) WebSocket	WebSocketRequest	POST	/account.position	positionInformation	documented_active	provider_typed	general_adapter_or_provider	not_applicable		not_connected		Unlinked	unreviewed		unreviewed		unreviewed		unreviewed		unreviewed		unreviewed				needs_evidence	continue_audit	Audited against the current repository; this active provider-typed operation has no connected Rust bridge or typed provider surface in this release.
Binance	Futures (COIN-M) WebSocket	WebSocketRequest	POST	/account.status	accountInformation	documented_active	provider_typed	general_adapter_or_provider	not_applicable		not_connected		Unlinked	unreviewed		unreviewed		unreviewed		unreviewed		unreviewed		unreviewed				needs_evidence	continue_audit	Audited against the current repository; this active provider-typed operation has no connected Rust bridge or typed provider surface in this release.
Binance	Futures (COIN-M) WebSocket	WebSocketRequest	POST	/order.cancel	cancelOrder	documented_active	provider_typed	general_adapter_or_provider	not_applicable		not_connected		Unlinked	unreviewed		unreviewed		unreviewed		unreviewed		unreviewed		unreviewed				needs_evidence	continue_audit	Audited against the current repository; this active provider-typed operation has no connected Rust bridge or typed provider surface in this release.
Binance	Futures (COIN-M) WebSocket	WebSocketRequest	POST	/order.modify	modifyOrder	documented_active	provider_typed	general_adapter_or_provider	not_applicable		not_connected		Unlinked	unreviewed		unreviewed		unreviewed		unreviewed		unreviewed		unreviewed				needs_evidence	continue_audit	Audited against the current repository; this active provider-typed operation has no connected Rust bridge or typed provider surface in this release.
Binance	Futures (COIN-M) WebSocket	WebSocketRequest	POST	/order.place	newOrder	documented_active	provider_typed	general_adapter_or_provider	not_applicable		not_connected		Unlinked	unreviewed		unreviewed		unreviewed		unreviewed		unreviewed		unreviewed				needs_evidence	continue_audit	Audited against the current repository; this active provider-typed operation has no connected Rust bridge or typed provider surface in this release.
Binance	Futures (COIN-M) WebSocket	WebSocketRequest	POST	/order.status	queryOrder	documented_active	provider_typed	general_adapter_or_provider	not_applicable		not_connected		Unlinked	unreviewed		unreviewed		unreviewed		unreviewed		unreviewed		unreviewed				needs_evidence	continue_audit	Audited against the current repository; this active provider-typed operation has no connected Rust bridge or typed provider surface in this release.
Binance	Futures (COIN-M) WebSocket	WebSocketRequest	POST	/userDataStream.ping	keepaliveUserDataStream	documented_active	provider_typed	general_adapter_or_provider	not_applicable		not_connected		Unlinked	unreviewed		unreviewed		unreviewed		unreviewed		unreviewed		unreviewed				needs_evidence	continue_audit	Audited against the current repository; this active provider-typed operation has no connected Rust bridge or typed provider surface in this release.
Binance	Futures (COIN-M) WebSocket	WebSocketRequest	POST	/userDataStream.start	startUserDataStream	documented_active	provider_typed	general_adapter_or_provider	not_applicable		not_connected		Unlinked	unreviewed		unreviewed		unreviewed		unreviewed		unreviewed		unreviewed				needs_evidence	continue_audit	Audited against the current repository; this active provider-typed operation has no connected Rust bridge or typed provider surface in this release.
Binance	Futures (COIN-M) WebSocket	WebSocketRequest	POST	/userDataStream.stop	closeUserDataStream	documented_active	provider_typed	general_adapter_or_provider	not_applicable		not_connected		Unlinked	unreviewed		unreviewed		unreviewed		unreviewed		unreviewed		unreviewed				needs_evidence	continue_audit	Audited against the current repository; this active provider-typed operation has no connected Rust bridge or typed provider surface in this release.
Binance	Futures (COIN-M) WebSocket Market Streams	WebSocketStream	POST	/!bookTicker	allBookTickersStream	documented_active	provider_typed	general_adapter_or_provider	not_applicable		not_connected		Unlinked	unreviewed		unreviewed		unreviewed		unreviewed		unreviewed		unreviewed				needs_evidence	continue_audit	Audited against the current repository; this active provider-typed operation has no connected Rust bridge or typed provider surface in this release.
Binance	Futures (COIN-M) WebSocket Market Streams	WebSocketStream	POST	/!contractInfo	contractInfoStream	documented_active	provider_typed	general_adapter_or_provider	not_applicable		not_connected		Unlinked	unreviewed		unreviewed		unreviewed		unreviewed		unreviewed		unreviewed				needs_evidence	continue_audit	Audited against the current repository; this active provider-typed operation has no connected Rust bridge or typed provider surface in this release.
Binance	Futures (COIN-M) WebSocket Market Streams	WebSocketStream	POST	/!forceOrder@arr	allMarketLiquidationOrderStreams	documented_active	provider_typed	general_adapter_or_provider	not_applicable		not_connected		Unlinked	unreviewed		unreviewed		unreviewed		unreviewed		unreviewed		unreviewed				needs_evidence	continue_audit	Audited against the current repository; this active provider-typed operation has no connected Rust bridge or typed provider surface in this release.
Binance	Futures (COIN-M) WebSocket Market Streams	WebSocketStream	POST	/!miniTicker@arr	allMarketMiniTickersStream	documented_active	provider_typed	general_adapter_or_provider	not_applicable		not_connected		Unlinked	unreviewed		unreviewed		unreviewed		unreviewed		unreviewed		unreviewed				needs_evidence	continue_audit	Audited against the current repository; this active provider-typed operation has no connected Rust bridge or typed provider surface in this release.
Binance	Futures (COIN-M) WebSocket Market Streams	WebSocketStream	POST	/!ticker@arr	allMarketTickersStreams	documented_active	provider_typed	general_adapter_or_provider	not_applicable		not_connected		Unlinked	unreviewed		unreviewed		unreviewed		unreviewed		unreviewed		unreviewed				needs_evidence	continue_audit	Audited against the current repository; this active provider-typed operation has no connected Rust bridge or typed provider surface in this release.
Binance	Futures (COIN-M) WebSocket Market Streams	WebSocketStream	POST	/{pair}@indexPrice@{updateSpeed}	indexPriceStream	documented_active	provider_typed	general_adapter_or_provider	not_applicable		not_connected		Unlinked	unreviewed		unreviewed		unreviewed		unreviewed		unreviewed		unreviewed				needs_evidence	continue_audit	Audited against the current repository; this active provider-typed operation has no connected Rust bridge or typed provider surface in this release.
Binance	Futures (COIN-M) WebSocket Market Streams	WebSocketStream	POST	/{pair}@indexPriceKline_{interval}	indexKlineCandlestickStreams	documented_active	provider_typed	general_adapter_or_provider	not_applicable		not_connected		Unlinked	unreviewed		unreviewed		unreviewed		unreviewed		unreviewed		unreviewed				needs_evidence	continue_audit	Audited against the current repository; this active provider-typed operation has no connected Rust bridge or typed provider surface in this release.
Binance	Futures (COIN-M) WebSocket Market Streams	WebSocketStream	POST	/{pair}@markPrice@{updateSpeed}	markPriceOfAllSymbolsOfAPair	documented_active	provider_typed	general_adapter_or_provider	not_applicable		not_connected		Unlinked	unreviewed		unreviewed		unreviewed		unreviewed		unreviewed		unreviewed				needs_evidence	continue_audit	Audited against the current repository; this active provider-typed operation has no connected Rust bridge or typed provider surface in this release.
Binance	Futures (COIN-M) WebSocket Market Streams	WebSocketStream	POST	/{pair}_{contractType}@continuousKline_{interval}	continuousContractKlineCandlestickStreams	documented_active	provider_typed	general_adapter_or_provider	not_applicable		not_connected		Unlinked	unreviewed		unreviewed		unreviewed		unreviewed		unreviewed		unreviewed				needs_evidence	continue_audit	Audited against the current repository; this active provider-typed operation has no connected Rust bridge or typed provider surface in this release.
Binance	Futures (COIN-M) WebSocket Market Streams	WebSocketStream	POST	/{symbol}@aggTrade	aggregateTradeStreams	documented_active	provider_typed	general_adapter_or_provider	not_applicable		not_connected		Unlinked	unreviewed		unreviewed		unreviewed		unreviewed		unreviewed		unreviewed				needs_design	service_or_contract_decision	The current MarketEvent contract cannot preserve the official stream semantics.
Binance	Futures (COIN-M) WebSocket Market Streams	WebSocketStream	POST	/{symbol}@bookTicker	individualSymbolBookTickerStreams	documented_active	provider_typed	general_adapter_or_provider	not_applicable		not_connected		Unlinked	unreviewed		unreviewed		unreviewed		unreviewed		unreviewed		unreviewed				needs_evidence	continue_audit	Audited against the current repository; this active provider-typed operation has no connected Rust bridge or typed provider surface in this release.
Binance	Futures (COIN-M) WebSocket Market Streams	WebSocketStream	POST	/{symbol}@depth@{updateSpeed}	diffBookDepthStreams	documented_active	provider_typed	general_adapter_or_provider	not_applicable		not_connected		Unlinked	unreviewed		unreviewed		unreviewed		unreviewed		unreviewed		unreviewed				needs_design	service_or_contract_decision	The current MarketEvent contract cannot preserve the official stream semantics.
Binance	Futures (COIN-M) WebSocket Market Streams	WebSocketStream	POST	/{symbol}@depth{levels}@{updateSpeed}	partialBookDepthStreams	documented_active	provider_typed	general_adapter_or_provider	not_applicable		not_connected		Unlinked	unreviewed		unreviewed		unreviewed		unreviewed		unreviewed		unreviewed				needs_evidence	continue_audit	Audited against the current repository; this active provider-typed operation has no connected Rust bridge or typed provider surface in this release.
Binance	Futures (COIN-M) WebSocket Market Streams	WebSocketStream	POST	/{symbol}@forceOrder	marketLiquidationOrderStreams	documented_active	provider_typed	general_adapter_or_provider	not_applicable		not_connected		Unlinked	unreviewed		unreviewed		unreviewed		unreviewed		unreviewed		unreviewed				needs_evidence	continue_audit	Audited against the current repository; this active provider-typed operation has no connected Rust bridge or typed provider surface in this release.
Binance	Futures (COIN-M) WebSocket Market Streams	WebSocketStream	POST	/{symbol}@kline_{interval}	klineCandlestickStreams	documented_active	provider_typed	general_adapter_or_provider	not_applicable		not_connected		Unlinked	unreviewed		unreviewed		unreviewed		unreviewed		unreviewed		unreviewed				needs_evidence	continue_audit	Audited against the current repository; this active provider-typed operation has no connected Rust bridge or typed provider surface in this release.
Binance	Futures (COIN-M) WebSocket Market Streams	WebSocketStream	POST	/{symbol}@markPrice@{updateSpeed}	markPriceStream	documented_active	provider_typed	general_adapter_or_provider	not_applicable		not_connected		Unlinked	unreviewed		unreviewed		unreviewed		unreviewed		unreviewed		unreviewed				needs_evidence	continue_audit	Audited against the current repository; this active provider-typed operation has no connected Rust bridge or typed provider surface in this release.
Binance	Futures (COIN-M) WebSocket Market Streams	WebSocketStream	POST	/{symbol}@markPriceKline_{interval}	markPriceKlineCandlestickStreams	documented_active	provider_typed	general_adapter_or_provider	not_applicable		not_connected		Unlinked	unreviewed		unreviewed		unreviewed		unreviewed		unreviewed		unreviewed				needs_evidence	continue_audit	Audited against the current repository; this active provider-typed operation has no connected Rust bridge or typed provider surface in this release.
Binance	Futures (COIN-M) WebSocket Market Streams	WebSocketStream	POST	/{symbol}@miniTicker	individualSymbolMiniTickerStream	documented_active	provider_typed	general_adapter_or_provider	not_applicable		not_connected		Unlinked	unreviewed		unreviewed		unreviewed		unreviewed		unreviewed		unreviewed				needs_evidence	continue_audit	Audited against the current repository; this active provider-typed operation has no connected Rust bridge or typed provider surface in this release.
Binance	Futures (COIN-M) WebSocket Market Streams	WebSocketStream	POST	/{symbol}@ticker	individualSymbolTickerStreams	documented_active	provider_typed	general_adapter_or_provider	not_applicable		not_connected		Unlinked	unreviewed		unreviewed		unreviewed		unreviewed		unreviewed		unreviewed				needs_evidence	continue_audit	Audited against the current repository; this active provider-typed operation has no connected Rust bridge or typed provider surface in this release.
Binance	Futures (USD-M) REST	Http	DELETE	/fapi/v1/algoOpenOrders	cancelAllAlgoOpenOrders	documented_active	provider_typed	general_adapter_or_provider	not_applicable		not_connected		Unlinked	unreviewed		unreviewed		unreviewed		unreviewed		unreviewed		unreviewed				needs_evidence	continue_audit	Audited against the current repository; this active provider-typed operation has no connected Rust bridge or typed provider surface in this release.
Binance	Futures (USD-M) REST	Http	DELETE	/fapi/v1/algoOrder	cancelAlgoOrder	documented_active	provider_typed	general_adapter_or_provider	not_applicable		not_connected		Unlinked	unreviewed		unreviewed		unreviewed		unreviewed		unreviewed		unreviewed				needs_evidence	continue_audit	Audited against the current repository; this active provider-typed operation has no connected Rust bridge or typed provider surface in this release.
Binance	Futures (USD-M) REST	Http	DELETE	/fapi/v1/allOpenOrders	cancelAllOpenOrders	documented_active	provider_typed	general_adapter_or_provider	not_applicable	usd_m.cancel_all_open_orders	connected	bindings/common/src/coverage.rs::OPERATIONS	Implemented	present	src/adapters/binance/mod.rs:797	present	bindings/common/src/schema.rs::binding_schema	present	bindings/python/python/maxt/_generated_contract.py;bindings/dart/lib/src/generated_contract.dart;bindings/typescript/src/generated/contract.ts	present	bindings/python/python/maxt/adapters.py	present	bindings/dart/lib/src/generated_provider_methods.dart	present	bindings/typescript/src/generated/api.ts	Fixture	cancel_all_open_orders	verified	none	Audited Rust contract, public bindings, and verification evidence are present.
Binance	Futures (USD-M) REST	Http	DELETE	/fapi/v1/batchOrders	cancelMultipleOrders	documented_active	provider_typed	general_adapter_or_provider	not_applicable		not_connected		Unlinked	unreviewed		unreviewed		unreviewed		unreviewed		unreviewed		unreviewed				needs_evidence	continue_audit	Audited against the current repository; this active provider-typed operation has no connected Rust bridge or typed provider surface in this release.
Binance	Futures (USD-M) REST	Http	DELETE	/fapi/v1/listenKey	closeUserDataStream	documented_active	provider_typed	general_adapter_or_provider	not_applicable	usd_m.close_user_data_stream	connected	bindings/common/src/coverage.rs::OPERATIONS	Implemented	present	src/adapters/binance/mod.rs:937	present	bindings/common/src/schema.rs::binding_schema	present	bindings/python/python/maxt/_generated_contract.py;bindings/dart/lib/src/generated_contract.dart;bindings/typescript/src/generated/contract.ts	present	bindings/python/python/maxt/adapters.py	present	bindings/dart/lib/src/generated_provider_methods.dart	present	bindings/typescript/src/generated/api.ts	Fixture	usd_m_close_listen_key	verified	none	Audited Rust contract, public bindings, and verification evidence are present.
Binance	Futures (USD-M) REST	Http	DELETE	/fapi/v1/order	cancelOrder	documented_active	common_existing	general_adapter_or_provider	not_applicable	usd_m.cancel_order	connected	bindings/common/src/coverage.rs::OPERATIONS	Partial	present	src/adapter.rs:250;src/adapter.rs:256	present	bindings/common/src/schema.rs::binding_schema	present	bindings/python/python/maxt/_generated_contract.py;bindings/dart/lib/src/generated_contract.dart;bindings/typescript/src/generated/contract.ts	present	bindings/python/python/maxt/adapters.py	present	bindings/dart/lib/src/generated_provider_methods.dart	present	bindings/typescript/src/generated/api.ts	Fixture	cancel_order;cancel_order_by_client_id	needs_evidence	continue_audit	The existing implementation scope is retained, but operation-level semantic audit evidence is incomplete.
Binance	Futures (USD-M) REST	Http	GET	/fapi/v1/accountConfig	futuresAccountConfiguration	documented_active	provider_typed	general_adapter_or_provider	not_applicable		not_connected		Unlinked	unreviewed		unreviewed		unreviewed		unreviewed		unreviewed		unreviewed				needs_evidence	continue_audit	Audited against the current repository; this active provider-typed operation has no connected Rust bridge or typed provider surface in this release.
Binance	Futures (USD-M) REST	Http	GET	/fapi/v1/adlQuantile	positionAdlQuantileEstimation	documented_active	provider_typed	general_adapter_or_provider	not_applicable		not_connected		Unlinked	unreviewed		unreviewed		unreviewed		unreviewed		unreviewed		unreviewed				needs_evidence	continue_audit	Audited against the current repository; this active provider-typed operation has no connected Rust bridge or typed provider surface in this release.
Binance	Futures (USD-M) REST	Http	GET	/fapi/v1/aggTrades	compressedAggregateTradesList	documented_active	provider_typed	general_adapter_or_provider	not_applicable	usd_m.aggregate_trades	connected	bindings/common/src/coverage.rs::OPERATIONS	Partial	present	src/adapters/binance/mod.rs:911	present	bindings/common/src/schema.rs::binding_schema	present	bindings/python/python/maxt/_generated_contract.py;bindings/dart/lib/src/generated_contract.dart;bindings/typescript/src/generated/contract.ts	present	bindings/python/python/maxt/adapters.py	present	bindings/dart/lib/src/generated_provider_methods.dart	present	bindings/typescript/src/generated/api.ts	Fixture	aggregate_trades	needs_evidence	continue_audit	The existing implementation scope is retained, but operation-level semantic audit evidence is incomplete.
Binance	Futures (USD-M) REST	Http	GET	/fapi/v1/algoOrder	queryAlgoOrder	documented_active	provider_typed	general_adapter_or_provider	not_applicable		not_connected		Unlinked	unreviewed		unreviewed		unreviewed		unreviewed		unreviewed		unreviewed				needs_evidence	continue_audit	Audited against the current repository; this active provider-typed operation has no connected Rust bridge or typed provider surface in this release.
Binance	Futures (USD-M) REST	Http	GET	/fapi/v1/allAlgoOrders	queryAllAlgoOrders	documented_active	provider_typed	general_adapter_or_provider	not_applicable		not_connected		Unlinked	unreviewed		unreviewed		unreviewed		unreviewed		unreviewed		unreviewed				needs_evidence	continue_audit	Audited against the current repository; this active provider-typed operation has no connected Rust bridge or typed provider surface in this release.
Binance	Futures (USD-M) REST	Http	GET	/fapi/v1/allOrders	allOrders	documented_active	provider_typed	general_adapter_or_provider	not_applicable		not_connected		Unlinked	unreviewed		unreviewed		unreviewed		unreviewed		unreviewed		unreviewed				needs_evidence	continue_audit	Audited against the current repository; this active provider-typed operation has no connected Rust bridge or typed provider surface in this release.
Binance	Futures (USD-M) REST	Http	GET	/fapi/v1/apiTradingStatus	futuresTradingQuantitativeRulesIndicators	documented_active	provider_typed	general_adapter_or_provider	not_applicable		not_connected		Unlinked	unreviewed		unreviewed		unreviewed		unreviewed		unreviewed		unreviewed				needs_evidence	continue_audit	Audited against the current repository; this active provider-typed operation has no connected Rust bridge or typed provider surface in this release.
Binance	Futures (USD-M) REST	Http	GET	/fapi/v1/assetIndex	assetIndex	documented_active	provider_typed	general_adapter_or_provider	not_applicable		not_connected		Unlinked	unreviewed		unreviewed		unreviewed		unreviewed		unreviewed		unreviewed				needs_evidence	continue_audit	Audited against the current repository; this active provider-typed operation has no connected Rust bridge or typed provider surface in this release.
Binance	Futures (USD-M) REST	Http	GET	/fapi/v1/commissionRate	userCommissionRate	documented_active	provider_typed	general_adapter_or_provider	not_applicable		not_connected		Unlinked	unreviewed		unreviewed		unreviewed		unreviewed		unreviewed		unreviewed				needs_evidence	continue_audit	Audited against the current repository; this active provider-typed operation has no connected Rust bridge or typed provider surface in this release.
Binance	Futures (USD-M) REST	Http	GET	/fapi/v1/constituents	queryIndexPriceConstituents	documented_active	provider_typed	general_adapter_or_provider	not_applicable		not_connected		Unlinked	unreviewed		unreviewed		unreviewed		unreviewed		unreviewed		unreviewed				needs_evidence	continue_audit	Audited against the current repository; this active provider-typed operation has no connected Rust bridge or typed provider surface in this release.
Binance	Futures (USD-M) REST	Http	GET	/fapi/v1/continuousKlines	continuousContractKlineCandlestickData	documented_active	provider_typed	general_adapter_or_provider	not_applicable		not_connected		Unlinked	unreviewed		unreviewed		unreviewed		unreviewed		unreviewed		unreviewed				needs_evidence	continue_audit	Audited against the current repository; this active provider-typed operation has no connected Rust bridge or typed provider surface in this release.
Binance	Futures (USD-M) REST	Http	GET	/fapi/v1/convert/exchangeInfo	listAllConvertPairs	documented_active	provider_typed	general_adapter_or_provider	not_applicable		not_connected		Unlinked	unreviewed		unreviewed		unreviewed		unreviewed		unreviewed		unreviewed				needs_evidence	continue_audit	Audited against the current repository; this active provider-typed operation has no connected Rust bridge or typed provider surface in this release.
Binance	Futures (USD-M) REST	Http	GET	/fapi/v1/convert/orderStatus	orderStatus	documented_active	provider_typed	general_adapter_or_provider	not_applicable		not_connected		Unlinked	unreviewed		unreviewed		unreviewed		unreviewed		unreviewed		unreviewed				needs_evidence	continue_audit	Audited against the current repository; this active provider-typed operation has no connected Rust bridge or typed provider surface in this release.
Binance	Futures (USD-M) REST	Http	GET	/fapi/v1/depth	orderBook	documented_active	common_existing	general_adapter_or_provider	not_applicable	usd_m.order_book	connected	bindings/common/src/coverage.rs::OPERATIONS	Implemented	present	src/adapter.rs:56	present	bindings/common/src/schema.rs::binding_schema	present	bindings/python/python/maxt/_generated_contract.py;bindings/dart/lib/src/generated_contract.dart;bindings/typescript/src/generated/contract.ts	present	bindings/python/python/maxt/adapters.py	present	bindings/dart/lib/src/generated_provider_methods.dart	present	bindings/typescript/src/generated/api.ts	LiveRead	order_book	verified	none	Audited Rust contract, public bindings, and verification evidence are present.
Binance	Futures (USD-M) REST	Http	GET	/fapi/v1/exchangeInfo	exchangeInformation	documented_active	common_and_provider	general_adapter_or_provider	not_applicable	usd_m.exchange_info	connected	bindings/common/src/coverage.rs::OPERATIONS	Implemented	present	src/adapter.rs:44;src/adapters/binance/mod.rs:830	present	bindings/common/src/schema.rs::binding_schema	present	bindings/python/python/maxt/_generated_contract.py;bindings/dart/lib/src/generated_contract.dart;bindings/typescript/src/generated/contract.ts	present	bindings/python/python/maxt/adapters.py	present	bindings/dart/lib/src/generated_provider_methods.dart	present	bindings/typescript/src/generated/api.ts	LiveRead	markets;usd_m_exchange_info	verified	none	Audited provider exchange information preserves the documented symbol set and raw provider fields.
Binance	Futures (USD-M) REST	Http	GET	/fapi/v1/feeBurn	getBnbBurnStatus	documented_active	provider_typed	general_adapter_or_provider	not_applicable		not_connected		Unlinked	unreviewed		unreviewed		unreviewed		unreviewed		unreviewed		unreviewed				needs_evidence	continue_audit	Audited against the current repository; this active provider-typed operation has no connected Rust bridge or typed provider surface in this release.
Binance	Futures (USD-M) REST	Http	GET	/fapi/v1/forceOrders	usersForceOrders	documented_active	provider_typed	general_adapter_or_provider	not_applicable		not_connected		Unlinked	unreviewed		unreviewed		unreviewed		unreviewed		unreviewed		unreviewed				needs_evidence	continue_audit	Audited against the current repository; this active provider-typed operation has no connected Rust bridge or typed provider surface in this release.
Binance	Futures (USD-M) REST	Http	GET	/fapi/v1/fundingInfo	getFundingRateInfo	documented_active	provider_typed	general_adapter_or_provider	not_applicable		not_connected		Unlinked	unreviewed		unreviewed		unreviewed		unreviewed		unreviewed		unreviewed				needs_evidence	continue_audit	Audited against the current repository; this active provider-typed operation has no connected Rust bridge or typed provider surface in this release.
Binance	Futures (USD-M) REST	Http	GET	/fapi/v1/fundingRate	getFundingRateHistory	documented_active	common_existing	general_adapter_or_provider	not_applicable	usd_m.funding_rate_history	connected	bindings/common/src/coverage.rs::OPERATIONS	Implemented	present	src/adapter.rs:286	present	bindings/common/src/schema.rs::binding_schema	present	bindings/python/python/maxt/_generated_contract.py;bindings/dart/lib/src/generated_contract.dart;bindings/typescript/src/generated/contract.ts	present	bindings/python/python/maxt/adapters.py	present	bindings/dart/lib/src/generated_provider_methods.dart	present	bindings/typescript/src/generated/api.ts	LiveRead	funding_rates	verified	none	Audited Rust contract, public bindings, and verification evidence are present.
Binance	Futures (USD-M) REST	Http	GET	/fapi/v1/historicalTrades	oldTradesLookup	documented_active	provider_typed	general_adapter_or_provider	not_applicable		not_connected		Unlinked	unreviewed		unreviewed		unreviewed		unreviewed		unreviewed		unreviewed				needs_evidence	continue_audit	Audited against the current repository; this active provider-typed operation has no connected Rust bridge or typed provider surface in this release.
Binance	Futures (USD-M) REST	Http	GET	/fapi/v1/income	getIncomeHistory	documented_active	common_existing	general_adapter_or_provider	not_applicable	usd_m.income_history	connected	bindings/common/src/coverage.rs::OPERATIONS	Implemented	present	src/adapter.rs:292	present	bindings/common/src/schema.rs::binding_schema	present	bindings/python/python/maxt/_generated_contract.py;bindings/dart/lib/src/generated_contract.dart;bindings/typescript/src/generated/contract.ts	present	bindings/python/python/maxt/adapters.py	present	bindings/dart/lib/src/generated_provider_methods.dart	present	bindings/typescript/src/generated/api.ts	Fixture	funding_payments	verified	none	Audited Rust contract, public bindings, and verification evidence are present.
Binance	Futures (USD-M) REST	Http	GET	/fapi/v1/income/asyn	getDownloadIdForFuturesTransactionHistory	documented_active	provider_typed	general_adapter_or_provider	not_applicable		not_connected		Unlinked	unreviewed		unreviewed		unreviewed		unreviewed		unreviewed		unreviewed				needs_evidence	continue_audit	Audited against the current repository; this active provider-typed operation has no connected Rust bridge or typed provider surface in this release.
Binance	Futures (USD-M) REST	Http	GET	/fapi/v1/income/asyn/id	getFuturesTransactionHistoryDownloadLinkById	documented_active	provider_typed	general_adapter_or_provider	not_applicable		not_connected		Unlinked	unreviewed		unreviewed		unreviewed		unreviewed		unreviewed		unreviewed				needs_evidence	continue_audit	Audited against the current repository; this active provider-typed operation has no connected Rust bridge or typed provider surface in this release.
Binance	Futures (USD-M) REST	Http	GET	/fapi/v1/indexInfo	compositeIndexSymbolInformation	documented_active	provider_typed	general_adapter_or_provider	not_applicable		not_connected		Unlinked	unreviewed		unreviewed		unreviewed		unreviewed		unreviewed		unreviewed				needs_evidence	continue_audit	Audited against the current repository; this active provider-typed operation has no connected Rust bridge or typed provider surface in this release.
Binance	Futures (USD-M) REST	Http	GET	/fapi/v1/indexPriceKlines	indexPriceKlineCandlestickData	documented_active	provider_typed	general_adapter_or_provider	not_applicable		not_connected		Unlinked	unreviewed		unreviewed		unreviewed		unreviewed		unreviewed		unreviewed				needs_evidence	continue_audit	Audited against the current repository; this active provider-typed operation has no connected Rust bridge or typed provider surface in this release.
Binance	Futures (USD-M) REST	Http	GET	/fapi/v1/insuranceBalance	queryInsuranceFundBalanceSnapshot	documented_active	provider_typed	general_adapter_or_provider	not_applicable		not_connected		Unlinked	unreviewed		unreviewed		unreviewed		unreviewed		unreviewed		unreviewed				needs_evidence	continue_audit	Audited against the current repository; this active provider-typed operation has no connected Rust bridge or typed provider surface in this release.
Binance	Futures (USD-M) REST	Http	GET	/fapi/v1/klines	klineCandlestickData	documented_active	common_existing	general_adapter_or_provider	not_applicable	usd_m.klines	connected	bindings/common/src/coverage.rs::OPERATIONS	Implemented	present	src/adapter.rs:68	present	bindings/common/src/schema.rs::binding_schema	present	bindings/python/python/maxt/_generated_contract.py;bindings/dart/lib/src/generated_contract.dart;bindings/typescript/src/generated/contract.ts	present	bindings/python/python/maxt/adapters.py	present	bindings/dart/lib/src/generated_provider_methods.dart	present	bindings/typescript/src/generated/api.ts	LiveRead	candles	verified	none	Audited Rust contract, public bindings, and verification evidence are present.
Binance	Futures (USD-M) REST	Http	GET	/fapi/v1/leverageBracket	notionalAndLeverageBrackets	documented_active	provider_typed	general_adapter_or_provider	not_applicable		not_connected		Unlinked	unreviewed		unreviewed		unreviewed		unreviewed		unreviewed		unreviewed				needs_evidence	continue_audit	Audited against the current repository; this active provider-typed operation has no connected Rust bridge or typed provider surface in this release.
Binance	Futures (USD-M) REST	Http	GET	/fapi/v1/markPriceKlines	markPriceKlineCandlestickData	documented_active	provider_typed	general_adapter_or_provider	not_applicable		not_connected		Unlinked	unreviewed		unreviewed		unreviewed		unreviewed		unreviewed		unreviewed				needs_evidence	continue_audit	Audited against the current repository; this active provider-typed operation has no connected Rust bridge or typed provider surface in this release.
Binance	Futures (USD-M) REST	Http	GET	/fapi/v1/multiAssetsMargin	getCurrentMultiAssetsMode	documented_active	provider_typed	general_adapter_or_provider	not_applicable		not_connected		Unlinked	unreviewed		unreviewed		unreviewed		unreviewed		unreviewed		unreviewed				needs_evidence	continue_audit	Audited against the current repository; this active provider-typed operation has no connected Rust bridge or typed provider surface in this release.
Binance	Futures (USD-M) REST	Http	GET	/fapi/v1/openAlgoOrders	currentAllAlgoOpenOrders	documented_active	provider_typed	general_adapter_or_provider	not_applicable		not_connected		Unlinked	unreviewed		unreviewed		unreviewed		unreviewed		unreviewed		unreviewed				needs_evidence	continue_audit	Audited against the current repository; this active provider-typed operation has no connected Rust bridge or typed provider surface in this release.
Binance	Futures (USD-M) REST	Http	GET	/fapi/v1/openInterest	openInterest	documented_active	provider_typed	general_adapter_or_provider	not_applicable	usd_m.open_interest	connected	bindings/common/src/coverage.rs::OPERATIONS	Implemented	present	src/adapters/binance/mod.rs:903	present	bindings/common/src/schema.rs::binding_schema	present	bindings/python/python/maxt/_generated_contract.py;bindings/dart/lib/src/generated_contract.dart;bindings/typescript/src/generated/contract.ts	present	bindings/python/python/maxt/adapters.py	present	bindings/dart/lib/src/generated_provider_methods.dart	present	bindings/typescript/src/generated/api.ts	Fixture	open_interest	verified	none	Audited Rust contract, public bindings, and verification evidence are present.
Binance	Futures (USD-M) REST	Http	GET	/fapi/v1/openOrder	queryCurrentOpenOrder	documented_active	provider_typed	general_adapter_or_provider	not_applicable		not_connected		Unlinked	unreviewed		unreviewed		unreviewed		unreviewed		unreviewed		unreviewed				needs_evidence	continue_audit	Audited against the current repository; this active provider-typed operation has no connected Rust bridge or typed provider surface in this release.
Binance	Futures (USD-M) REST	Http	GET	/fapi/v1/openOrders	currentAllOpenOrders	documented_active	common_existing	general_adapter_or_provider	not_applicable	usd_m.open_orders	connected	bindings/common/src/coverage.rs::OPERATIONS	Implemented	present	src/adapter.rs:205	present	bindings/common/src/schema.rs::binding_schema	present	bindings/python/python/maxt/_generated_contract.py;bindings/dart/lib/src/generated_contract.dart;bindings/typescript/src/generated/contract.ts	present	bindings/python/python/maxt/adapters.py	present	bindings/dart/lib/src/generated_provider_methods.dart	present	bindings/typescript/src/generated/api.ts	Fixture	open_orders	verified	none	Audited Rust contract, public bindings, and verification evidence are present.
Binance	Futures (USD-M) REST	Http	GET	/fapi/v1/order	queryOrder	documented_active	provider_typed	general_adapter_or_provider	not_applicable		not_connected		Unlinked	unreviewed		unreviewed		unreviewed		unreviewed		unreviewed		unreviewed				needs_evidence	continue_audit	Audited against the current repository; this active provider-typed operation has no connected Rust bridge or typed provider surface in this release.
Binance	Futures (USD-M) REST	Http	GET	/fapi/v1/order/asyn	getDownloadIdForFuturesOrderHistory	documented_active	provider_typed	general_adapter_or_provider	not_applicable		not_connected		Unlinked	unreviewed		unreviewed		unreviewed		unreviewed		unreviewed		unreviewed				needs_evidence	continue_audit	Audited against the current repository; this active provider-typed operation has no connected Rust bridge or typed provider surface in this release.
Binance	Futures (USD-M) REST	Http	GET	/fapi/v1/order/asyn/id	getFuturesOrderHistoryDownloadLinkById	documented_active	provider_typed	general_adapter_or_provider	not_applicable		not_connected		Unlinked	unreviewed		unreviewed		unreviewed		unreviewed		unreviewed		unreviewed				needs_evidence	continue_audit	Audited against the current repository; this active provider-typed operation has no connected Rust bridge or typed provider surface in this release.
Binance	Futures (USD-M) REST	Http	GET	/fapi/v1/orderAmendment	getOrderModifyHistory	documented_active	provider_typed	general_adapter_or_provider	not_applicable		not_connected		Unlinked	unreviewed		unreviewed		unreviewed		unreviewed		unreviewed		unreviewed				needs_evidence	continue_audit	Audited against the current repository; this active provider-typed operation has no connected Rust bridge or typed provider surface in this release.
Binance	Futures (USD-M) REST	Http	GET	/fapi/v1/ping	testConnectivity	documented_active	provider_typed	general_adapter_or_provider	not_applicable		not_connected		Unlinked	unreviewed		unreviewed		unreviewed		unreviewed		unreviewed		unreviewed				needs_evidence	continue_audit	Audited against the current repository; this active provider-typed operation has no connected Rust bridge or typed provider surface in this release.
Binance	Futures (USD-M) REST	Http	GET	/fapi/v1/pmAccountInfo	classicPortfolioMarginAccountInformation	documented_active	provider_typed	general_adapter_or_provider	not_applicable		not_connected		Unlinked	unreviewed		unreviewed		unreviewed		unreviewed		unreviewed		unreviewed				needs_evidence	continue_audit	Audited against the current repository; this active provider-typed operation has no connected Rust bridge or typed provider surface in this release.
Binance	Futures (USD-M) REST	Http	GET	/fapi/v1/positionMargin/history	getPositionMarginChangeHistory	documented_active	provider_typed	general_adapter_or_provider	not_applicable		not_connected		Unlinked	unreviewed		unreviewed		unreviewed		unreviewed		unreviewed		unreviewed				needs_evidence	continue_audit	Audited against the current repository; this active provider-typed operation has no connected Rust bridge or typed provider surface in this release.
Binance	Futures (USD-M) REST	Http	GET	/fapi/v1/positionSide/dual	getCurrentPositionMode	documented_active	provider_typed	general_adapter_or_provider	not_applicable		not_connected		Unlinked	unreviewed		unreviewed		unreviewed		unreviewed		unreviewed		unreviewed				needs_evidence	continue_audit	Audited against the current repository; this active provider-typed operation has no connected Rust bridge or typed provider surface in this release.
Binance	Futures (USD-M) REST	Http	GET	/fapi/v1/premiumIndex	markPrice	documented_active	provider_typed	general_adapter_or_provider	not_applicable	usd_m.mark_price;usd_m.mark_prices	connected	bindings/common/src/coverage.rs::OPERATIONS	Implemented	present	src/adapters/binance/mod.rs:890;src/adapters/binance/mod.rs:898	present	bindings/common/src/schema.rs::binding_schema	present	bindings/python/python/maxt/_generated_contract.py;bindings/dart/lib/src/generated_contract.dart;bindings/typescript/src/generated/contract.ts	present	bindings/python/python/maxt/adapters.py	present	bindings/dart/lib/src/generated_provider_methods.dart	present	bindings/typescript/src/generated/api.ts	Fixture	mark_price;mark_prices	verified	none	Audited Rust contract, public bindings, and verification evidence are present.
Binance	Futures (USD-M) REST	Http	GET	/fapi/v1/premiumIndexKlines	premiumIndexKlineData	documented_active	provider_typed	general_adapter_or_provider	not_applicable		not_connected		Unlinked	unreviewed		unreviewed		unreviewed		unreviewed		unreviewed		unreviewed				needs_evidence	continue_audit	Audited against the current repository; this active provider-typed operation has no connected Rust bridge or typed provider surface in this release.
Binance	Futures (USD-M) REST	Http	GET	/fapi/v1/rateLimit/order	queryUserRateLimit	documented_active	provider_typed	general_adapter_or_provider	not_applicable		not_connected		Unlinked	unreviewed		unreviewed		unreviewed		unreviewed		unreviewed		unreviewed				needs_evidence	continue_audit	Audited against the current repository; this active provider-typed operation has no connected Rust bridge or typed provider surface in this release.
Binance	Futures (USD-M) REST	Http	GET	/fapi/v1/rpiDepth	rpiOrderBook	documented_active	provider_typed	general_adapter_or_provider	not_applicable		not_connected		Unlinked	unreviewed		unreviewed		unreviewed		unreviewed		unreviewed		unreviewed				needs_evidence	continue_audit	Audited against the current repository; this active provider-typed operation has no connected Rust bridge or typed provider surface in this release.
Binance	Futures (USD-M) REST	Http	GET	/fapi/v1/symbolAdlRisk	adlRisk	documented_active	provider_typed	general_adapter_or_provider	not_applicable		not_connected		Unlinked	unreviewed		unreviewed		unreviewed		unreviewed		unreviewed		unreviewed				needs_evidence	continue_audit	Audited against the current repository; this active provider-typed operation has no connected Rust bridge or typed provider surface in this release.
Binance	Futures (USD-M) REST	Http	GET	/fapi/v1/symbolConfig	symbolConfiguration	documented_active	provider_typed	general_adapter_or_provider	not_applicable		not_connected		Unlinked	unreviewed		unreviewed		unreviewed		unreviewed		unreviewed		unreviewed				needs_evidence	continue_audit	Audited against the current repository; this active provider-typed operation has no connected Rust bridge or typed provider surface in this release.
Binance	Futures (USD-M) REST	Http	GET	/fapi/v1/ticker/24hr	ticker24hrPriceChangeStatistics	documented_active	common_existing	general_adapter_or_provider	not_applicable	usd_m.ticker_24hr	connected	bindings/common/src/coverage.rs::OPERATIONS	Implemented	present	src/adapter.rs:62	present	bindings/common/src/schema.rs::binding_schema	present	bindings/python/python/maxt/_generated_contract.py;bindings/dart/lib/src/generated_contract.dart;bindings/typescript/src/generated/contract.ts	present	bindings/python/python/maxt/adapters.py	present	bindings/dart/lib/src/generated_provider_methods.dart	present	bindings/typescript/src/generated/api.ts	LiveRead	ticker	verified	none	Audited Rust contract, public bindings, and verification evidence are present.
Binance	Futures (USD-M) REST	Http	GET	/fapi/v1/ticker/bookTicker	symbolOrderBookTicker	documented_active	provider_typed	general_adapter_or_provider	not_applicable		not_connected		Unlinked	unreviewed		unreviewed		unreviewed		unreviewed		unreviewed		unreviewed				needs_evidence	continue_audit	Audited against the current repository; this active provider-typed operation has no connected Rust bridge or typed provider surface in this release.
Binance	Futures (USD-M) REST	Http	GET	/fapi/v1/ticker/price	symbolPriceTicker	documented_active	provider_typed	general_adapter_or_provider	not_applicable		not_connected		Unlinked	unreviewed		unreviewed		unreviewed		unreviewed		unreviewed		unreviewed				needs_evidence	continue_audit	Audited against the current repository; this active provider-typed operation has no connected Rust bridge or typed provider surface in this release.
Binance	Futures (USD-M) REST	Http	GET	/fapi/v1/time	checkServerTime	documented_active	provider_typed	general_adapter_or_provider	not_applicable		not_connected		Unlinked	unreviewed		unreviewed		unreviewed		unreviewed		unreviewed		unreviewed				needs_evidence	continue_audit	Audited against the current repository; this active provider-typed operation has no connected Rust bridge or typed provider surface in this release.
Binance	Futures (USD-M) REST	Http	GET	/fapi/v1/trade/asyn	getDownloadIdForFuturesTradeHistory	documented_active	provider_typed	general_adapter_or_provider	not_applicable		not_connected		Unlinked	unreviewed		unreviewed		unreviewed		unreviewed		unreviewed		unreviewed				needs_evidence	continue_audit	Audited against the current repository; this active provider-typed operation has no connected Rust bridge or typed provider surface in this release.
Binance	Futures (USD-M) REST	Http	GET	/fapi/v1/trade/asyn/id	getFuturesTradeDownloadLinkById	documented_active	provider_typed	general_adapter_or_provider	not_applicable		not_connected		Unlinked	unreviewed		unreviewed		unreviewed		unreviewed		unreviewed		unreviewed				needs_evidence	continue_audit	Audited against the current repository; this active provider-typed operation has no connected Rust bridge or typed provider surface in this release.
Binance	Futures (USD-M) REST	Http	GET	/fapi/v1/trades	recentTradesList	documented_active	common_existing	general_adapter_or_provider	not_applicable	usd_m.recent_trades	connected	bindings/common/src/coverage.rs::OPERATIONS	Implemented	present	src/adapter.rs:50	present	bindings/common/src/schema.rs::binding_schema	present	bindings/python/python/maxt/_generated_contract.py;bindings/dart/lib/src/generated_contract.dart;bindings/typescript/src/generated/contract.ts	present	bindings/python/python/maxt/adapters.py	present	bindings/dart/lib/src/generated_provider_methods.dart	present	bindings/typescript/src/generated/api.ts	LiveRead	trades	verified	none	Audited Rust contract, public bindings, and verification evidence are present.
Binance	Futures (USD-M) REST	Http	GET	/fapi/v1/tradingSchedule	tradingSchedule	documented_active	provider_typed	general_adapter_or_provider	not_applicable		not_connected		Unlinked	unreviewed		unreviewed		unreviewed		unreviewed		unreviewed		unreviewed				needs_evidence	continue_audit	Audited against the current repository; this active provider-typed operation has no connected Rust bridge or typed provider surface in this release.
Binance	Futures (USD-M) REST	Http	GET	/fapi/v1/userTrades	accountTradeList	documented_active	provider_typed	general_adapter_or_provider	not_applicable	usd_m.account_trades	connected	bindings/common/src/coverage.rs::OPERATIONS	Implemented	present	src/adapters/binance/mod.rs:762	present	bindings/common/src/schema.rs::binding_schema	present	bindings/python/python/maxt/_generated_contract.py;bindings/dart/lib/src/generated_contract.dart;bindings/typescript/src/generated/contract.ts	present	bindings/python/python/maxt/adapters.py	present	bindings/dart/lib/src/generated_provider_methods.dart	present	bindings/typescript/src/generated/api.ts	Fixture	account_trades	verified	none	Audited Rust contract, public bindings, and verification evidence are present.
Binance	Futures (USD-M) REST	Http	GET	/fapi/v2/account	accountInformationV2	documented_active	provider_typed	general_adapter_or_provider	not_applicable		not_connected		Unlinked	unreviewed		unreviewed		unreviewed		unreviewed		unreviewed		unreviewed				needs_evidence	continue_audit	Audited against the current repository; this active provider-typed operation has no connected Rust bridge or typed provider surface in this release.
Binance	Futures (USD-M) REST	Http	GET	/fapi/v2/balance	futuresAccountBalanceV2	documented_active	provider_typed	general_adapter_or_provider	not_applicable		not_connected		Unlinked	unreviewed		unreviewed		unreviewed		unreviewed		unreviewed		unreviewed				needs_evidence	continue_audit	Audited against the current repository; this active provider-typed operation has no connected Rust bridge or typed provider surface in this release.
Binance	Futures (USD-M) REST	Http	GET	/fapi/v2/positionRisk	positionInformationV2	documented_active	provider_typed	general_adapter_or_provider	not_applicable		not_connected		Unlinked	unreviewed		unreviewed		unreviewed		unreviewed		unreviewed		unreviewed				needs_evidence	continue_audit	Audited against the current repository; this active provider-typed operation has no connected Rust bridge or typed provider surface in this release.
Binance	Futures (USD-M) REST	Http	GET	/fapi/v2/ticker/price	symbolPriceTickerV2	documented_active	provider_typed	general_adapter_or_provider	not_applicable		not_connected		Unlinked	unreviewed		unreviewed		unreviewed		unreviewed		unreviewed		unreviewed				needs_evidence	continue_audit	Audited against the current repository; this active provider-typed operation has no connected Rust bridge or typed provider surface in this release.
Binance	Futures (USD-M) REST	Http	GET	/fapi/v3/account	accountInformationV3	documented_active	common_and_provider	general_adapter_or_provider	not_applicable	usd_m.account_information_v3	connected	bindings/common/src/coverage.rs::OPERATIONS	Implemented	present	src/adapter.rs:110;src/adapter.rs:281;src/adapters/binance/mod.rs:824	present	bindings/common/src/schema.rs::binding_schema	present	bindings/python/python/maxt/_generated_contract.py;bindings/dart/lib/src/generated_contract.dart;bindings/typescript/src/generated/contract.ts	present	bindings/python/python/maxt/adapters.py	present	bindings/dart/lib/src/generated_provider_methods.dart	present	bindings/typescript/src/generated/api.ts	Fixture	balances;margin_summary;usd_m_account_information	verified	none	Audited provider account information preserves the documented account, asset, position, and raw provider fields.
Binance	Futures (USD-M) REST	Http	GET	/fapi/v3/balance	futuresAccountBalanceV3	documented_active	provider_typed	general_adapter_or_provider	not_applicable		not_connected		Unlinked	unreviewed		unreviewed		unreviewed		unreviewed		unreviewed		unreviewed				needs_evidence	continue_audit	Audited against the current repository; this active provider-typed operation has no connected Rust bridge or typed provider surface in this release.
Binance	Futures (USD-M) REST	Http	GET	/fapi/v3/positionRisk	positionInformationV3	documented_active	common_and_provider	general_adapter_or_provider	not_applicable	usd_m.position_information_v3	connected	bindings/common/src/coverage.rs::OPERATIONS	Implemented	present	src/adapter.rs:275;src/adapters/binance/mod.rs:836	present	bindings/common/src/schema.rs::binding_schema	present	bindings/python/python/maxt/_generated_contract.py;bindings/dart/lib/src/generated_contract.dart;bindings/typescript/src/generated/contract.ts	present	bindings/python/python/maxt/adapters.py	present	bindings/dart/lib/src/generated_provider_methods.dart	present	bindings/typescript/src/generated/api.ts	Fixture	positions;usd_m_position_information	verified	none	Audited provider position information preserves documented risk fields and raw provider fields.
Binance	Futures (USD-M) REST	Http	GET	/futures/data/basis	basis	documented_active	provider_typed	general_adapter_or_provider	not_applicable		not_connected		Unlinked	unreviewed		unreviewed		unreviewed		unreviewed		unreviewed		unreviewed				needs_evidence	continue_audit	Audited against the current repository; this active provider-typed operation has no connected Rust bridge or typed provider surface in this release.
Binance	Futures (USD-M) REST	Http	GET	/futures/data/delivery-price	quarterlyContractSettlementPrice	documented_active	provider_typed	general_adapter_or_provider	not_applicable		not_connected		Unlinked	unreviewed		unreviewed		unreviewed		unreviewed		unreviewed		unreviewed				needs_evidence	continue_audit	Audited against the current repository; this active provider-typed operation has no connected Rust bridge or typed provider surface in this release.
Binance	Futures (USD-M) REST	Http	GET	/futures/data/globalLongShortAccountRatio	longShortRatio	documented_active	provider_typed	general_adapter_or_provider	not_applicable		not_connected		Unlinked	unreviewed		unreviewed		unreviewed		unreviewed		unreviewed		unreviewed				needs_evidence	continue_audit	Audited against the current repository; this active provider-typed operation has no connected Rust bridge or typed provider surface in this release.
Binance	Futures (USD-M) REST	Http	GET	/futures/data/openInterestHist	openInterestStatistics	documented_active	provider_typed	general_adapter_or_provider	not_applicable		not_connected		Unlinked	unreviewed		unreviewed		unreviewed		unreviewed		unreviewed		unreviewed				needs_evidence	continue_audit	Audited against the current repository; this active provider-typed operation has no connected Rust bridge or typed provider surface in this release.
Binance	Futures (USD-M) REST	Http	GET	/futures/data/takerlongshortRatio	takerBuySellVolume	documented_active	provider_typed	general_adapter_or_provider	not_applicable		not_connected		Unlinked	unreviewed		unreviewed		unreviewed		unreviewed		unreviewed		unreviewed				needs_evidence	continue_audit	Audited against the current repository; this active provider-typed operation has no connected Rust bridge or typed provider surface in this release.
Binance	Futures (USD-M) REST	Http	GET	/futures/data/topLongShortAccountRatio	topTraderLongShortRatioAccounts	documented_active	provider_typed	general_adapter_or_provider	not_applicable		not_connected		Unlinked	unreviewed		unreviewed		unreviewed		unreviewed		unreviewed		unreviewed				needs_evidence	continue_audit	Audited against the current repository; this active provider-typed operation has no connected Rust bridge or typed provider surface in this release.
Binance	Futures (USD-M) REST	Http	GET	/futures/data/topLongShortPositionRatio	topTraderLongShortRatioPositions	documented_active	provider_typed	general_adapter_or_provider	not_applicable		not_connected		Unlinked	unreviewed		unreviewed		unreviewed		unreviewed		unreviewed		unreviewed				needs_evidence	continue_audit	Audited against the current repository; this active provider-typed operation has no connected Rust bridge or typed provider surface in this release.
Binance	Futures (USD-M) REST	Http	POST	/fapi/v1/algoOrder	newAlgoOrder	documented_active	provider_typed	general_adapter_or_provider	not_applicable		not_connected		Unlinked	unreviewed		unreviewed		unreviewed		unreviewed		unreviewed		unreviewed				needs_evidence	continue_audit	Audited against the current repository; this active provider-typed operation has no connected Rust bridge or typed provider surface in this release.
Binance	Futures (USD-M) REST	Http	POST	/fapi/v1/batchOrders	placeMultipleOrders	documented_active	provider_typed	general_adapter_or_provider	not_applicable		not_connected		Unlinked	unreviewed		unreviewed		unreviewed		unreviewed		unreviewed		unreviewed				needs_evidence	continue_audit	Audited against the current repository; this active provider-typed operation has no connected Rust bridge or typed provider surface in this release.
Binance	Futures (USD-M) REST	Http	POST	/fapi/v1/convert/acceptQuote	acceptTheOfferedQuote	documented_active	provider_typed	general_adapter_or_provider	not_applicable		not_connected		Unlinked	unreviewed		unreviewed		unreviewed		unreviewed		unreviewed		unreviewed				needs_evidence	continue_audit	Audited against the current repository; this active provider-typed operation has no connected Rust bridge or typed provider surface in this release.
Binance	Futures (USD-M) REST	Http	POST	/fapi/v1/convert/getQuote	sendQuoteRequest	documented_active	provider_typed	general_adapter_or_provider	not_applicable		not_connected		Unlinked	unreviewed		unreviewed		unreviewed		unreviewed		unreviewed		unreviewed				needs_evidence	continue_audit	Audited against the current repository; this active provider-typed operation has no connected Rust bridge or typed provider surface in this release.
Binance	Futures (USD-M) REST	Http	POST	/fapi/v1/countdownCancelAll	autoCancelAllOpenOrders	documented_active	provider_typed	general_adapter_or_provider	not_applicable		not_connected		Unlinked	unreviewed		unreviewed		unreviewed		unreviewed		unreviewed		unreviewed				needs_evidence	continue_audit	Audited against the current repository; this active provider-typed operation has no connected Rust bridge or typed provider surface in this release.
Binance	Futures (USD-M) REST	Http	POST	/fapi/v1/feeBurn	toggleBnbBurnOnFuturesTrade	documented_active	provider_typed	general_adapter_or_provider	not_applicable		not_connected		Unlinked	unreviewed		unreviewed		unreviewed		unreviewed		unreviewed		unreviewed				needs_evidence	continue_audit	Audited against the current repository; this active provider-typed operation has no connected Rust bridge or typed provider surface in this release.
Binance	Futures (USD-M) REST	Http	POST	/fapi/v1/leverage	changeInitialLeverage	documented_active	common_existing	general_adapter_or_provider	not_applicable	usd_m.change_initial_leverage	connected	bindings/common/src/coverage.rs::OPERATIONS	Implemented	present	src/adapter.rs:301	present	bindings/common/src/schema.rs::binding_schema	present	bindings/python/python/maxt/_generated_contract.py;bindings/dart/lib/src/generated_contract.dart;bindings/typescript/src/generated/contract.ts	present	bindings/python/python/maxt/adapters.py	present	bindings/dart/lib/src/generated_provider_methods.dart	present	bindings/typescript/src/generated/api.ts	Fixture	set_margin	verified	none	Audited Rust contract, public bindings, and verification evidence are present.
Binance	Futures (USD-M) REST	Http	POST	/fapi/v1/listenKey	startUserDataStream	documented_active	provider_typed	general_adapter_or_provider	not_applicable	usd_m.start_user_data_stream	connected	bindings/common/src/coverage.rs::OPERATIONS	Implemented	present	src/adapters/binance/mod.rs:922	present	bindings/common/src/schema.rs::binding_schema	present	bindings/python/python/maxt/_generated_contract.py;bindings/dart/lib/src/generated_contract.dart;bindings/typescript/src/generated/contract.ts	present	bindings/python/python/maxt/adapters.py	present	bindings/dart/lib/src/generated_provider_methods.dart	present	bindings/typescript/src/generated/api.ts	Fixture	usd_m_create_listen_key	verified	none	Audited Rust contract, public bindings, and verification evidence are present.
Binance	Futures (USD-M) REST	Http	POST	/fapi/v1/marginType	changeMarginType	documented_active	common_existing	general_adapter_or_provider	not_applicable	usd_m.change_margin_type	connected	bindings/common/src/coverage.rs::OPERATIONS	Implemented	present	src/adapter.rs:301	present	bindings/common/src/schema.rs::binding_schema	present	bindings/python/python/maxt/_generated_contract.py;bindings/dart/lib/src/generated_contract.dart;bindings/typescript/src/generated/contract.ts	present	bindings/python/python/maxt/adapters.py	present	bindings/dart/lib/src/generated_provider_methods.dart	present	bindings/typescript/src/generated/api.ts	Fixture	set_margin	verified	none	Audited Rust contract, public bindings, and verification evidence are present.
Binance	Futures (USD-M) REST	Http	POST	/fapi/v1/multiAssetsMargin	changeMultiAssetsMode	documented_active	provider_typed	general_adapter_or_provider	not_applicable		not_connected		Unlinked	unreviewed		unreviewed		unreviewed		unreviewed		unreviewed		unreviewed				needs_evidence	continue_audit	Audited against the current repository; this active provider-typed operation has no connected Rust bridge or typed provider surface in this release.
Binance	Futures (USD-M) REST	Http	POST	/fapi/v1/order	newOrder	documented_active	common_existing	general_adapter_or_provider	not_applicable	usd_m.new_order	connected	bindings/common/src/coverage.rs::OPERATIONS	Partial	present	src/adapter.rs:244	present	bindings/common/src/schema.rs::binding_schema	present	bindings/python/python/maxt/_generated_contract.py;bindings/dart/lib/src/generated_contract.dart;bindings/typescript/src/generated/contract.ts	present	bindings/python/python/maxt/adapters.py	present	bindings/dart/lib/src/generated_provider_methods.dart	present	bindings/typescript/src/generated/api.ts	Fixture	place_order	needs_evidence	continue_audit	The existing implementation scope is retained, but operation-level semantic audit evidence is incomplete.
Binance	Futures (USD-M) REST	Http	POST	/fapi/v1/order/test	testOrder	documented_active	provider_typed	general_adapter_or_provider	not_applicable	usd_m.test_order	connected	bindings/common/src/coverage.rs::OPERATIONS	Implemented	present	src/adapters/binance/mod.rs:788	present	bindings/common/src/schema.rs::binding_schema	present	bindings/python/python/maxt/_generated_contract.py;bindings/dart/lib/src/generated_contract.dart;bindings/typescript/src/generated/contract.ts	present	bindings/python/python/maxt/adapters.py	present	bindings/dart/lib/src/generated_provider_methods.dart	present	bindings/typescript/src/generated/api.ts	Fixture	test_order	verified	none	Audited Rust contract, public bindings, and verification evidence are present.
Binance	Futures (USD-M) REST	Http	POST	/fapi/v1/positionMargin	modifyIsolatedPositionMargin	documented_active	provider_typed	general_adapter_or_provider	not_applicable		not_connected		Unlinked	unreviewed		unreviewed		unreviewed		unreviewed		unreviewed		unreviewed				needs_evidence	continue_audit	Audited against the current repository; this active provider-typed operation has no connected Rust bridge or typed provider surface in this release.
Binance	Futures (USD-M) REST	Http	POST	/fapi/v1/positionSide/dual	changePositionMode	documented_active	provider_typed	general_adapter_or_provider	not_applicable		not_connected		Unlinked	unreviewed		unreviewed		unreviewed		unreviewed		unreviewed		unreviewed				needs_evidence	continue_audit	Audited against the current repository; this active provider-typed operation has no connected Rust bridge or typed provider surface in this release.
Binance	Futures (USD-M) REST	Http	POST	/fapi/v1/stock/contract	futuresTradfiPerpsContract	documented_active	provider_typed	general_adapter_or_provider	not_applicable		not_connected		Unlinked	unreviewed		unreviewed		unreviewed		unreviewed		unreviewed		unreviewed				needs_evidence	continue_audit	Audited against the current repository; this active provider-typed operation has no connected Rust bridge or typed provider surface in this release.
Binance	Futures (USD-M) REST	Http	PUT	/fapi/v1/batchOrders	modifyMultipleOrders	documented_active	provider_typed	general_adapter_or_provider	not_applicable		not_connected		Unlinked	unreviewed		unreviewed		unreviewed		unreviewed		unreviewed		unreviewed				needs_evidence	continue_audit	Audited against the current repository; this active provider-typed operation has no connected Rust bridge or typed provider surface in this release.
Binance	Futures (USD-M) REST	Http	PUT	/fapi/v1/listenKey	keepaliveUserDataStream	documented_active	provider_typed	general_adapter_or_provider	not_applicable	usd_m.keepalive_user_data_stream	connected	bindings/common/src/coverage.rs::OPERATIONS	Implemented	present	src/adapters/binance/mod.rs:931	present	bindings/common/src/schema.rs::binding_schema	present	bindings/python/python/maxt/_generated_contract.py;bindings/dart/lib/src/generated_contract.dart;bindings/typescript/src/generated/contract.ts	present	bindings/python/python/maxt/adapters.py	present	bindings/dart/lib/src/generated_provider_methods.dart	present	bindings/typescript/src/generated/api.ts	Fixture	usd_m_keepalive_listen_key	verified	none	Audited Rust contract, public bindings, and verification evidence are present.
Binance	Futures (USD-M) REST	Http	PUT	/fapi/v1/order	modifyOrder	documented_active	provider_typed	general_adapter_or_provider	not_applicable		not_connected		Unlinked	unreviewed		unreviewed		unreviewed		unreviewed		unreviewed		unreviewed				needs_evidence	continue_audit	Audited against the current repository; this active provider-typed operation has no connected Rust bridge or typed provider surface in this release.
Binance	Futures (USD-M) WebSocket	WebSocketRequest	POST	/account.balance	futuresAccountBalance	documented_active	provider_typed	general_adapter_or_provider	not_applicable		not_connected		Unlinked	unreviewed		unreviewed		unreviewed		unreviewed		unreviewed		unreviewed				needs_evidence	continue_audit	Audited against the current repository; this active provider-typed operation has no connected Rust bridge or typed provider surface in this release.
Binance	Futures (USD-M) WebSocket	WebSocketRequest	POST	/account.position	positionInformation	documented_active	provider_typed	general_adapter_or_provider	not_applicable		not_connected		Unlinked	unreviewed		unreviewed		unreviewed		unreviewed		unreviewed		unreviewed				needs_evidence	continue_audit	Audited against the current repository; this active provider-typed operation has no connected Rust bridge or typed provider surface in this release.
Binance	Futures (USD-M) WebSocket	WebSocketRequest	POST	/account.status	accountInformation	documented_active	provider_typed	general_adapter_or_provider	not_applicable		not_connected		Unlinked	unreviewed		unreviewed		unreviewed		unreviewed		unreviewed		unreviewed				needs_evidence	continue_audit	Audited against the current repository; this active provider-typed operation has no connected Rust bridge or typed provider surface in this release.
Binance	Futures (USD-M) WebSocket	WebSocketRequest	POST	/algoOrder.cancel	cancelAlgoOrder	documented_active	provider_typed	general_adapter_or_provider	not_applicable		not_connected		Unlinked	unreviewed		unreviewed		unreviewed		unreviewed		unreviewed		unreviewed				needs_evidence	continue_audit	Audited against the current repository; this active provider-typed operation has no connected Rust bridge or typed provider surface in this release.
Binance	Futures (USD-M) WebSocket	WebSocketRequest	POST	/algoOrder.place	newAlgoOrder	documented_active	provider_typed	general_adapter_or_provider	not_applicable		not_connected		Unlinked	unreviewed		unreviewed		unreviewed		unreviewed		unreviewed		unreviewed				needs_evidence	continue_audit	Audited against the current repository; this active provider-typed operation has no connected Rust bridge or typed provider surface in this release.
Binance	Futures (USD-M) WebSocket	WebSocketRequest	POST	/depth	orderBook	documented_active	provider_typed	general_adapter_or_provider	not_applicable		not_connected		Unlinked	unreviewed		unreviewed		unreviewed		unreviewed		unreviewed		unreviewed				needs_evidence	continue_audit	Audited against the current repository; this active provider-typed operation has no connected Rust bridge or typed provider surface in this release.
Binance	Futures (USD-M) WebSocket	WebSocketRequest	POST	/order.cancel	cancelOrder	documented_active	provider_typed	general_adapter_or_provider	not_applicable		not_connected		Unlinked	unreviewed		unreviewed		unreviewed		unreviewed		unreviewed		unreviewed				needs_evidence	continue_audit	Audited against the current repository; this active provider-typed operation has no connected Rust bridge or typed provider surface in this release.
Binance	Futures (USD-M) WebSocket	WebSocketRequest	POST	/order.modify	modifyOrder	documented_active	provider_typed	general_adapter_or_provider	not_applicable		not_connected		Unlinked	unreviewed		unreviewed		unreviewed		unreviewed		unreviewed		unreviewed				needs_evidence	continue_audit	Audited against the current repository; this active provider-typed operation has no connected Rust bridge or typed provider surface in this release.
Binance	Futures (USD-M) WebSocket	WebSocketRequest	POST	/order.place	newOrder	documented_active	provider_typed	general_adapter_or_provider	not_applicable		not_connected		Unlinked	unreviewed		unreviewed		unreviewed		unreviewed		unreviewed		unreviewed				needs_evidence	continue_audit	Audited against the current repository; this active provider-typed operation has no connected Rust bridge or typed provider surface in this release.
Binance	Futures (USD-M) WebSocket	WebSocketRequest	POST	/order.status	queryOrder	documented_active	provider_typed	general_adapter_or_provider	not_applicable		not_connected		Unlinked	unreviewed		unreviewed		unreviewed		unreviewed		unreviewed		unreviewed				needs_evidence	continue_audit	Audited against the current repository; this active provider-typed operation has no connected Rust bridge or typed provider surface in this release.
Binance	Futures (USD-M) WebSocket	WebSocketRequest	POST	/ticker.book	symbolOrderBookTicker	documented_active	provider_typed	general_adapter_or_provider	not_applicable		not_connected		Unlinked	unreviewed		unreviewed		unreviewed		unreviewed		unreviewed		unreviewed				needs_evidence	continue_audit	Audited against the current repository; this active provider-typed operation has no connected Rust bridge or typed provider surface in this release.
Binance	Futures (USD-M) WebSocket	WebSocketRequest	POST	/ticker.price	symbolPriceTicker	documented_active	provider_typed	general_adapter_or_provider	not_applicable		not_connected		Unlinked	unreviewed		unreviewed		unreviewed		unreviewed		unreviewed		unreviewed				needs_evidence	continue_audit	Audited against the current repository; this active provider-typed operation has no connected Rust bridge or typed provider surface in this release.
Binance	Futures (USD-M) WebSocket	WebSocketRequest	POST	/userDataStream.ping	keepaliveUserDataStream	documented_active	provider_typed	general_adapter_or_provider	not_applicable		not_connected		Unlinked	unreviewed		unreviewed		unreviewed		unreviewed		unreviewed		unreviewed				needs_evidence	continue_audit	Audited against the current repository; this active provider-typed operation has no connected Rust bridge or typed provider surface in this release.
Binance	Futures (USD-M) WebSocket	WebSocketRequest	POST	/userDataStream.start	startUserDataStream	documented_active	provider_typed	general_adapter_or_provider	not_applicable		not_connected		Unlinked	unreviewed		unreviewed		unreviewed		unreviewed		unreviewed		unreviewed				needs_evidence	continue_audit	Audited against the current repository; this active provider-typed operation has no connected Rust bridge or typed provider surface in this release.
Binance	Futures (USD-M) WebSocket	WebSocketRequest	POST	/userDataStream.stop	closeUserDataStream	documented_active	provider_typed	general_adapter_or_provider	not_applicable		not_connected		Unlinked	unreviewed		unreviewed		unreviewed		unreviewed		unreviewed		unreviewed				needs_evidence	continue_audit	Audited against the current repository; this active provider-typed operation has no connected Rust bridge or typed provider surface in this release.
Binance	Futures (USD-M) WebSocket	WebSocketRequest	POST	/v2/account.balance	futuresAccountBalanceV2	documented_active	provider_typed	general_adapter_or_provider	not_applicable		not_connected		Unlinked	unreviewed		unreviewed		unreviewed		unreviewed		unreviewed		unreviewed				needs_evidence	continue_audit	Audited against the current repository; this active provider-typed operation has no connected Rust bridge or typed provider surface in this release.
Binance	Futures (USD-M) WebSocket	WebSocketRequest	POST	/v2/account.position	positionInformationV2	documented_active	provider_typed	general_adapter_or_provider	not_applicable		not_connected		Unlinked	unreviewed		unreviewed		unreviewed		unreviewed		unreviewed		unreviewed				needs_evidence	continue_audit	Audited against the current repository; this active provider-typed operation has no connected Rust bridge or typed provider surface in this release.
Binance	Futures (USD-M) WebSocket	WebSocketRequest	POST	/v2/account.status	accountInformationV2	documented_active	provider_typed	general_adapter_or_provider	not_applicable		not_connected		Unlinked	unreviewed		unreviewed		unreviewed		unreviewed		unreviewed		unreviewed				needs_evidence	continue_audit	Audited against the current repository; this active provider-typed operation has no connected Rust bridge or typed provider surface in this release.
Binance	Futures (USD-M) WebSocket Market Streams	WebSocketStream	POST	/!assetIndex@arr	assetIndex	documented_active	provider_typed	general_adapter_or_provider	not_applicable		not_connected		Unlinked	unreviewed		unreviewed		unreviewed		unreviewed		unreviewed		unreviewed				needs_evidence	continue_audit	Audited against the current repository; this active provider-typed operation has no connected Rust bridge or typed provider surface in this release.
Binance	Futures (USD-M) WebSocket Market Streams	WebSocketStream	POST	/!bookTicker	allBookTickersStream	documented_active	provider_typed	general_adapter_or_provider	not_applicable		not_connected		Unlinked	unreviewed		unreviewed		unreviewed		unreviewed		unreviewed		unreviewed				needs_evidence	continue_audit	Audited against the current repository; this active provider-typed operation has no connected Rust bridge or typed provider surface in this release.
Binance	Futures (USD-M) WebSocket Market Streams	WebSocketStream	POST	/!contractInfo	contractInfoStream	documented_active	provider_typed	general_adapter_or_provider	not_applicable		not_connected		Unlinked	unreviewed		unreviewed		unreviewed		unreviewed		unreviewed		unreviewed				needs_evidence	continue_audit	Audited against the current repository; this active provider-typed operation has no connected Rust bridge or typed provider surface in this release.
Binance	Futures (USD-M) WebSocket Market Streams	WebSocketStream	POST	/!forceOrder@arr	allMarketLiquidationOrderStreams	documented_active	provider_typed	general_adapter_or_provider	not_applicable		not_connected		Unlinked	unreviewed		unreviewed		unreviewed		unreviewed		unreviewed		unreviewed				needs_evidence	continue_audit	Audited against the current repository; this active provider-typed operation has no connected Rust bridge or typed provider surface in this release.
Binance	Futures (USD-M) WebSocket Market Streams	WebSocketStream	POST	/!markPrice@arr@{updateSpeed}	markPriceStreamForAllMarket	documented_active	provider_typed	general_adapter_or_provider	not_applicable		not_connected		Unlinked	unreviewed		unreviewed		unreviewed		unreviewed		unreviewed		unreviewed				needs_evidence	continue_audit	Audited against the current repository; this active provider-typed operation has no connected Rust bridge or typed provider surface in this release.
Binance	Futures (USD-M) WebSocket Market Streams	WebSocketStream	POST	/!miniTicker@arr	allMarketMiniTickersStream	documented_active	provider_typed	general_adapter_or_provider	not_applicable		not_connected		Unlinked	unreviewed		unreviewed		unreviewed		unreviewed		unreviewed		unreviewed				needs_evidence	continue_audit	Audited against the current repository; this active provider-typed operation has no connected Rust bridge or typed provider surface in this release.
Binance	Futures (USD-M) WebSocket Market Streams	WebSocketStream	POST	/!ticker@arr	allMarketTickersStreams	documented_active	provider_typed	general_adapter_or_provider	not_applicable		not_connected		Unlinked	unreviewed		unreviewed		unreviewed		unreviewed		unreviewed		unreviewed				needs_evidence	continue_audit	Audited against the current repository; this active provider-typed operation has no connected Rust bridge or typed provider surface in this release.
Binance	Futures (USD-M) WebSocket Market Streams	WebSocketStream	POST	/tradingSession	tradingSessionStream	documented_active	provider_typed	general_adapter_or_provider	not_applicable		not_connected		Unlinked	unreviewed		unreviewed		unreviewed		unreviewed		unreviewed		unreviewed				needs_evidence	continue_audit	Audited against the current repository; this active provider-typed operation has no connected Rust bridge or typed provider surface in this release.
Binance	Futures (USD-M) WebSocket Market Streams	WebSocketStream	POST	/{pair}_{contractType}@continuousKline_{interval}	continuousContractKlineCandlestickStreams	documented_active	provider_typed	general_adapter_or_provider	not_applicable		not_connected		Unlinked	unreviewed		unreviewed		unreviewed		unreviewed		unreviewed		unreviewed				needs_evidence	continue_audit	Audited against the current repository; this active provider-typed operation has no connected Rust bridge or typed provider surface in this release.
Binance	Futures (USD-M) WebSocket Market Streams	WebSocketStream	POST	/{symbol}@aggTrade	aggregateTradeStreams	documented_active	provider_typed	general_adapter_or_provider	not_applicable	usd_m.aggregate_trade_stream	connected	bindings/common/src/coverage.rs::OPERATIONS	Planned	present	src/adapters/binance/mod.rs:911	present	bindings/common/src/schema.rs::binding_schema	present	bindings/python/python/maxt/_generated_contract.py;bindings/dart/lib/src/generated_contract.dart;bindings/typescript/src/generated/contract.ts	present	bindings/python/python/maxt/adapters.py	present	bindings/dart/lib/src/generated_provider_methods.dart	present	bindings/typescript/src/generated/api.ts	Documented	aggregate_trades	needs_design	service_or_contract_decision	Aggregate trade events contain a fill-ID range that MarketEvent::Trade cannot preserve.
Binance	Futures (USD-M) WebSocket Market Streams	WebSocketStream	POST	/{symbol}@bookTicker	individualSymbolBookTickerStreams	documented_active	provider_typed	general_adapter_or_provider	not_applicable		not_connected		Unlinked	unreviewed		unreviewed		unreviewed		unreviewed		unreviewed		unreviewed				needs_evidence	continue_audit	Audited against the current repository; this active provider-typed operation has no connected Rust bridge or typed provider surface in this release.
Binance	Futures (USD-M) WebSocket Market Streams	WebSocketStream	POST	/{symbol}@compositeIndex	compositeIndexSymbolInformationStreams	documented_active	provider_typed	general_adapter_or_provider	not_applicable		not_connected		Unlinked	unreviewed		unreviewed		unreviewed		unreviewed		unreviewed		unreviewed				needs_evidence	continue_audit	Audited against the current repository; this active provider-typed operation has no connected Rust bridge or typed provider surface in this release.
Binance	Futures (USD-M) WebSocket Market Streams	WebSocketStream	POST	/{symbol}@depth@{updateSpeed}	diffBookDepthStreams	documented_active	provider_typed	general_adapter_or_provider	not_applicable		not_connected		Unlinked	unreviewed		unreviewed		unreviewed		unreviewed		unreviewed		unreviewed				needs_design	service_or_contract_decision	The current MarketEvent contract cannot preserve the official stream semantics.
Binance	Futures (USD-M) WebSocket Market Streams	WebSocketStream	POST	/{symbol}@depth{levels}@{updateSpeed}	partialBookDepthStreams	documented_active	common_existing	general_adapter_or_provider	not_applicable	usd_m.partial_book_depth_stream	connected	bindings/common/src/coverage.rs::OPERATIONS	Partial	present	src/adapter.rs:78	present	bindings/common/src/schema.rs::binding_schema	present	bindings/python/python/maxt/_generated_contract.py;bindings/dart/lib/src/generated_contract.dart;bindings/typescript/src/generated/contract.ts	present	bindings/python/python/maxt/adapters.py	present	bindings/dart/lib/src/generated_provider_methods.dart	present	bindings/typescript/src/generated/api.ts	LiveRead	subscribe	needs_evidence	continue_audit	The existing implementation scope is retained, but operation-level semantic audit evidence is incomplete.
Binance	Futures (USD-M) WebSocket Market Streams	WebSocketStream	POST	/{symbol}@forceOrder	liquidationOrderStreams	documented_active	provider_typed	general_adapter_or_provider	not_applicable		not_connected		Unlinked	unreviewed		unreviewed		unreviewed		unreviewed		unreviewed		unreviewed				needs_evidence	continue_audit	Audited against the current repository; this active provider-typed operation has no connected Rust bridge or typed provider surface in this release.
Binance	Futures (USD-M) WebSocket Market Streams	WebSocketStream	POST	/{symbol}@kline_{interval}	klineCandlestickStreams	documented_active	common_existing	general_adapter_or_provider	not_applicable	usd_m.kline_stream	connected	bindings/common/src/coverage.rs::OPERATIONS	Partial	present	src/adapter.rs:78	present	bindings/common/src/schema.rs::binding_schema	present	bindings/python/python/maxt/_generated_contract.py;bindings/dart/lib/src/generated_contract.dart;bindings/typescript/src/generated/contract.ts	present	bindings/python/python/maxt/adapters.py	present	bindings/dart/lib/src/generated_provider_methods.dart	present	bindings/typescript/src/generated/api.ts	LiveRead	subscribe	needs_evidence	continue_audit	The existing implementation scope is retained, but operation-level semantic audit evidence is incomplete.
Binance	Futures (USD-M) WebSocket Market Streams	WebSocketStream	POST	/{symbol}@markPrice@{updateSpeed}	markPriceStream	documented_active	provider_typed	general_adapter_or_provider	not_applicable		not_connected		Unlinked	unreviewed		unreviewed		unreviewed		unreviewed		unreviewed		unreviewed				needs_evidence	continue_audit	Audited against the current repository; this active provider-typed operation has no connected Rust bridge or typed provider surface in this release.
Binance	Futures (USD-M) WebSocket Market Streams	WebSocketStream	POST	/{symbol}@miniTicker	individualSymbolMiniTickerStream	documented_active	provider_typed	general_adapter_or_provider	not_applicable		not_connected		Unlinked	unreviewed		unreviewed		unreviewed		unreviewed		unreviewed		unreviewed				needs_evidence	continue_audit	Audited against the current repository; this active provider-typed operation has no connected Rust bridge or typed provider surface in this release.
Binance	Futures (USD-M) WebSocket Market Streams	WebSocketStream	POST	/{symbol}@rpiDepth@500ms	rpiDiffBookDepthStreams	documented_active	provider_typed	general_adapter_or_provider	not_applicable		not_connected		Unlinked	unreviewed		unreviewed		unreviewed		unreviewed		unreviewed		unreviewed				needs_design	service_or_contract_decision	The current MarketEvent contract cannot preserve the official stream semantics.
Binance	Futures (USD-M) WebSocket Market Streams	WebSocketStream	POST	/{symbol}@ticker	individualSymbolTickerStreams	documented_active	common_existing	general_adapter_or_provider	not_applicable	usd_m.ticker_stream	connected	bindings/common/src/coverage.rs::OPERATIONS	Partial	present	src/adapter.rs:78	present	bindings/common/src/schema.rs::binding_schema	present	bindings/python/python/maxt/_generated_contract.py;bindings/dart/lib/src/generated_contract.dart;bindings/typescript/src/generated/contract.ts	present	bindings/python/python/maxt/adapters.py	present	bindings/dart/lib/src/generated_provider_methods.dart	present	bindings/typescript/src/generated/api.ts	LiveRead	subscribe	needs_evidence	continue_audit	The existing implementation scope is retained, but operation-level semantic audit evidence is incomplete.
Binance	Gift Card REST	Http	GET	/sapi/v1/giftcard/buyCode/token-limit	fetchTokenLimit	documented_active	provider_typed	general_adapter_or_provider	not_applicable		not_connected		Unlinked	unreviewed		unreviewed		unreviewed		unreviewed		unreviewed		unreviewed				needs_evidence	continue_audit	Audited against the current repository; this active provider-typed operation has no connected Rust bridge or typed provider surface in this release.
Binance	Gift Card REST	Http	GET	/sapi/v1/giftcard/cryptography/rsa-public-key	fetchRsaPublicKey	documented_active	provider_typed	general_adapter_or_provider	not_applicable		not_connected		Unlinked	unreviewed		unreviewed		unreviewed		unreviewed		unreviewed		unreviewed				needs_evidence	continue_audit	Audited against the current repository; this active provider-typed operation has no connected Rust bridge or typed provider surface in this release.
Binance	Gift Card REST	Http	GET	/sapi/v1/giftcard/verify	verifyBinanceGiftCardByGiftCardNumber	documented_active	provider_typed	general_adapter_or_provider	not_applicable		not_connected		Unlinked	unreviewed		unreviewed		unreviewed		unreviewed		unreviewed		unreviewed				needs_evidence	continue_audit	Audited against the current repository; this active provider-typed operation has no connected Rust bridge or typed provider surface in this release.
Binance	Gift Card REST	Http	POST	/sapi/v1/giftcard/buyCode	createADualTokenGiftCard	documented_active	provider_typed	general_adapter_or_provider	not_applicable		not_connected		Unlinked	unreviewed		unreviewed		unreviewed		unreviewed		unreviewed		unreviewed				needs_evidence	continue_audit	Audited against the current repository; this active provider-typed operation has no connected Rust bridge or typed provider surface in this release.
Binance	Gift Card REST	Http	POST	/sapi/v1/giftcard/createCode	createASingleTokenGiftCard	documented_active	provider_typed	general_adapter_or_provider	not_applicable		not_connected		Unlinked	unreviewed		unreviewed		unreviewed		unreviewed		unreviewed		unreviewed				needs_evidence	continue_audit	Audited against the current repository; this active provider-typed operation has no connected Rust bridge or typed provider surface in this release.
Binance	Gift Card REST	Http	POST	/sapi/v1/giftcard/redeemCode	redeemABinanceGiftCard	documented_active	provider_typed	general_adapter_or_provider	not_applicable		not_connected		Unlinked	unreviewed		unreviewed		unreviewed		unreviewed		unreviewed		unreviewed				needs_evidence	continue_audit	Audited against the current repository; this active provider-typed operation has no connected Rust bridge or typed provider surface in this release.
Binance	Margin REST	Http	DELETE	/sapi/v1/margin/apiKey	deleteSpecialKey	documented_active	provider_typed	general_adapter_or_provider	not_applicable		not_connected		Unlinked	unreviewed		unreviewed		unreviewed		unreviewed		unreviewed		unreviewed				needs_evidence	continue_audit	Audited against the current repository; this active provider-typed operation has no connected Rust bridge or typed provider surface in this release.
Binance	Margin REST	Http	DELETE	/sapi/v1/margin/isolated/account	disableIsolatedMarginAccount	documented_active	provider_typed	general_adapter_or_provider	not_applicable		not_connected		Unlinked	unreviewed		unreviewed		unreviewed		unreviewed		unreviewed		unreviewed				needs_evidence	continue_audit	Audited against the current repository; this active provider-typed operation has no connected Rust bridge or typed provider surface in this release.
Binance	Margin REST	Http	DELETE	/sapi/v1/margin/listen-key	closeUserDataStream	documented_active	provider_typed	general_adapter_or_provider	not_applicable		not_connected		Unlinked	unreviewed		unreviewed		unreviewed		unreviewed		unreviewed		unreviewed				needs_evidence	continue_audit	Audited against the current repository; this active provider-typed operation has no connected Rust bridge or typed provider surface in this release.
Binance	Margin REST	Http	DELETE	/sapi/v1/margin/openOrders	marginAccountCancelAllOpenOrdersOnASymbol	documented_active	provider_typed	general_adapter_or_provider	not_applicable		not_connected		Unlinked	unreviewed		unreviewed		unreviewed		unreviewed		unreviewed		unreviewed				needs_evidence	continue_audit	Audited against the current repository; this active provider-typed operation has no connected Rust bridge or typed provider surface in this release.
Binance	Margin REST	Http	DELETE	/sapi/v1/margin/order	marginAccountCancelOrder	documented_active	provider_typed	general_adapter_or_provider	not_applicable		not_connected		Unlinked	unreviewed		unreviewed		unreviewed		unreviewed		unreviewed		unreviewed				needs_evidence	continue_audit	Audited against the current repository; this active provider-typed operation has no connected Rust bridge or typed provider surface in this release.
Binance	Margin REST	Http	DELETE	/sapi/v1/margin/orderList	marginAccountCancelOco	documented_active	provider_typed	general_adapter_or_provider	not_applicable		not_connected		Unlinked	unreviewed		unreviewed		unreviewed		unreviewed		unreviewed		unreviewed				needs_evidence	continue_audit	Audited against the current repository; this active provider-typed operation has no connected Rust bridge or typed provider surface in this release.
Binance	Margin REST	Http	GET	/sapi/v1/bnbBurn	getBnbBurnStatus	documented_active	provider_typed	general_adapter_or_provider	not_applicable		not_connected		Unlinked	unreviewed		unreviewed		unreviewed		unreviewed		unreviewed		unreviewed				needs_evidence	continue_audit	Audited against the current repository; this active provider-typed operation has no connected Rust bridge or typed provider surface in this release.
Binance	Margin REST	Http	GET	/sapi/v1/margin/account	queryCrossMarginAccountDetails	documented_active	provider_typed	general_adapter_or_provider	not_applicable		not_connected		Unlinked	unreviewed		unreviewed		unreviewed		unreviewed		unreviewed		unreviewed				needs_evidence	continue_audit	Audited against the current repository; this active provider-typed operation has no connected Rust bridge or typed provider surface in this release.
Binance	Margin REST	Http	GET	/sapi/v1/margin/allAssets	getAllMarginAssets	documented_active	provider_typed	general_adapter_or_provider	not_applicable		not_connected		Unlinked	unreviewed		unreviewed		unreviewed		unreviewed		unreviewed		unreviewed				needs_evidence	continue_audit	Audited against the current repository; this active provider-typed operation has no connected Rust bridge or typed provider surface in this release.
Binance	Margin REST	Http	GET	/sapi/v1/margin/allOrderList	queryMarginAccountsAllOco	documented_active	provider_typed	general_adapter_or_provider	not_applicable		not_connected		Unlinked	unreviewed		unreviewed		unreviewed		unreviewed		unreviewed		unreviewed				needs_evidence	continue_audit	Audited against the current repository; this active provider-typed operation has no connected Rust bridge or typed provider surface in this release.
Binance	Margin REST	Http	GET	/sapi/v1/margin/allOrders	queryMarginAccountsAllOrders	documented_active	provider_typed	general_adapter_or_provider	not_applicable		not_connected		Unlinked	unreviewed		unreviewed		unreviewed		unreviewed		unreviewed		unreviewed				needs_evidence	continue_audit	Audited against the current repository; this active provider-typed operation has no connected Rust bridge or typed provider surface in this release.
Binance	Margin REST	Http	GET	/sapi/v1/margin/allPairs	getAllCrossMarginPairs	documented_active	provider_typed	general_adapter_or_provider	not_applicable		not_connected		Unlinked	unreviewed		unreviewed		unreviewed		unreviewed		unreviewed		unreviewed				needs_evidence	continue_audit	Audited against the current repository; this active provider-typed operation has no connected Rust bridge or typed provider surface in this release.
Binance	Margin REST	Http	GET	/sapi/v1/margin/api-key-list	querySpecialKeyList	documented_active	provider_typed	general_adapter_or_provider	not_applicable		not_connected		Unlinked	unreviewed		unreviewed		unreviewed		unreviewed		unreviewed		unreviewed				needs_evidence	continue_audit	Audited against the current repository; this active provider-typed operation has no connected Rust bridge or typed provider surface in this release.
Binance	Margin REST	Http	GET	/sapi/v1/margin/apiKey	querySpecialKey	documented_active	provider_typed	general_adapter_or_provider	not_applicable		not_connected		Unlinked	unreviewed		unreviewed		unreviewed		unreviewed		unreviewed		unreviewed				needs_evidence	continue_audit	Audited against the current repository; this active provider-typed operation has no connected Rust bridge or typed provider surface in this release.
Binance	Margin REST	Http	GET	/sapi/v1/margin/available-inventory	queryMarginAvailableInventory	documented_active	provider_typed	general_adapter_or_provider	not_applicable		not_connected		Unlinked	unreviewed		unreviewed		unreviewed		unreviewed		unreviewed		unreviewed				needs_evidence	continue_audit	Audited against the current repository; this active provider-typed operation has no connected Rust bridge or typed provider surface in this release.
Binance	Margin REST	Http	GET	/sapi/v1/margin/borrow-repay	queryBorrowRepayRecordsInMarginAccount	documented_active	provider_typed	general_adapter_or_provider	not_applicable		not_connected		Unlinked	unreviewed		unreviewed		unreviewed		unreviewed		unreviewed		unreviewed				needs_evidence	continue_audit	Audited against the current repository; this active provider-typed operation has no connected Rust bridge or typed provider surface in this release.
Binance	Margin REST	Http	GET	/sapi/v1/margin/capital-flow	queryCrossIsolatedMarginCapitalFlow	documented_active	provider_typed	general_adapter_or_provider	not_applicable		not_connected		Unlinked	unreviewed		unreviewed		unreviewed		unreviewed		unreviewed		unreviewed				needs_evidence	continue_audit	Audited against the current repository; this active provider-typed operation has no connected Rust bridge or typed provider surface in this release.
Binance	Margin REST	Http	GET	/sapi/v1/margin/crossMarginCollateralRatio	crossMarginCollateralRatio	documented_active	provider_typed	general_adapter_or_provider	not_applicable		not_connected		Unlinked	unreviewed		unreviewed		unreviewed		unreviewed		unreviewed		unreviewed				needs_evidence	continue_audit	Audited against the current repository; this active provider-typed operation has no connected Rust bridge or typed provider surface in this release.
Binance	Margin REST	Http	GET	/sapi/v1/margin/crossMarginData	queryCrossMarginFeeData	documented_active	provider_typed	general_adapter_or_provider	not_applicable		not_connected		Unlinked	unreviewed		unreviewed		unreviewed		unreviewed		unreviewed		unreviewed				needs_evidence	continue_audit	Audited against the current repository; this active provider-typed operation has no connected Rust bridge or typed provider surface in this release.
Binance	Margin REST	Http	GET	/sapi/v1/margin/delist-schedule	getDelistSchedule	documented_active	provider_typed	general_adapter_or_provider	not_applicable		not_connected		Unlinked	unreviewed		unreviewed		unreviewed		unreviewed		unreviewed		unreviewed				needs_evidence	continue_audit	Audited against the current repository; this active provider-typed operation has no connected Rust bridge or typed provider surface in this release.
Binance	Margin REST	Http	GET	/sapi/v1/margin/exchange-small-liability	getSmallLiabilityExchangeCoinList	documented_active	provider_typed	general_adapter_or_provider	not_applicable		not_connected		Unlinked	unreviewed		unreviewed		unreviewed		unreviewed		unreviewed		unreviewed				needs_evidence	continue_audit	Audited against the current repository; this active provider-typed operation has no connected Rust bridge or typed provider surface in this release.
Binance	Margin REST	Http	GET	/sapi/v1/margin/exchange-small-liability-history	getSmallLiabilityExchangeHistory	documented_active	provider_typed	general_adapter_or_provider	not_applicable		not_connected		Unlinked	unreviewed		unreviewed		unreviewed		unreviewed		unreviewed		unreviewed				needs_evidence	continue_audit	Audited against the current repository; this active provider-typed operation has no connected Rust bridge or typed provider surface in this release.
Binance	Margin REST	Http	GET	/sapi/v1/margin/forceLiquidationRec	getForceLiquidationRecord	documented_active	provider_typed	general_adapter_or_provider	not_applicable		not_connected		Unlinked	unreviewed		unreviewed		unreviewed		unreviewed		unreviewed		unreviewed				needs_evidence	continue_audit	Audited against the current repository; this active provider-typed operation has no connected Rust bridge or typed provider surface in this release.
Binance	Margin REST	Http	GET	/sapi/v1/margin/interestHistory	getInterestHistory	documented_active	provider_typed	general_adapter_or_provider	not_applicable		not_connected		Unlinked	unreviewed		unreviewed		unreviewed		unreviewed		unreviewed		unreviewed				needs_evidence	continue_audit	Audited against the current repository; this active provider-typed operation has no connected Rust bridge or typed provider surface in this release.
Binance	Margin REST	Http	GET	/sapi/v1/margin/interestRateHistory	queryMarginInterestRateHistory	documented_active	provider_typed	general_adapter_or_provider	not_applicable		not_connected		Unlinked	unreviewed		unreviewed		unreviewed		unreviewed		unreviewed		unreviewed				needs_evidence	continue_audit	Audited against the current repository; this active provider-typed operation has no connected Rust bridge or typed provider surface in this release.
Binance	Margin REST	Http	GET	/sapi/v1/margin/isolated/account	queryIsolatedMarginAccountInfo	documented_active	provider_typed	general_adapter_or_provider	not_applicable		not_connected		Unlinked	unreviewed		unreviewed		unreviewed		unreviewed		unreviewed		unreviewed				needs_evidence	continue_audit	Audited against the current repository; this active provider-typed operation has no connected Rust bridge or typed provider surface in this release.
Binance	Margin REST	Http	GET	/sapi/v1/margin/isolated/accountLimit	queryEnabledIsolatedMarginAccountLimit	documented_active	provider_typed	general_adapter_or_provider	not_applicable		not_connected		Unlinked	unreviewed		unreviewed		unreviewed		unreviewed		unreviewed		unreviewed				needs_evidence	continue_audit	Audited against the current repository; this active provider-typed operation has no connected Rust bridge or typed provider surface in this release.
Binance	Margin REST	Http	GET	/sapi/v1/margin/isolated/allPairs	getAllIsolatedMarginSymbol	documented_active	provider_typed	general_adapter_or_provider	not_applicable		not_connected		Unlinked	unreviewed		unreviewed		unreviewed		unreviewed		unreviewed		unreviewed				needs_evidence	continue_audit	Audited against the current repository; this active provider-typed operation has no connected Rust bridge or typed provider surface in this release.
Binance	Margin REST	Http	GET	/sapi/v1/margin/isolatedMarginData	queryIsolatedMarginFeeData	documented_active	provider_typed	general_adapter_or_provider	not_applicable		not_connected		Unlinked	unreviewed		unreviewed		unreviewed		unreviewed		unreviewed		unreviewed				needs_evidence	continue_audit	Audited against the current repository; this active provider-typed operation has no connected Rust bridge or typed provider surface in this release.
Binance	Margin REST	Http	GET	/sapi/v1/margin/isolatedMarginTier	queryIsolatedMarginTierData	documented_active	provider_typed	general_adapter_or_provider	not_applicable		not_connected		Unlinked	unreviewed		unreviewed		unreviewed		unreviewed		unreviewed		unreviewed				needs_evidence	continue_audit	Audited against the current repository; this active provider-typed operation has no connected Rust bridge or typed provider surface in this release.
Binance	Margin REST	Http	GET	/sapi/v1/margin/leverageBracket	queryLiabilityCoinLeverageBracketInCrossMarginProMode	documented_active	provider_typed	general_adapter_or_provider	not_applicable		not_connected		Unlinked	unreviewed		unreviewed		unreviewed		unreviewed		unreviewed		unreviewed				needs_evidence	continue_audit	Audited against the current repository; this active provider-typed operation has no connected Rust bridge or typed provider surface in this release.
Binance	Margin REST	Http	GET	/sapi/v1/margin/limit-price-pairs	getLimitPricePairs	documented_active	provider_typed	general_adapter_or_provider	not_applicable		not_connected		Unlinked	unreviewed		unreviewed		unreviewed		unreviewed		unreviewed		unreviewed				needs_evidence	continue_audit	Audited against the current repository; this active provider-typed operation has no connected Rust bridge or typed provider surface in this release.
Binance	Margin REST	Http	GET	/sapi/v1/margin/liquidation-loan	queryLiquidationLoan	documented_active	provider_typed	general_adapter_or_provider	not_applicable		not_connected		Unlinked	unreviewed		unreviewed		unreviewed		unreviewed		unreviewed		unreviewed				needs_evidence	continue_audit	Audited against the current repository; this active provider-typed operation has no connected Rust bridge or typed provider surface in this release.
Binance	Margin REST	Http	GET	/sapi/v1/margin/liquidation-loan/repay-history	queryLiquidationLoanRepayHistory	documented_active	provider_typed	general_adapter_or_provider	not_applicable		not_connected		Unlinked	unreviewed		unreviewed		unreviewed		unreviewed		unreviewed		unreviewed				needs_evidence	continue_audit	Audited against the current repository; this active provider-typed operation has no connected Rust bridge or typed provider surface in this release.
Binance	Margin REST	Http	GET	/sapi/v1/margin/list-schedule	getListSchedule	documented_active	provider_typed	general_adapter_or_provider	not_applicable		not_connected		Unlinked	unreviewed		unreviewed		unreviewed		unreviewed		unreviewed		unreviewed				needs_evidence	continue_audit	Audited against the current repository; this active provider-typed operation has no connected Rust bridge or typed provider surface in this release.
Binance	Margin REST	Http	GET	/sapi/v1/margin/maxBorrowable	queryMaxBorrow	documented_active	provider_typed	general_adapter_or_provider	not_applicable		not_connected		Unlinked	unreviewed		unreviewed		unreviewed		unreviewed		unreviewed		unreviewed				needs_evidence	continue_audit	Audited against the current repository; this active provider-typed operation has no connected Rust bridge or typed provider surface in this release.
Binance	Margin REST	Http	GET	/sapi/v1/margin/maxTransferable	queryMaxTransferOutAmount	documented_active	provider_typed	general_adapter_or_provider	not_applicable		not_connected		Unlinked	unreviewed		unreviewed		unreviewed		unreviewed		unreviewed		unreviewed				needs_evidence	continue_audit	Audited against the current repository; this active provider-typed operation has no connected Rust bridge or typed provider surface in this release.
Binance	Margin REST	Http	GET	/sapi/v1/margin/myPreventedMatches	queryPreventedMatches	documented_active	provider_typed	general_adapter_or_provider	not_applicable		not_connected		Unlinked	unreviewed		unreviewed		unreviewed		unreviewed		unreviewed		unreviewed				needs_evidence	continue_audit	Audited against the current repository; this active provider-typed operation has no connected Rust bridge or typed provider surface in this release.
Binance	Margin REST	Http	GET	/sapi/v1/margin/myTrades	queryMarginAccountsTradeList	documented_active	provider_typed	general_adapter_or_provider	not_applicable		not_connected		Unlinked	unreviewed		unreviewed		unreviewed		unreviewed		unreviewed		unreviewed				needs_evidence	continue_audit	Audited against the current repository; this active provider-typed operation has no connected Rust bridge or typed provider surface in this release.
Binance	Margin REST	Http	GET	/sapi/v1/margin/next-hourly-interest-rate	getFutureHourlyInterestRate	documented_active	provider_typed	general_adapter_or_provider	not_applicable		not_connected		Unlinked	unreviewed		unreviewed		unreviewed		unreviewed		unreviewed		unreviewed				needs_evidence	continue_audit	Audited against the current repository; this active provider-typed operation has no connected Rust bridge or typed provider surface in this release.
Binance	Margin REST	Http	GET	/sapi/v1/margin/openOrderList	queryMarginAccountsOpenOco	documented_active	provider_typed	general_adapter_or_provider	not_applicable		not_connected		Unlinked	unreviewed		unreviewed		unreviewed		unreviewed		unreviewed		unreviewed				needs_evidence	continue_audit	Audited against the current repository; this active provider-typed operation has no connected Rust bridge or typed provider surface in this release.
Binance	Margin REST	Http	GET	/sapi/v1/margin/openOrders	queryMarginAccountsOpenOrders	documented_active	provider_typed	general_adapter_or_provider	not_applicable		not_connected		Unlinked	unreviewed		unreviewed		unreviewed		unreviewed		unreviewed		unreviewed				needs_evidence	continue_audit	Audited against the current repository; this active provider-typed operation has no connected Rust bridge or typed provider surface in this release.
Binance	Margin REST	Http	GET	/sapi/v1/margin/order	queryMarginAccountsOrder	documented_active	provider_typed	general_adapter_or_provider	not_applicable		not_connected		Unlinked	unreviewed		unreviewed		unreviewed		unreviewed		unreviewed		unreviewed				needs_evidence	continue_audit	Audited against the current repository; this active provider-typed operation has no connected Rust bridge or typed provider surface in this release.
Binance	Margin REST	Http	GET	/sapi/v1/margin/orderList	queryMarginAccountsOco	documented_active	provider_typed	general_adapter_or_provider	not_applicable		not_connected		Unlinked	unreviewed		unreviewed		unreviewed		unreviewed		unreviewed		unreviewed				needs_evidence	continue_audit	Audited against the current repository; this active provider-typed operation has no connected Rust bridge or typed provider surface in this release.
Binance	Margin REST	Http	GET	/sapi/v1/margin/priceIndex	queryMarginPriceindex	documented_active	provider_typed	general_adapter_or_provider	not_applicable		not_connected		Unlinked	unreviewed		unreviewed		unreviewed		unreviewed		unreviewed		unreviewed				needs_evidence	continue_audit	Audited against the current repository; this active provider-typed operation has no connected Rust bridge or typed provider surface in this release.
Binance	Margin REST	Http	GET	/sapi/v1/margin/rateLimit/order	queryCurrentMarginOrderCountUsage	documented_active	provider_typed	general_adapter_or_provider	not_applicable		not_connected		Unlinked	unreviewed		unreviewed		unreviewed		unreviewed		unreviewed		unreviewed				needs_evidence	continue_audit	Audited against the current repository; this active provider-typed operation has no connected Rust bridge or typed provider surface in this release.
Binance	Margin REST	Http	GET	/sapi/v1/margin/restricted-asset	getMarginRestrictedAssets	documented_active	provider_typed	general_adapter_or_provider	not_applicable		not_connected		Unlinked	unreviewed		unreviewed		unreviewed		unreviewed		unreviewed		unreviewed				needs_evidence	continue_audit	Audited against the current repository; this active provider-typed operation has no connected Rust bridge or typed provider surface in this release.
Binance	Margin REST	Http	GET	/sapi/v1/margin/risk-based-liquidation-ratio	getMarginAssetRiskBasedLiquidationRatio	documented_active	provider_typed	general_adapter_or_provider	not_applicable		not_connected		Unlinked	unreviewed		unreviewed		unreviewed		unreviewed		unreviewed		unreviewed				needs_evidence	continue_audit	Audited against the current repository; this active provider-typed operation has no connected Rust bridge or typed provider surface in this release.
Binance	Margin REST	Http	GET	/sapi/v1/margin/tradeCoeff	getSummaryOfMarginAccount	documented_active	provider_typed	general_adapter_or_provider	not_applicable		not_connected		Unlinked	unreviewed		unreviewed		unreviewed		unreviewed		unreviewed		unreviewed				needs_evidence	continue_audit	Audited against the current repository; this active provider-typed operation has no connected Rust bridge or typed provider surface in this release.
Binance	Margin REST	Http	GET	/sapi/v1/margin/transfer	getCrossMarginTransferHistory	documented_active	provider_typed	general_adapter_or_provider	not_applicable		not_connected		Unlinked	unreviewed		unreviewed		unreviewed		unreviewed		unreviewed		unreviewed				needs_evidence	continue_audit	Audited against the current repository; this active provider-typed operation has no connected Rust bridge or typed provider surface in this release.
Binance	Margin REST	Http	POST	/sapi/v1/margin/apiKey	createSpecialKey	documented_active	provider_typed	general_adapter_or_provider	not_applicable		not_connected		Unlinked	unreviewed		unreviewed		unreviewed		unreviewed		unreviewed		unreviewed				needs_evidence	continue_audit	Audited against the current repository; this active provider-typed operation has no connected Rust bridge or typed provider surface in this release.
Binance	Margin REST	Http	POST	/sapi/v1/margin/borrow-repay	marginAccountBorrowRepay	documented_active	provider_typed	general_adapter_or_provider	not_applicable		not_connected		Unlinked	unreviewed		unreviewed		unreviewed		unreviewed		unreviewed		unreviewed				needs_evidence	continue_audit	Audited against the current repository; this active provider-typed operation has no connected Rust bridge or typed provider surface in this release.
Binance	Margin REST	Http	POST	/sapi/v1/margin/exchange-small-liability	smallLiabilityExchange	documented_active	provider_typed	general_adapter_or_provider	not_applicable		not_connected		Unlinked	unreviewed		unreviewed		unreviewed		unreviewed		unreviewed		unreviewed				needs_evidence	continue_audit	Audited against the current repository; this active provider-typed operation has no connected Rust bridge or typed provider surface in this release.
Binance	Margin REST	Http	POST	/sapi/v1/margin/exit-special-key-mode	exitSpecialKeyMode	documented_active	provider_typed	general_adapter_or_provider	not_applicable		not_connected		Unlinked	unreviewed		unreviewed		unreviewed		unreviewed		unreviewed		unreviewed				needs_evidence	continue_audit	Audited against the current repository; this active provider-typed operation has no connected Rust bridge or typed provider surface in this release.
Binance	Margin REST	Http	POST	/sapi/v1/margin/isolated/account	enableIsolatedMarginAccount	documented_active	provider_typed	general_adapter_or_provider	not_applicable		not_connected		Unlinked	unreviewed		unreviewed		unreviewed		unreviewed		unreviewed		unreviewed				needs_evidence	continue_audit	Audited against the current repository; this active provider-typed operation has no connected Rust bridge or typed provider surface in this release.
Binance	Margin REST	Http	POST	/sapi/v1/margin/liquidation-loan/repay	liquidationLoanRepay	documented_active	provider_typed	general_adapter_or_provider	not_applicable		not_connected		Unlinked	unreviewed		unreviewed		unreviewed		unreviewed		unreviewed		unreviewed				needs_evidence	continue_audit	Audited against the current repository; this active provider-typed operation has no connected Rust bridge or typed provider surface in this release.
Binance	Margin REST	Http	POST	/sapi/v1/margin/listen-key	startUserDataStream	documented_active	provider_typed	general_adapter_or_provider	not_applicable		not_connected		Unlinked	unreviewed		unreviewed		unreviewed		unreviewed		unreviewed		unreviewed				needs_evidence	continue_audit	Audited against the current repository; this active provider-typed operation has no connected Rust bridge or typed provider surface in this release.
Binance	Margin REST	Http	POST	/sapi/v1/margin/manual-liquidation	marginManualLiquidation	documented_active	provider_typed	general_adapter_or_provider	not_applicable		not_connected		Unlinked	unreviewed		unreviewed		unreviewed		unreviewed		unreviewed		unreviewed				needs_evidence	continue_audit	Audited against the current repository; this active provider-typed operation has no connected Rust bridge or typed provider surface in this release.
Binance	Margin REST	Http	POST	/sapi/v1/margin/max-leverage	adjustCrossMarginMaxLeverage	documented_active	provider_typed	general_adapter_or_provider	not_applicable		not_connected		Unlinked	unreviewed		unreviewed		unreviewed		unreviewed		unreviewed		unreviewed				needs_evidence	continue_audit	Audited against the current repository; this active provider-typed operation has no connected Rust bridge or typed provider surface in this release.
Binance	Margin REST	Http	POST	/sapi/v1/margin/order	marginAccountNewOrder	documented_active	provider_typed	general_adapter_or_provider	not_applicable		not_connected		Unlinked	unreviewed		unreviewed		unreviewed		unreviewed		unreviewed		unreviewed				needs_evidence	continue_audit	Audited against the current repository; this active provider-typed operation has no connected Rust bridge or typed provider surface in this release.
Binance	Margin REST	Http	POST	/sapi/v1/margin/order/oco	marginAccountNewOco	documented_active	provider_typed	general_adapter_or_provider	not_applicable		not_connected		Unlinked	unreviewed		unreviewed		unreviewed		unreviewed		unreviewed		unreviewed				needs_evidence	continue_audit	Audited against the current repository; this active provider-typed operation has no connected Rust bridge or typed provider surface in this release.
Binance	Margin REST	Http	POST	/sapi/v1/margin/order/oto	marginAccountNewOto	documented_active	provider_typed	general_adapter_or_provider	not_applicable		not_connected		Unlinked	unreviewed		unreviewed		unreviewed		unreviewed		unreviewed		unreviewed				needs_evidence	continue_audit	Audited against the current repository; this active provider-typed operation has no connected Rust bridge or typed provider surface in this release.
Binance	Margin REST	Http	POST	/sapi/v1/margin/order/otoco	marginAccountNewOtoco	documented_active	provider_typed	general_adapter_or_provider	not_applicable		not_connected		Unlinked	unreviewed		unreviewed		unreviewed		unreviewed		unreviewed		unreviewed				needs_evidence	continue_audit	Audited against the current repository; this active provider-typed operation has no connected Rust bridge or typed provider surface in this release.
Binance	Margin REST	Http	PUT	/sapi/v1/margin/apiKey/ip	editIpForSpecialKey	documented_active	provider_typed	general_adapter_or_provider	not_applicable		not_connected		Unlinked	unreviewed		unreviewed		unreviewed		unreviewed		unreviewed		unreviewed				needs_evidence	continue_audit	Audited against the current repository; this active provider-typed operation has no connected Rust bridge or typed provider surface in this release.
Binance	Margin REST	Http	PUT	/sapi/v1/margin/listen-key	keepaliveUserDataStream	documented_active	provider_typed	general_adapter_or_provider	not_applicable		not_connected		Unlinked	unreviewed		unreviewed		unreviewed		unreviewed		unreviewed		unreviewed				needs_evidence	continue_audit	Audited against the current repository; this active provider-typed operation has no connected Rust bridge or typed provider surface in this release.
Binance	Mining REST	Http	GET	/sapi/v1/mining/hash-transfer/config/details/list	hashrateResaleList	documented_active	provider_typed	general_adapter_or_provider	not_applicable		not_connected		Unlinked	unreviewed		unreviewed		unreviewed		unreviewed		unreviewed		unreviewed				needs_evidence	continue_audit	Audited against the current repository; this active provider-typed operation has no connected Rust bridge or typed provider surface in this release.
Binance	Mining REST	Http	GET	/sapi/v1/mining/hash-transfer/profit/details	hashrateResaleDetail	documented_active	provider_typed	general_adapter_or_provider	not_applicable		not_connected		Unlinked	unreviewed		unreviewed		unreviewed		unreviewed		unreviewed		unreviewed				needs_evidence	continue_audit	Audited against the current repository; this active provider-typed operation has no connected Rust bridge or typed provider surface in this release.
Binance	Mining REST	Http	GET	/sapi/v1/mining/payment/list	earningsList	documented_active	provider_typed	general_adapter_or_provider	not_applicable		not_connected		Unlinked	unreviewed		unreviewed		unreviewed		unreviewed		unreviewed		unreviewed				needs_evidence	continue_audit	Audited against the current repository; this active provider-typed operation has no connected Rust bridge or typed provider surface in this release.
Binance	Mining REST	Http	GET	/sapi/v1/mining/payment/other	extraBonusList	documented_active	provider_typed	general_adapter_or_provider	not_applicable		not_connected		Unlinked	unreviewed		unreviewed		unreviewed		unreviewed		unreviewed		unreviewed				needs_evidence	continue_audit	Audited against the current repository; this active provider-typed operation has no connected Rust bridge or typed provider surface in this release.
Binance	Mining REST	Http	GET	/sapi/v1/mining/payment/uid	miningAccountEarning	documented_active	provider_typed	general_adapter_or_provider	not_applicable		not_connected		Unlinked	unreviewed		unreviewed		unreviewed		unreviewed		unreviewed		unreviewed				needs_evidence	continue_audit	Audited against the current repository; this active provider-typed operation has no connected Rust bridge or typed provider surface in this release.
Binance	Mining REST	Http	GET	/sapi/v1/mining/pub/algoList	acquiringAlgorithm	documented_active	provider_typed	general_adapter_or_provider	not_applicable		not_connected		Unlinked	unreviewed		unreviewed		unreviewed		unreviewed		unreviewed		unreviewed				needs_evidence	continue_audit	Audited against the current repository; this active provider-typed operation has no connected Rust bridge or typed provider surface in this release.
Binance	Mining REST	Http	GET	/sapi/v1/mining/pub/coinList	acquiringCoinname	documented_active	provider_typed	general_adapter_or_provider	not_applicable		not_connected		Unlinked	unreviewed		unreviewed		unreviewed		unreviewed		unreviewed		unreviewed				needs_evidence	continue_audit	Audited against the current repository; this active provider-typed operation has no connected Rust bridge or typed provider surface in this release.
Binance	Mining REST	Http	GET	/sapi/v1/mining/statistics/user/list	accountList	documented_active	provider_typed	general_adapter_or_provider	not_applicable		not_connected		Unlinked	unreviewed		unreviewed		unreviewed		unreviewed		unreviewed		unreviewed				needs_evidence	continue_audit	Audited against the current repository; this active provider-typed operation has no connected Rust bridge or typed provider surface in this release.
Binance	Mining REST	Http	GET	/sapi/v1/mining/statistics/user/status	statisticList	documented_active	provider_typed	general_adapter_or_provider	not_applicable		not_connected		Unlinked	unreviewed		unreviewed		unreviewed		unreviewed		unreviewed		unreviewed				needs_evidence	continue_audit	Audited against the current repository; this active provider-typed operation has no connected Rust bridge or typed provider surface in this release.
Binance	Mining REST	Http	GET	/sapi/v1/mining/worker/detail	requestForDetailMinerList	documented_active	provider_typed	general_adapter_or_provider	not_applicable		not_connected		Unlinked	unreviewed		unreviewed		unreviewed		unreviewed		unreviewed		unreviewed				needs_evidence	continue_audit	Audited against the current repository; this active provider-typed operation has no connected Rust bridge or typed provider surface in this release.
Binance	Mining REST	Http	GET	/sapi/v1/mining/worker/list	requestForMinerList	documented_active	provider_typed	general_adapter_or_provider	not_applicable		not_connected		Unlinked	unreviewed		unreviewed		unreviewed		unreviewed		unreviewed		unreviewed				needs_evidence	continue_audit	Audited against the current repository; this active provider-typed operation has no connected Rust bridge or typed provider surface in this release.
Binance	Mining REST	Http	POST	/sapi/v1/mining/hash-transfer/config	hashrateResaleRequest	documented_active	provider_typed	general_adapter_or_provider	not_applicable		not_connected		Unlinked	unreviewed		unreviewed		unreviewed		unreviewed		unreviewed		unreviewed				needs_evidence	continue_audit	Audited against the current repository; this active provider-typed operation has no connected Rust bridge or typed provider surface in this release.
Binance	Mining REST	Http	POST	/sapi/v1/mining/hash-transfer/config/cancel	cancelHashrateResaleConfiguration	documented_active	provider_typed	general_adapter_or_provider	not_applicable		not_connected		Unlinked	unreviewed		unreviewed		unreviewed		unreviewed		unreviewed		unreviewed				needs_evidence	continue_audit	Audited against the current repository; this active provider-typed operation has no connected Rust bridge or typed provider surface in this release.
Binance	Options REST	Http	DELETE	/eapi/v1/allOpenOrders	cancelAllOptionOrdersOnSpecificSymbol	documented_active	provider_typed	general_adapter_or_provider	not_applicable		not_connected		Unlinked	unreviewed		unreviewed		unreviewed		unreviewed		unreviewed		unreviewed				needs_evidence	continue_audit	Audited against the current repository; this active provider-typed operation has no connected Rust bridge or typed provider surface in this release.
Binance	Options REST	Http	DELETE	/eapi/v1/allOpenOrdersByUnderlying	cancelAllOptionOrdersByUnderlying	documented_active	provider_typed	general_adapter_or_provider	not_applicable		not_connected		Unlinked	unreviewed		unreviewed		unreviewed		unreviewed		unreviewed		unreviewed				needs_evidence	continue_audit	Audited against the current repository; this active provider-typed operation has no connected Rust bridge or typed provider surface in this release.
Binance	Options REST	Http	DELETE	/eapi/v1/batchOrders	cancelMultipleOptionOrders	documented_active	provider_typed	general_adapter_or_provider	not_applicable		not_connected		Unlinked	unreviewed		unreviewed		unreviewed		unreviewed		unreviewed		unreviewed				needs_evidence	continue_audit	Audited against the current repository; this active provider-typed operation has no connected Rust bridge or typed provider surface in this release.
Binance	Options REST	Http	DELETE	/eapi/v1/block/order/create	cancelBlockTradeOrder	documented_active	provider_typed	general_adapter_or_provider	not_applicable		not_connected		Unlinked	unreviewed		unreviewed		unreviewed		unreviewed		unreviewed		unreviewed				needs_evidence	continue_audit	Audited against the current repository; this active provider-typed operation has no connected Rust bridge or typed provider surface in this release.
Binance	Options REST	Http	DELETE	/eapi/v1/listenKey	closeUserDataStream	documented_active	provider_typed	general_adapter_or_provider	not_applicable		not_connected		Unlinked	unreviewed		unreviewed		unreviewed		unreviewed		unreviewed		unreviewed				needs_evidence	continue_audit	Audited against the current repository; this active provider-typed operation has no connected Rust bridge or typed provider surface in this release.
Binance	Options REST	Http	DELETE	/eapi/v1/order	cancelOptionOrder	documented_active	provider_typed	general_adapter_or_provider	not_applicable		not_connected		Unlinked	unreviewed		unreviewed		unreviewed		unreviewed		unreviewed		unreviewed				needs_evidence	continue_audit	Audited against the current repository; this active provider-typed operation has no connected Rust bridge or typed provider surface in this release.
Binance	Options REST	Http	GET	/eapi/v1/bill	accountFundingFlow	documented_active	provider_typed	general_adapter_or_provider	not_applicable		not_connected		Unlinked	unreviewed		unreviewed		unreviewed		unreviewed		unreviewed		unreviewed				needs_evidence	continue_audit	Audited against the current repository; this active provider-typed operation has no connected Rust bridge or typed provider surface in this release.
Binance	Options REST	Http	GET	/eapi/v1/block/order/execute	queryBlockTradeDetails	documented_active	provider_typed	general_adapter_or_provider	not_applicable		not_connected		Unlinked	unreviewed		unreviewed		unreviewed		unreviewed		unreviewed		unreviewed				needs_evidence	continue_audit	Audited against the current repository; this active provider-typed operation has no connected Rust bridge or typed provider surface in this release.
Binance	Options REST	Http	GET	/eapi/v1/block/order/orders	queryBlockTradeOrder	documented_active	provider_typed	general_adapter_or_provider	not_applicable		not_connected		Unlinked	unreviewed		unreviewed		unreviewed		unreviewed		unreviewed		unreviewed				needs_evidence	continue_audit	Audited against the current repository; this active provider-typed operation has no connected Rust bridge or typed provider surface in this release.
Binance	Options REST	Http	GET	/eapi/v1/block/user-trades	accountBlockTradeList	documented_active	provider_typed	general_adapter_or_provider	not_applicable		not_connected		Unlinked	unreviewed		unreviewed		unreviewed		unreviewed		unreviewed		unreviewed				needs_evidence	continue_audit	Audited against the current repository; this active provider-typed operation has no connected Rust bridge or typed provider surface in this release.
Binance	Options REST	Http	GET	/eapi/v1/blockTrades	recentBlockTradesList	documented_active	provider_typed	general_adapter_or_provider	not_applicable		not_connected		Unlinked	unreviewed		unreviewed		unreviewed		unreviewed		unreviewed		unreviewed				needs_evidence	continue_audit	Audited against the current repository; this active provider-typed operation has no connected Rust bridge or typed provider surface in this release.
Binance	Options REST	Http	GET	/eapi/v1/commission	userCommission	documented_active	provider_typed	general_adapter_or_provider	not_applicable		not_connected		Unlinked	unreviewed		unreviewed		unreviewed		unreviewed		unreviewed		unreviewed				needs_evidence	continue_audit	Audited against the current repository; this active provider-typed operation has no connected Rust bridge or typed provider surface in this release.
Binance	Options REST	Http	GET	/eapi/v1/countdownCancelAll	getAutoCancelAllOpenOrders	documented_active	provider_typed	general_adapter_or_provider	not_applicable		not_connected		Unlinked	unreviewed		unreviewed		unreviewed		unreviewed		unreviewed		unreviewed				needs_evidence	continue_audit	Audited against the current repository; this active provider-typed operation has no connected Rust bridge or typed provider surface in this release.
Binance	Options REST	Http	GET	/eapi/v1/depth	orderBook	documented_active	provider_typed	general_adapter_or_provider	not_applicable		not_connected		Unlinked	unreviewed		unreviewed		unreviewed		unreviewed		unreviewed		unreviewed				needs_evidence	continue_audit	Audited against the current repository; this active provider-typed operation has no connected Rust bridge or typed provider surface in this release.
Binance	Options REST	Http	GET	/eapi/v1/exchangeInfo	exchangeInformation	documented_active	provider_typed	general_adapter_or_provider	not_applicable		not_connected		Unlinked	unreviewed		unreviewed		unreviewed		unreviewed		unreviewed		unreviewed				needs_evidence	continue_audit	Audited against the current repository; this active provider-typed operation has no connected Rust bridge or typed provider surface in this release.
Binance	Options REST	Http	GET	/eapi/v1/exerciseHistory	historicalExerciseRecords	documented_active	provider_typed	general_adapter_or_provider	not_applicable		not_connected		Unlinked	unreviewed		unreviewed		unreviewed		unreviewed		unreviewed		unreviewed				needs_evidence	continue_audit	Audited against the current repository; this active provider-typed operation has no connected Rust bridge or typed provider surface in this release.
Binance	Options REST	Http	GET	/eapi/v1/exerciseRecord	userExerciseRecord	documented_active	provider_typed	general_adapter_or_provider	not_applicable		not_connected		Unlinked	unreviewed		unreviewed		unreviewed		unreviewed		unreviewed		unreviewed				needs_evidence	continue_audit	Audited against the current repository; this active provider-typed operation has no connected Rust bridge or typed provider surface in this release.
Binance	Options REST	Http	GET	/eapi/v1/historyOrders	queryOptionOrderHistory	documented_active	provider_typed	general_adapter_or_provider	not_applicable		not_connected		Unlinked	unreviewed		unreviewed		unreviewed		unreviewed		unreviewed		unreviewed				needs_evidence	continue_audit	Audited against the current repository; this active provider-typed operation has no connected Rust bridge or typed provider surface in this release.
Binance	Options REST	Http	GET	/eapi/v1/index	indexPrice	documented_active	provider_typed	general_adapter_or_provider	not_applicable		not_connected		Unlinked	unreviewed		unreviewed		unreviewed		unreviewed		unreviewed		unreviewed				needs_evidence	continue_audit	Audited against the current repository; this active provider-typed operation has no connected Rust bridge or typed provider surface in this release.
Binance	Options REST	Http	GET	/eapi/v1/klines	klineCandlestickData	documented_active	provider_typed	general_adapter_or_provider	not_applicable		not_connected		Unlinked	unreviewed		unreviewed		unreviewed		unreviewed		unreviewed		unreviewed				needs_evidence	continue_audit	Audited against the current repository; this active provider-typed operation has no connected Rust bridge or typed provider surface in this release.
Binance	Options REST	Http	GET	/eapi/v1/marginAccount	optionMarginAccountInformation	documented_active	provider_typed	general_adapter_or_provider	not_applicable		not_connected		Unlinked	unreviewed		unreviewed		unreviewed		unreviewed		unreviewed		unreviewed				needs_evidence	continue_audit	Audited against the current repository; this active provider-typed operation has no connected Rust bridge or typed provider surface in this release.
Binance	Options REST	Http	GET	/eapi/v1/mark	optionMarkPrice	documented_active	provider_typed	general_adapter_or_provider	not_applicable		not_connected		Unlinked	unreviewed		unreviewed		unreviewed		unreviewed		unreviewed		unreviewed				needs_evidence	continue_audit	Audited against the current repository; this active provider-typed operation has no connected Rust bridge or typed provider surface in this release.
Binance	Options REST	Http	GET	/eapi/v1/mmp	getMarketMakerProtectionConfig	documented_active	provider_typed	general_adapter_or_provider	not_applicable		not_connected		Unlinked	unreviewed		unreviewed		unreviewed		unreviewed		unreviewed		unreviewed				needs_evidence	continue_audit	Audited against the current repository; this active provider-typed operation has no connected Rust bridge or typed provider surface in this release.
Binance	Options REST	Http	GET	/eapi/v1/openInterest	openInterest	documented_active	provider_typed	general_adapter_or_provider	not_applicable		not_connected		Unlinked	unreviewed		unreviewed		unreviewed		unreviewed		unreviewed		unreviewed				needs_evidence	continue_audit	Audited against the current repository; this active provider-typed operation has no connected Rust bridge or typed provider surface in this release.
Binance	Options REST	Http	GET	/eapi/v1/openOrders	queryCurrentOpenOptionOrders	documented_active	provider_typed	general_adapter_or_provider	not_applicable		not_connected		Unlinked	unreviewed		unreviewed		unreviewed		unreviewed		unreviewed		unreviewed				needs_evidence	continue_audit	Audited against the current repository; this active provider-typed operation has no connected Rust bridge or typed provider surface in this release.
Binance	Options REST	Http	GET	/eapi/v1/order	querySingleOrder	documented_active	provider_typed	general_adapter_or_provider	not_applicable		not_connected		Unlinked	unreviewed		unreviewed		unreviewed		unreviewed		unreviewed		unreviewed				needs_evidence	continue_audit	Audited against the current repository; this active provider-typed operation has no connected Rust bridge or typed provider surface in this release.
Binance	Options REST	Http	GET	/eapi/v1/ping	testConnectivity	documented_active	provider_typed	general_adapter_or_provider	not_applicable		not_connected		Unlinked	unreviewed		unreviewed		unreviewed		unreviewed		unreviewed		unreviewed				needs_evidence	continue_audit	Audited against the current repository; this active provider-typed operation has no connected Rust bridge or typed provider surface in this release.
Binance	Options REST	Http	GET	/eapi/v1/position	optionPositionInformation	documented_active	provider_typed	general_adapter_or_provider	not_applicable		not_connected		Unlinked	unreviewed		unreviewed		unreviewed		unreviewed		unreviewed		unreviewed				needs_evidence	continue_audit	Audited against the current repository; this active provider-typed operation has no connected Rust bridge or typed provider surface in this release.
Binance	Options REST	Http	GET	/eapi/v1/ticker	ticker24hrPriceChangeStatistics	documented_active	provider_typed	general_adapter_or_provider	not_applicable		not_connected		Unlinked	unreviewed		unreviewed		unreviewed		unreviewed		unreviewed		unreviewed				needs_evidence	continue_audit	Audited against the current repository; this active provider-typed operation has no connected Rust bridge or typed provider surface in this release.
Binance	Options REST	Http	GET	/eapi/v1/time	checkServerTime	documented_active	provider_typed	general_adapter_or_provider	not_applicable		not_connected		Unlinked	unreviewed		unreviewed		unreviewed		unreviewed		unreviewed		unreviewed				needs_evidence	continue_audit	Audited against the current repository; this active provider-typed operation has no connected Rust bridge or typed provider surface in this release.
Binance	Options REST	Http	GET	/eapi/v1/trades	recentTradesList	documented_active	provider_typed	general_adapter_or_provider	not_applicable		not_connected		Unlinked	unreviewed		unreviewed		unreviewed		unreviewed		unreviewed		unreviewed				needs_evidence	continue_audit	Audited against the current repository; this active provider-typed operation has no connected Rust bridge or typed provider surface in this release.
Binance	Options REST	Http	GET	/eapi/v1/userTrades	accountTradeList	documented_active	provider_typed	general_adapter_or_provider	not_applicable		not_connected		Unlinked	unreviewed		unreviewed		unreviewed		unreviewed		unreviewed		unreviewed				needs_evidence	continue_audit	Audited against the current repository; this active provider-typed operation has no connected Rust bridge or typed provider surface in this release.
Binance	Options REST	Http	POST	/eapi/v1/batchOrders	placeMultipleOrders	documented_active	provider_typed	general_adapter_or_provider	not_applicable		not_connected		Unlinked	unreviewed		unreviewed		unreviewed		unreviewed		unreviewed		unreviewed				needs_evidence	continue_audit	Audited against the current repository; this active provider-typed operation has no connected Rust bridge or typed provider surface in this release.
Binance	Options REST	Http	POST	/eapi/v1/block/order/create	newBlockTradeOrder	documented_active	provider_typed	general_adapter_or_provider	not_applicable		not_connected		Unlinked	unreviewed		unreviewed		unreviewed		unreviewed		unreviewed		unreviewed				needs_evidence	continue_audit	Audited against the current repository; this active provider-typed operation has no connected Rust bridge or typed provider surface in this release.
Binance	Options REST	Http	POST	/eapi/v1/block/order/execute	acceptBlockTradeOrder	documented_active	provider_typed	general_adapter_or_provider	not_applicable		not_connected		Unlinked	unreviewed		unreviewed		unreviewed		unreviewed		unreviewed		unreviewed				needs_evidence	continue_audit	Audited against the current repository; this active provider-typed operation has no connected Rust bridge or typed provider surface in this release.
Binance	Options REST	Http	POST	/eapi/v1/countdownCancelAll	setAutoCancelAllOpenOrders	documented_active	provider_typed	general_adapter_or_provider	not_applicable		not_connected		Unlinked	unreviewed		unreviewed		unreviewed		unreviewed		unreviewed		unreviewed				needs_evidence	continue_audit	Audited against the current repository; this active provider-typed operation has no connected Rust bridge or typed provider surface in this release.
Binance	Options REST	Http	POST	/eapi/v1/countdownCancelAllHeartBeat	autoCancelAllOpenOrders	documented_active	provider_typed	general_adapter_or_provider	not_applicable		not_connected		Unlinked	unreviewed		unreviewed		unreviewed		unreviewed		unreviewed		unreviewed				needs_evidence	continue_audit	Audited against the current repository; this active provider-typed operation has no connected Rust bridge or typed provider surface in this release.
Binance	Options REST	Http	POST	/eapi/v1/listenKey	startUserDataStream	documented_active	provider_typed	general_adapter_or_provider	not_applicable		not_connected		Unlinked	unreviewed		unreviewed		unreviewed		unreviewed		unreviewed		unreviewed				needs_evidence	continue_audit	Audited against the current repository; this active provider-typed operation has no connected Rust bridge or typed provider surface in this release.
Binance	Options REST	Http	POST	/eapi/v1/mmpReset	resetMarketMakerProtectionConfig	documented_active	provider_typed	general_adapter_or_provider	not_applicable		not_connected		Unlinked	unreviewed		unreviewed		unreviewed		unreviewed		unreviewed		unreviewed				needs_evidence	continue_audit	Audited against the current repository; this active provider-typed operation has no connected Rust bridge or typed provider surface in this release.
Binance	Options REST	Http	POST	/eapi/v1/mmpSet	setMarketMakerProtectionConfig	documented_active	provider_typed	general_adapter_or_provider	not_applicable		not_connected		Unlinked	unreviewed		unreviewed		unreviewed		unreviewed		unreviewed		unreviewed				needs_evidence	continue_audit	Audited against the current repository; this active provider-typed operation has no connected Rust bridge or typed provider surface in this release.
Binance	Options REST	Http	POST	/eapi/v1/order	newOrder	documented_active	provider_typed	general_adapter_or_provider	not_applicable		not_connected		Unlinked	unreviewed		unreviewed		unreviewed		unreviewed		unreviewed		unreviewed				needs_evidence	continue_audit	Audited against the current repository; this active provider-typed operation has no connected Rust bridge or typed provider surface in this release.
Binance	Options REST	Http	POST	/eapi/v1/stock/contract	tradfiOptionsContract	documented_active	provider_typed	general_adapter_or_provider	not_applicable		not_connected		Unlinked	unreviewed		unreviewed		unreviewed		unreviewed		unreviewed		unreviewed				needs_evidence	continue_audit	Audited against the current repository; this active provider-typed operation has no connected Rust bridge or typed provider surface in this release.
Binance	Options REST	Http	PUT	/eapi/v1/block/order/create	extendBlockTradeOrder	documented_active	provider_typed	general_adapter_or_provider	not_applicable		not_connected		Unlinked	unreviewed		unreviewed		unreviewed		unreviewed		unreviewed		unreviewed				needs_evidence	continue_audit	Audited against the current repository; this active provider-typed operation has no connected Rust bridge or typed provider surface in this release.
Binance	Options REST	Http	PUT	/eapi/v1/listenKey	keepaliveUserDataStream	documented_active	provider_typed	general_adapter_or_provider	not_applicable		not_connected		Unlinked	unreviewed		unreviewed		unreviewed		unreviewed		unreviewed		unreviewed				needs_evidence	continue_audit	Audited against the current repository; this active provider-typed operation has no connected Rust bridge or typed provider surface in this release.
Binance	Options WebSocket Market Streams	WebSocketStream	POST	/!index@arr	indexPriceStreams	documented_active	provider_typed	general_adapter_or_provider	not_applicable		not_connected		Unlinked	unreviewed		unreviewed		unreviewed		unreviewed		unreviewed		unreviewed				needs_evidence	continue_audit	Audited against the current repository; this active provider-typed operation has no connected Rust bridge or typed provider surface in this release.
Binance	Options WebSocket Market Streams	WebSocketStream	POST	/!optionSymbol	newSymbolInfo	documented_active	provider_typed	general_adapter_or_provider	not_applicable		not_connected		Unlinked	unreviewed		unreviewed		unreviewed		unreviewed		unreviewed		unreviewed				needs_evidence	continue_audit	Audited against the current repository; this active provider-typed operation has no connected Rust bridge or typed provider surface in this release.
Binance	Options WebSocket Market Streams	WebSocketStream	POST	/{symbol}@bookTicker	individualSymbolBookTickerStreams	documented_active	provider_typed	general_adapter_or_provider	not_applicable		not_connected		Unlinked	unreviewed		unreviewed		unreviewed		unreviewed		unreviewed		unreviewed				needs_evidence	continue_audit	Audited against the current repository; this active provider-typed operation has no connected Rust bridge or typed provider surface in this release.
Binance	Options WebSocket Market Streams	WebSocketStream	POST	/{symbol}@depth@{updateSpeed}	diffBookDepthStreams	documented_active	provider_typed	general_adapter_or_provider	not_applicable		not_connected		Unlinked	unreviewed		unreviewed		unreviewed		unreviewed		unreviewed		unreviewed				needs_design	service_or_contract_decision	The current MarketEvent contract cannot preserve the official stream semantics.
Binance	Options WebSocket Market Streams	WebSocketStream	POST	/{symbol}@depth{level}@{updateSpeed}	partialBookDepthStreams	documented_active	provider_typed	general_adapter_or_provider	not_applicable		not_connected		Unlinked	unreviewed		unreviewed		unreviewed		unreviewed		unreviewed		unreviewed				needs_evidence	continue_audit	Audited against the current repository; this active provider-typed operation has no connected Rust bridge or typed provider surface in this release.
Binance	Options WebSocket Market Streams	WebSocketStream	POST	/{symbol}@kline_{interval}	klineCandlestickStreams	documented_active	provider_typed	general_adapter_or_provider	not_applicable		not_connected		Unlinked	unreviewed		unreviewed		unreviewed		unreviewed		unreviewed		unreviewed				needs_evidence	continue_audit	Audited against the current repository; this active provider-typed operation has no connected Rust bridge or typed provider surface in this release.
Binance	Options WebSocket Market Streams	WebSocketStream	POST	/{symbol}@optionTicker{expirationDate}	hour24Ticker	documented_active	provider_typed	general_adapter_or_provider	not_applicable		not_connected		Unlinked	unreviewed		unreviewed		unreviewed		unreviewed		unreviewed		unreviewed				needs_evidence	continue_audit	Audited against the current repository; this active provider-typed operation has no connected Rust bridge or typed provider surface in this release.
Binance	Options WebSocket Market Streams	WebSocketStream	POST	/{symbol}@optionTrade	tradeStreams	documented_active	provider_typed	general_adapter_or_provider	not_applicable		not_connected		Unlinked	unreviewed		unreviewed		unreviewed		unreviewed		unreviewed		unreviewed				needs_evidence	continue_audit	Audited against the current repository; this active provider-typed operation has no connected Rust bridge or typed provider surface in this release.
Binance	Options WebSocket Market Streams	WebSocketStream	POST	/{underlying}@openInterest@{expirationDate}	openInterest	documented_active	provider_typed	general_adapter_or_provider	not_applicable		not_connected		Unlinked	unreviewed		unreviewed		unreviewed		unreviewed		unreviewed		unreviewed				needs_evidence	continue_audit	Audited against the current repository; this active provider-typed operation has no connected Rust bridge or typed provider surface in this release.
Binance	Options WebSocket Market Streams	WebSocketStream	POST	/{underlying}@optionMarkPrice	optionMarkPrice	documented_active	provider_typed	general_adapter_or_provider	not_applicable		not_connected		Unlinked	unreviewed		unreviewed		unreviewed		unreviewed		unreviewed		unreviewed				needs_evidence	continue_audit	Audited against the current repository; this active provider-typed operation has no connected Rust bridge or typed provider surface in this release.
Binance	Prediction Trading REST	Http	GET	/sapi/v1/w3w/wallet/prediction/balance/payment-options	queryPaymentOptionBalances	documented_active	provider_typed	general_adapter_or_provider	not_applicable		not_connected		Unlinked	unreviewed		unreviewed		unreviewed		unreviewed		unreviewed		unreviewed				needs_evidence	continue_audit	Audited against the current repository; this active provider-typed operation has no connected Rust bridge or typed provider surface in this release.
Binance	Prediction Trading REST	Http	GET	/sapi/v1/w3w/wallet/prediction/category/list	listPredictionCategories	documented_active	provider_typed	general_adapter_or_provider	not_applicable		not_connected		Unlinked	unreviewed		unreviewed		unreviewed		unreviewed		unreviewed		unreviewed				needs_evidence	continue_audit	Audited against the current repository; this active provider-typed operation has no connected Rust bridge or typed provider surface in this release.
Binance	Prediction Trading REST	Http	GET	/sapi/v1/w3w/wallet/prediction/market/detail	getMarketDetail	documented_active	provider_typed	general_adapter_or_provider	not_applicable		not_connected		Unlinked	unreviewed		unreviewed		unreviewed		unreviewed		unreviewed		unreviewed				needs_evidence	continue_audit	Audited against the current repository; this active provider-typed operation has no connected Rust bridge or typed provider surface in this release.
Binance	Prediction Trading REST	Http	GET	/sapi/v1/w3w/wallet/prediction/market/list	listPredictionMarkets	documented_active	provider_typed	general_adapter_or_provider	not_applicable		not_connected		Unlinked	unreviewed		unreviewed		unreviewed		unreviewed		unreviewed		unreviewed				needs_evidence	continue_audit	Audited against the current repository; this active provider-typed operation has no connected Rust bridge or typed provider surface in this release.
Binance	Prediction Trading REST	Http	GET	/sapi/v1/w3w/wallet/prediction/market/search	marketSearch	documented_active	provider_typed	general_adapter_or_provider	not_applicable		not_connected		Unlinked	unreviewed		unreviewed		unreviewed		unreviewed		unreviewed		unreviewed				needs_evidence	continue_audit	Audited against the current repository; this active provider-typed operation has no connected Rust bridge or typed provider surface in this release.
Binance	Prediction Trading REST	Http	GET	/sapi/v1/w3w/wallet/prediction/order-book	queryOrderBook	documented_active	provider_typed	general_adapter_or_provider	not_applicable		not_connected		Unlinked	unreviewed		unreviewed		unreviewed		unreviewed		unreviewed		unreviewed				needs_evidence	continue_audit	Audited against the current repository; this active provider-typed operation has no connected Rust bridge or typed provider surface in this release.
Binance	Prediction Trading REST	Http	GET	/sapi/v1/w3w/wallet/prediction/order-book/last-trade-price	queryLastTradePrice	documented_active	provider_typed	general_adapter_or_provider	not_applicable		not_connected		Unlinked	unreviewed		unreviewed		unreviewed		unreviewed		unreviewed		unreviewed				needs_evidence	continue_audit	Audited against the current repository; this active provider-typed operation has no connected Rust bridge or typed provider surface in this release.
Binance	Prediction Trading REST	Http	GET	/sapi/v1/w3w/wallet/prediction/order/history	queryOrderHistory	documented_active	provider_typed	general_adapter_or_provider	not_applicable		not_connected		Unlinked	unreviewed		unreviewed		unreviewed		unreviewed		unreviewed		unreviewed				needs_evidence	continue_audit	Audited against the current repository; this active provider-typed operation has no connected Rust bridge or typed provider surface in this release.
Binance	Prediction Trading REST	Http	GET	/sapi/v1/w3w/wallet/prediction/order/list	queryActiveOrders	documented_active	provider_typed	general_adapter_or_provider	not_applicable		not_connected		Unlinked	unreviewed		unreviewed		unreviewed		unreviewed		unreviewed		unreviewed				needs_evidence	continue_audit	Audited against the current repository; this active provider-typed operation has no connected Rust bridge or typed provider surface in this release.
Binance	Prediction Trading REST	Http	GET	/sapi/v1/w3w/wallet/prediction/pnl/portfolio	getPortfolio	documented_active	provider_typed	general_adapter_or_provider	not_applicable		not_connected		Unlinked	unreviewed		unreviewed		unreviewed		unreviewed		unreviewed		unreviewed				needs_evidence	continue_audit	Audited against the current repository; this active provider-typed operation has no connected Rust bridge or typed provider surface in this release.
Binance	Prediction Trading REST	Http	GET	/sapi/v1/w3w/wallet/prediction/pnl/query	queryPnL	documented_active	provider_typed	general_adapter_or_provider	not_applicable		not_connected		Unlinked	unreviewed		unreviewed		unreviewed		unreviewed		unreviewed		unreviewed				needs_evidence	continue_audit	Audited against the current repository; this active provider-typed operation has no connected Rust bridge or typed provider surface in this release.
Binance	Prediction Trading REST	Http	GET	/sapi/v1/w3w/wallet/prediction/position/filter	queryPositionsByFilter	documented_active	provider_typed	general_adapter_or_provider	not_applicable		not_connected		Unlinked	unreviewed		unreviewed		unreviewed		unreviewed		unreviewed		unreviewed				needs_evidence	continue_audit	Audited against the current repository; this active provider-typed operation has no connected Rust bridge or typed provider surface in this release.
Binance	Prediction Trading REST	Http	GET	/sapi/v1/w3w/wallet/prediction/position/list	queryPositions	documented_active	provider_typed	general_adapter_or_provider	not_applicable		not_connected		Unlinked	unreviewed		unreviewed		unreviewed		unreviewed		unreviewed		unreviewed				needs_evidence	continue_audit	Audited against the current repository; this active provider-typed operation has no connected Rust bridge or typed provider surface in this release.
Binance	Prediction Trading REST	Http	GET	/sapi/v1/w3w/wallet/prediction/position/settled-history	querySettledPositionHistory	documented_active	provider_typed	general_adapter_or_provider	not_applicable		not_connected		Unlinked	unreviewed		unreviewed		unreviewed		unreviewed		unreviewed		unreviewed				needs_evidence	continue_audit	Audited against the current repository; this active provider-typed operation has no connected Rust bridge or typed provider surface in this release.
Binance	Prediction Trading REST	Http	GET	/sapi/v1/w3w/wallet/prediction/position/token	getPositionByToken	documented_active	provider_typed	general_adapter_or_provider	not_applicable		not_connected		Unlinked	unreviewed		unreviewed		unreviewed		unreviewed		unreviewed		unreviewed				needs_evidence	continue_audit	Audited against the current repository; this active provider-typed operation has no connected Rust bridge or typed provider surface in this release.
Binance	Prediction Trading REST	Http	GET	/sapi/v1/w3w/wallet/prediction/quota/limit/status	getQuotaStatus	documented_active	provider_typed	general_adapter_or_provider	not_applicable		not_connected		Unlinked	unreviewed		unreviewed		unreviewed		unreviewed		unreviewed		unreviewed				needs_evidence	continue_audit	Audited against the current repository; this active provider-typed operation has no connected Rust bridge or typed provider surface in this release.
Binance	Prediction Trading REST	Http	GET	/sapi/v1/w3w/wallet/prediction/redeem/status	getRedeemStatus	documented_active	provider_typed	general_adapter_or_provider	not_applicable		not_connected		Unlinked	unreviewed		unreviewed		unreviewed		unreviewed		unreviewed		unreviewed				needs_evidence	continue_audit	Audited against the current repository; this active provider-typed operation has no connected Rust bridge or typed provider surface in this release.
Binance	Prediction Trading REST	Http	GET	/sapi/v1/w3w/wallet/prediction/transfer/list	queryTransferList	documented_active	provider_typed	general_adapter_or_provider	not_applicable		not_connected		Unlinked	unreviewed		unreviewed		unreviewed		unreviewed		unreviewed		unreviewed				needs_evidence	continue_audit	Audited against the current repository; this active provider-typed operation has no connected Rust bridge or typed provider surface in this release.
Binance	Prediction Trading REST	Http	GET	/sapi/v1/w3w/wallet/prediction/transfer/status	queryTransferStatus	documented_active	provider_typed	general_adapter_or_provider	not_applicable		not_connected		Unlinked	unreviewed		unreviewed		unreviewed		unreviewed		unreviewed		unreviewed				needs_evidence	continue_audit	Audited against the current repository; this active provider-typed operation has no connected Rust bridge or typed provider surface in this release.
Binance	Prediction Trading REST	Http	GET	/sapi/v1/w3w/wallet/prediction/wallet/list	listPredictionWallets	documented_active	provider_typed	general_adapter_or_provider	not_applicable		not_connected		Unlinked	unreviewed		unreviewed		unreviewed		unreviewed		unreviewed		unreviewed				needs_evidence	continue_audit	Audited against the current repository; this active provider-typed operation has no connected Rust bridge or typed provider surface in this release.
Binance	Prediction Trading REST	Http	POST	/sapi/v1/w3w/wallet/prediction/batch-redeem	batchRedeem	documented_active	provider_typed	general_adapter_or_provider	not_applicable		not_connected		Unlinked	unreviewed		unreviewed		unreviewed		unreviewed		unreviewed		unreviewed				needs_evidence	continue_audit	Audited against the current repository; this active provider-typed operation has no connected Rust bridge or typed provider surface in this release.
Binance	Prediction Trading REST	Http	POST	/sapi/v1/w3w/wallet/prediction/trade/batch-cancel	batchCancelOrders	documented_active	provider_typed	general_adapter_or_provider	not_applicable		not_connected		Unlinked	unreviewed		unreviewed		unreviewed		unreviewed		unreviewed		unreviewed				needs_evidence	continue_audit	Audited against the current repository; this active provider-typed operation has no connected Rust bridge or typed provider surface in this release.
Binance	Prediction Trading REST	Http	POST	/sapi/v1/w3w/wallet/prediction/trade/get-quote	getQuote	documented_active	provider_typed	general_adapter_or_provider	not_applicable		not_connected		Unlinked	unreviewed		unreviewed		unreviewed		unreviewed		unreviewed		unreviewed				needs_evidence	continue_audit	Audited against the current repository; this active provider-typed operation has no connected Rust bridge or typed provider surface in this release.
Binance	Prediction Trading REST	Http	POST	/sapi/v1/w3w/wallet/prediction/trade/place-order-bundle	placeOrder	documented_active	provider_typed	general_adapter_or_provider	not_applicable		not_connected		Unlinked	unreviewed		unreviewed		unreviewed		unreviewed		unreviewed		unreviewed				needs_evidence	continue_audit	Audited against the current repository; this active provider-typed operation has no connected Rust bridge or typed provider surface in this release.
Binance	Prediction Trading REST	Http	POST	/sapi/v1/w3w/wallet/prediction/transfer/inbound	createInboundTransfer	documented_active	provider_typed	general_adapter_or_provider	not_applicable		not_connected		Unlinked	unreviewed		unreviewed		unreviewed		unreviewed		unreviewed		unreviewed				needs_evidence	continue_audit	Audited against the current repository; this active provider-typed operation has no connected Rust bridge or typed provider surface in this release.
Binance	Prediction Trading REST	Http	POST	/sapi/v1/w3w/wallet/prediction/transfer/outbound	createOutboundTransfer	documented_active	provider_typed	general_adapter_or_provider	not_applicable		not_connected		Unlinked	unreviewed		unreviewed		unreviewed		unreviewed		unreviewed		unreviewed				needs_evidence	continue_audit	Audited against the current repository; this active provider-typed operation has no connected Rust bridge or typed provider surface in this release.
Binance	Rebate REST	Http	GET	/sapi/v1/rebate/taxQuery	getSpotRebateHistoryRecords	documented_active	provider_typed	general_adapter_or_provider	not_applicable		not_connected		Unlinked	unreviewed		unreviewed		unreviewed		unreviewed		unreviewed		unreviewed				needs_evidence	continue_audit	Audited against the current repository; this active provider-typed operation has no connected Rust bridge or typed provider surface in this release.
Binance	Simple Earn REST	Http	GET	/sapi/v1/bfusd/account	getBfusdAccount	documented_active	provider_typed	general_adapter_or_provider	not_applicable		not_connected		Unlinked	unreviewed		unreviewed		unreviewed		unreviewed		unreviewed		unreviewed				needs_evidence	continue_audit	Audited against the current repository; this active provider-typed operation has no connected Rust bridge or typed provider surface in this release.
Binance	Simple Earn REST	Http	GET	/sapi/v1/bfusd/history/rateHistory	getBfusdRateHistory	documented_active	provider_typed	general_adapter_or_provider	not_applicable		not_connected		Unlinked	unreviewed		unreviewed		unreviewed		unreviewed		unreviewed		unreviewed				needs_evidence	continue_audit	Audited against the current repository; this active provider-typed operation has no connected Rust bridge or typed provider surface in this release.
Binance	Simple Earn REST	Http	GET	/sapi/v1/bfusd/history/redemptionHistory	getBfusdRedemptionHistory	documented_active	provider_typed	general_adapter_or_provider	not_applicable		not_connected		Unlinked	unreviewed		unreviewed		unreviewed		unreviewed		unreviewed		unreviewed				needs_evidence	continue_audit	Audited against the current repository; this active provider-typed operation has no connected Rust bridge or typed provider surface in this release.
Binance	Simple Earn REST	Http	GET	/sapi/v1/bfusd/history/rewardsHistory	getBfusdRewardsHistory	documented_active	provider_typed	general_adapter_or_provider	not_applicable		not_connected		Unlinked	unreviewed		unreviewed		unreviewed		unreviewed		unreviewed		unreviewed				needs_evidence	continue_audit	Audited against the current repository; this active provider-typed operation has no connected Rust bridge or typed provider surface in this release.
Binance	Simple Earn REST	Http	GET	/sapi/v1/bfusd/history/subscriptionHistory	getBfusdSubscriptionHistory	documented_active	provider_typed	general_adapter_or_provider	not_applicable		not_connected		Unlinked	unreviewed		unreviewed		unreviewed		unreviewed		unreviewed		unreviewed				needs_evidence	continue_audit	Audited against the current repository; this active provider-typed operation has no connected Rust bridge or typed provider surface in this release.
Binance	Simple Earn REST	Http	GET	/sapi/v1/bfusd/quota	getBfusdQuotaDetails	documented_active	provider_typed	general_adapter_or_provider	not_applicable		not_connected		Unlinked	unreviewed		unreviewed		unreviewed		unreviewed		unreviewed		unreviewed				needs_evidence	continue_audit	Audited against the current repository; this active provider-typed operation has no connected Rust bridge or typed provider surface in this release.
Binance	Simple Earn REST	Http	GET	/sapi/v1/earn/arena/activities	getYieldArenaActivities	documented_active	provider_typed	general_adapter_or_provider	not_applicable		not_connected		Unlinked	unreviewed		unreviewed		unreviewed		unreviewed		unreviewed		unreviewed				needs_evidence	continue_audit	Audited against the current repository; this active provider-typed operation has no connected Rust bridge or typed provider surface in this release.
Binance	Simple Earn REST	Http	GET	/sapi/v1/rwusd/account	getRwusdAccount	documented_active	provider_typed	general_adapter_or_provider	not_applicable		not_connected		Unlinked	unreviewed		unreviewed		unreviewed		unreviewed		unreviewed		unreviewed				needs_evidence	continue_audit	Audited against the current repository; this active provider-typed operation has no connected Rust bridge or typed provider surface in this release.
Binance	Simple Earn REST	Http	GET	/sapi/v1/rwusd/history/rateHistory	getRwusdRateHistory	documented_active	provider_typed	general_adapter_or_provider	not_applicable		not_connected		Unlinked	unreviewed		unreviewed		unreviewed		unreviewed		unreviewed		unreviewed				needs_evidence	continue_audit	Audited against the current repository; this active provider-typed operation has no connected Rust bridge or typed provider surface in this release.
Binance	Simple Earn REST	Http	GET	/sapi/v1/rwusd/history/redemptionHistory	getRwusdRedemptionHistory	documented_active	provider_typed	general_adapter_or_provider	not_applicable		not_connected		Unlinked	unreviewed		unreviewed		unreviewed		unreviewed		unreviewed		unreviewed				needs_evidence	continue_audit	Audited against the current repository; this active provider-typed operation has no connected Rust bridge or typed provider surface in this release.
Binance	Simple Earn REST	Http	GET	/sapi/v1/rwusd/history/rewardsHistory	getRwusdRewardsHistory	documented_active	provider_typed	general_adapter_or_provider	not_applicable		not_connected		Unlinked	unreviewed		unreviewed		unreviewed		unreviewed		unreviewed		unreviewed				needs_evidence	continue_audit	Audited against the current repository; this active provider-typed operation has no connected Rust bridge or typed provider surface in this release.
Binance	Simple Earn REST	Http	GET	/sapi/v1/rwusd/history/subscriptionHistory	getRwusdSubscriptionHistory	documented_active	provider_typed	general_adapter_or_provider	not_applicable		not_connected		Unlinked	unreviewed		unreviewed		unreviewed		unreviewed		unreviewed		unreviewed				needs_evidence	continue_audit	Audited against the current repository; this active provider-typed operation has no connected Rust bridge or typed provider surface in this release.
Binance	Simple Earn REST	Http	GET	/sapi/v1/rwusd/quota	getRwusdQuotaDetails	documented_active	provider_typed	general_adapter_or_provider	not_applicable		not_connected		Unlinked	unreviewed		unreviewed		unreviewed		unreviewed		unreviewed		unreviewed				needs_evidence	continue_audit	Audited against the current repository; this active provider-typed operation has no connected Rust bridge or typed provider surface in this release.
Binance	Simple Earn REST	Http	GET	/sapi/v1/simple-earn/account	simpleAccount	documented_active	provider_typed	general_adapter_or_provider	not_applicable		not_connected		Unlinked	unreviewed		unreviewed		unreviewed		unreviewed		unreviewed		unreviewed				needs_evidence	continue_audit	Audited against the current repository; this active provider-typed operation has no connected Rust bridge or typed provider surface in this release.
Binance	Simple Earn REST	Http	GET	/sapi/v1/simple-earn/flexible/history/collateralRecord	getCollateralRecord	documented_active	provider_typed	general_adapter_or_provider	not_applicable		not_connected		Unlinked	unreviewed		unreviewed		unreviewed		unreviewed		unreviewed		unreviewed				needs_evidence	continue_audit	Audited against the current repository; this active provider-typed operation has no connected Rust bridge or typed provider surface in this release.
Binance	Simple Earn REST	Http	GET	/sapi/v1/simple-earn/flexible/history/rateHistory	getRateHistory	documented_active	provider_typed	general_adapter_or_provider	not_applicable		not_connected		Unlinked	unreviewed		unreviewed		unreviewed		unreviewed		unreviewed		unreviewed				needs_evidence	continue_audit	Audited against the current repository; this active provider-typed operation has no connected Rust bridge or typed provider surface in this release.
Binance	Simple Earn REST	Http	GET	/sapi/v1/simple-earn/flexible/history/redemptionRecord	getFlexibleRedemptionRecord	documented_active	provider_typed	general_adapter_or_provider	not_applicable		not_connected		Unlinked	unreviewed		unreviewed		unreviewed		unreviewed		unreviewed		unreviewed				needs_evidence	continue_audit	Audited against the current repository; this active provider-typed operation has no connected Rust bridge or typed provider surface in this release.
Binance	Simple Earn REST	Http	GET	/sapi/v1/simple-earn/flexible/history/rewardsRecord	getFlexibleRewardsHistory	documented_active	provider_typed	general_adapter_or_provider	not_applicable		not_connected		Unlinked	unreviewed		unreviewed		unreviewed		unreviewed		unreviewed		unreviewed				needs_evidence	continue_audit	Audited against the current repository; this active provider-typed operation has no connected Rust bridge or typed provider surface in this release.
Binance	Simple Earn REST	Http	GET	/sapi/v1/simple-earn/flexible/history/subscriptionRecord	getFlexibleSubscriptionRecord	documented_active	provider_typed	general_adapter_or_provider	not_applicable		not_connected		Unlinked	unreviewed		unreviewed		unreviewed		unreviewed		unreviewed		unreviewed				needs_evidence	continue_audit	Audited against the current repository; this active provider-typed operation has no connected Rust bridge or typed provider surface in this release.
Binance	Simple Earn REST	Http	GET	/sapi/v1/simple-earn/flexible/list	getSimpleEarnFlexibleProductList	documented_active	provider_typed	general_adapter_or_provider	not_applicable		not_connected		Unlinked	unreviewed		unreviewed		unreviewed		unreviewed		unreviewed		unreviewed				needs_evidence	continue_audit	Audited against the current repository; this active provider-typed operation has no connected Rust bridge or typed provider surface in this release.
Binance	Simple Earn REST	Http	GET	/sapi/v1/simple-earn/flexible/personalLeftQuota	getFlexiblePersonalLeftQuota	documented_active	provider_typed	general_adapter_or_provider	not_applicable		not_connected		Unlinked	unreviewed		unreviewed		unreviewed		unreviewed		unreviewed		unreviewed				needs_evidence	continue_audit	Audited against the current repository; this active provider-typed operation has no connected Rust bridge or typed provider surface in this release.
Binance	Simple Earn REST	Http	GET	/sapi/v1/simple-earn/flexible/position	getFlexibleProductPosition	documented_active	provider_typed	general_adapter_or_provider	not_applicable		not_connected		Unlinked	unreviewed		unreviewed		unreviewed		unreviewed		unreviewed		unreviewed				needs_evidence	continue_audit	Audited against the current repository; this active provider-typed operation has no connected Rust bridge or typed provider surface in this release.
Binance	Simple Earn REST	Http	GET	/sapi/v1/simple-earn/flexible/subscriptionPreview	getFlexibleSubscriptionPreview	documented_active	provider_typed	general_adapter_or_provider	not_applicable		not_connected		Unlinked	unreviewed		unreviewed		unreviewed		unreviewed		unreviewed		unreviewed				needs_evidence	continue_audit	Audited against the current repository; this active provider-typed operation has no connected Rust bridge or typed provider surface in this release.
Binance	Simple Earn REST	Http	GET	/sapi/v1/simple-earn/locked/history/redemptionRecord	getLockedRedemptionRecord	documented_active	provider_typed	general_adapter_or_provider	not_applicable		not_connected		Unlinked	unreviewed		unreviewed		unreviewed		unreviewed		unreviewed		unreviewed				needs_evidence	continue_audit	Audited against the current repository; this active provider-typed operation has no connected Rust bridge or typed provider surface in this release.
Binance	Simple Earn REST	Http	GET	/sapi/v1/simple-earn/locked/history/rewardsRecord	getLockedRewardsHistory	documented_active	provider_typed	general_adapter_or_provider	not_applicable		not_connected		Unlinked	unreviewed		unreviewed		unreviewed		unreviewed		unreviewed		unreviewed				needs_evidence	continue_audit	Audited against the current repository; this active provider-typed operation has no connected Rust bridge or typed provider surface in this release.
Binance	Simple Earn REST	Http	GET	/sapi/v1/simple-earn/locked/history/subscriptionRecord	getLockedSubscriptionRecord	documented_active	provider_typed	general_adapter_or_provider	not_applicable		not_connected		Unlinked	unreviewed		unreviewed		unreviewed		unreviewed		unreviewed		unreviewed				needs_evidence	continue_audit	Audited against the current repository; this active provider-typed operation has no connected Rust bridge or typed provider surface in this release.
Binance	Simple Earn REST	Http	GET	/sapi/v1/simple-earn/locked/list	getSimpleEarnLockedProductList	documented_active	provider_typed	general_adapter_or_provider	not_applicable		not_connected		Unlinked	unreviewed		unreviewed		unreviewed		unreviewed		unreviewed		unreviewed				needs_evidence	continue_audit	Audited against the current repository; this active provider-typed operation has no connected Rust bridge or typed provider surface in this release.
Binance	Simple Earn REST	Http	GET	/sapi/v1/simple-earn/locked/personalLeftQuota	getLockedPersonalLeftQuota	documented_active	provider_typed	general_adapter_or_provider	not_applicable		not_connected		Unlinked	unreviewed		unreviewed		unreviewed		unreviewed		unreviewed		unreviewed				needs_evidence	continue_audit	Audited against the current repository; this active provider-typed operation has no connected Rust bridge or typed provider surface in this release.
Binance	Simple Earn REST	Http	GET	/sapi/v1/simple-earn/locked/position	getLockedProductPosition	documented_active	provider_typed	general_adapter_or_provider	not_applicable		not_connected		Unlinked	unreviewed		unreviewed		unreviewed		unreviewed		unreviewed		unreviewed				needs_evidence	continue_audit	Audited against the current repository; this active provider-typed operation has no connected Rust bridge or typed provider surface in this release.
Binance	Simple Earn REST	Http	GET	/sapi/v1/simple-earn/locked/subscriptionPreview	getLockedSubscriptionPreview	documented_active	provider_typed	general_adapter_or_provider	not_applicable		not_connected		Unlinked	unreviewed		unreviewed		unreviewed		unreviewed		unreviewed		unreviewed				needs_evidence	continue_audit	Audited against the current repository; this active provider-typed operation has no connected Rust bridge or typed provider surface in this release.
Binance	Simple Earn REST	Http	POST	/sapi/v1/bfusd/redeem	redeemBfusd	documented_active	provider_typed	general_adapter_or_provider	not_applicable		not_connected		Unlinked	unreviewed		unreviewed		unreviewed		unreviewed		unreviewed		unreviewed				needs_evidence	continue_audit	Audited against the current repository; this active provider-typed operation has no connected Rust bridge or typed provider surface in this release.
Binance	Simple Earn REST	Http	POST	/sapi/v1/bfusd/subscribe	subscribeBfusd	documented_active	provider_typed	general_adapter_or_provider	not_applicable		not_connected		Unlinked	unreviewed		unreviewed		unreviewed		unreviewed		unreviewed		unreviewed				needs_evidence	continue_audit	Audited against the current repository; this active provider-typed operation has no connected Rust bridge or typed provider surface in this release.
Binance	Simple Earn REST	Http	POST	/sapi/v1/rwusd/redeem	redeemRwusd	documented_active	provider_typed	general_adapter_or_provider	not_applicable		not_connected		Unlinked	unreviewed		unreviewed		unreviewed		unreviewed		unreviewed		unreviewed				needs_evidence	continue_audit	Audited against the current repository; this active provider-typed operation has no connected Rust bridge or typed provider surface in this release.
Binance	Simple Earn REST	Http	POST	/sapi/v1/rwusd/subscribe	subscribeRwusd	documented_active	provider_typed	general_adapter_or_provider	not_applicable		not_connected		Unlinked	unreviewed		unreviewed		unreviewed		unreviewed		unreviewed		unreviewed				needs_evidence	continue_audit	Audited against the current repository; this active provider-typed operation has no connected Rust bridge or typed provider surface in this release.
Binance	Simple Earn REST	Http	POST	/sapi/v1/simple-earn/flexible/redeem	redeemFlexibleProduct	documented_active	provider_typed	general_adapter_or_provider	not_applicable		not_connected		Unlinked	unreviewed		unreviewed		unreviewed		unreviewed		unreviewed		unreviewed				needs_evidence	continue_audit	Audited against the current repository; this active provider-typed operation has no connected Rust bridge or typed provider surface in this release.
Binance	Simple Earn REST	Http	POST	/sapi/v1/simple-earn/flexible/setAutoSubscribe	setFlexibleAutoSubscribe	documented_active	provider_typed	general_adapter_or_provider	not_applicable		not_connected		Unlinked	unreviewed		unreviewed		unreviewed		unreviewed		unreviewed		unreviewed				needs_evidence	continue_audit	Audited against the current repository; this active provider-typed operation has no connected Rust bridge or typed provider surface in this release.
Binance	Simple Earn REST	Http	POST	/sapi/v1/simple-earn/flexible/subscribe	subscribeFlexibleProduct	documented_active	provider_typed	general_adapter_or_provider	not_applicable		not_connected		Unlinked	unreviewed		unreviewed		unreviewed		unreviewed		unreviewed		unreviewed				needs_evidence	continue_audit	Audited against the current repository; this active provider-typed operation has no connected Rust bridge or typed provider surface in this release.
Binance	Simple Earn REST	Http	POST	/sapi/v1/simple-earn/locked/redeem	redeemLockedProduct	documented_active	provider_typed	general_adapter_or_provider	not_applicable		not_connected		Unlinked	unreviewed		unreviewed		unreviewed		unreviewed		unreviewed		unreviewed				needs_evidence	continue_audit	Audited against the current repository; this active provider-typed operation has no connected Rust bridge or typed provider surface in this release.
Binance	Simple Earn REST	Http	POST	/sapi/v1/simple-earn/locked/setAutoSubscribe	setLockedAutoSubscribe	documented_active	provider_typed	general_adapter_or_provider	not_applicable		not_connected		Unlinked	unreviewed		unreviewed		unreviewed		unreviewed		unreviewed		unreviewed				needs_evidence	continue_audit	Audited against the current repository; this active provider-typed operation has no connected Rust bridge or typed provider surface in this release.
Binance	Simple Earn REST	Http	POST	/sapi/v1/simple-earn/locked/setRedeemOption	setLockedProductRedeemOption	documented_active	provider_typed	general_adapter_or_provider	not_applicable		not_connected		Unlinked	unreviewed		unreviewed		unreviewed		unreviewed		unreviewed		unreviewed				needs_evidence	continue_audit	Audited against the current repository; this active provider-typed operation has no connected Rust bridge or typed provider surface in this release.
Binance	Simple Earn REST	Http	POST	/sapi/v1/simple-earn/locked/subscribe	subscribeLockedProduct	documented_active	provider_typed	general_adapter_or_provider	not_applicable		not_connected		Unlinked	unreviewed		unreviewed		unreviewed		unreviewed		unreviewed		unreviewed				needs_evidence	continue_audit	Audited against the current repository; this active provider-typed operation has no connected Rust bridge or typed provider surface in this release.
Binance	Spot Block Matching REST	Http	GET	/sapi/v1/block-match/order/query-open-order	queryOpenOrder	documented_active	provider_typed	general_adapter_or_provider	not_applicable		not_connected		Unlinked	unreviewed		unreviewed		unreviewed		unreviewed		unreviewed		unreviewed				needs_evidence	continue_audit	Audited against the current repository; this active provider-typed operation has no connected Rust bridge or typed provider surface in this release.
Binance	Spot Block Matching REST	Http	GET	/sapi/v1/block-match/order/query-order-history	queryOrderHistory	documented_active	provider_typed	general_adapter_or_provider	not_applicable		not_connected		Unlinked	unreviewed		unreviewed		unreviewed		unreviewed		unreviewed		unreviewed				needs_evidence	continue_audit	Audited against the current repository; this active provider-typed operation has no connected Rust bridge or typed provider surface in this release.
Binance	Spot Block Matching REST	Http	POST	/sapi/v1/block-match/order/cancel	orderCancel	documented_active	provider_typed	general_adapter_or_provider	not_applicable		not_connected		Unlinked	unreviewed		unreviewed		unreviewed		unreviewed		unreviewed		unreviewed				needs_evidence	continue_audit	Audited against the current repository; this active provider-typed operation has no connected Rust bridge or typed provider surface in this release.
Binance	Spot Block Matching REST	Http	POST	/sapi/v1/block-match/order/extend	orderExtend	documented_active	provider_typed	general_adapter_or_provider	not_applicable		not_connected		Unlinked	unreviewed		unreviewed		unreviewed		unreviewed		unreviewed		unreviewed				needs_evidence	continue_audit	Audited against the current repository; this active provider-typed operation has no connected Rust bridge or typed provider surface in this release.
Binance	Spot Block Matching REST	Http	POST	/sapi/v1/block-match/order/place	orderPlace	documented_active	provider_typed	general_adapter_or_provider	not_applicable		not_connected		Unlinked	unreviewed		unreviewed		unreviewed		unreviewed		unreviewed		unreviewed				needs_evidence	continue_audit	Audited against the current repository; this active provider-typed operation has no connected Rust bridge or typed provider surface in this release.
Binance	Spot Block Matching REST	Http	POST	/sapi/v1/block-match/order/take	orderTake	documented_active	provider_typed	general_adapter_or_provider	not_applicable		not_connected		Unlinked	unreviewed		unreviewed		unreviewed		unreviewed		unreviewed		unreviewed				needs_evidence	continue_audit	Audited against the current repository; this active provider-typed operation has no connected Rust bridge or typed provider surface in this release.
Binance	Spot Block Matching REST	Http	POST	/sapi/v1/block-match/symbols	symbols	documented_active	provider_typed	general_adapter_or_provider	not_applicable		not_connected		Unlinked	unreviewed		unreviewed		unreviewed		unreviewed		unreviewed		unreviewed				needs_evidence	continue_audit	Audited against the current repository; this active provider-typed operation has no connected Rust bridge or typed provider surface in this release.
Binance	Spot REST	Http	DELETE	/api/v3/openOrders	deleteOpenOrders	documented_active	provider_typed	general_adapter_or_provider	not_applicable	spot.cancel_all_open_orders	connected	bindings/common/src/coverage.rs::OPERATIONS	Implemented	present	src/adapters/binance/mod.rs:809	present	bindings/common/src/schema.rs::binding_schema	present	bindings/python/python/maxt/_generated_contract.py;bindings/dart/lib/src/generated_contract.dart;bindings/typescript/src/generated/contract.ts	present	bindings/python/python/maxt/adapters.py	present	bindings/dart/lib/src/generated_provider_methods.dart	present	bindings/typescript/src/generated/api.ts	Fixture	spot_cancel_all_open_orders	verified	none	Audited provider cancellation reports preserve order and order-list response details.
Binance	Spot REST	Http	DELETE	/api/v3/order	deleteOrder	documented_active	common_existing	general_adapter_or_provider	not_applicable	spot.cancel_order	connected	bindings/common/src/coverage.rs::OPERATIONS	Partial	present	src/adapter.rs:250;src/adapter.rs:256	present	bindings/common/src/schema.rs::binding_schema	present	bindings/python/python/maxt/_generated_contract.py;bindings/dart/lib/src/generated_contract.dart;bindings/typescript/src/generated/contract.ts	present	bindings/python/python/maxt/adapters.py	present	bindings/dart/lib/src/generated_provider_methods.dart	present	bindings/typescript/src/generated/api.ts	Fixture	cancel_order;cancel_order_by_client_id	needs_evidence	continue_audit	The existing implementation scope is retained, but operation-level semantic audit evidence is incomplete.
Binance	Spot REST	Http	DELETE	/api/v3/orderList	deleteOrderList	documented_active	provider_typed	general_adapter_or_provider	not_applicable		not_connected		Unlinked	unreviewed		unreviewed		unreviewed		unreviewed		unreviewed		unreviewed				needs_evidence	continue_audit	Audited against the current repository; this active provider-typed operation has no connected Rust bridge or typed provider surface in this release.
Binance	Spot REST	Http	GET	/api/v3/account	getAccount	documented_active	common_and_provider	general_adapter_or_provider	not_applicable	spot.account_information	connected	bindings/common/src/coverage.rs::OPERATIONS	Implemented	present	src/adapter.rs:110;src/adapters/binance/mod.rs:803	present	bindings/common/src/schema.rs::binding_schema	present	bindings/python/python/maxt/_generated_contract.py;bindings/dart/lib/src/generated_contract.dart;bindings/typescript/src/generated/contract.ts	present	bindings/python/python/maxt/adapters.py	present	bindings/dart/lib/src/generated_provider_methods.dart	present	bindings/typescript/src/generated/api.ts	Fixture	balances;spot_account_information	verified	none	Audited provider account information preserves commissions, permissions, balances, and raw provider fields.
Binance	Spot REST	Http	GET	/api/v3/account/commission	accountCommission	documented_active	provider_typed	general_adapter_or_provider	not_applicable		not_connected		Unlinked	unreviewed		unreviewed		unreviewed		unreviewed		unreviewed		unreviewed				needs_evidence	continue_audit	Audited against the current repository; this active provider-typed operation has no connected Rust bridge or typed provider surface in this release.
Binance	Spot REST	Http	GET	/api/v3/aggTrades	aggTrades	documented_active	provider_typed	general_adapter_or_provider	not_applicable	spot.aggregate_trades	connected	bindings/common/src/coverage.rs::OPERATIONS	Partial	present	src/adapters/binance/mod.rs:911	present	bindings/common/src/schema.rs::binding_schema	present	bindings/python/python/maxt/_generated_contract.py;bindings/dart/lib/src/generated_contract.dart;bindings/typescript/src/generated/contract.ts	present	bindings/python/python/maxt/adapters.py	present	bindings/dart/lib/src/generated_provider_methods.dart	present	bindings/typescript/src/generated/api.ts	Fixture	aggregate_trades	needs_evidence	continue_audit	The existing implementation scope is retained, but operation-level semantic audit evidence is incomplete.
Binance	Spot REST	Http	GET	/api/v3/allOrderList	allOrderList	documented_active	provider_typed	general_adapter_or_provider	not_applicable		not_connected		Unlinked	unreviewed		unreviewed		unreviewed		unreviewed		unreviewed		unreviewed				needs_evidence	continue_audit	Audited against the current repository; this active provider-typed operation has no connected Rust bridge or typed provider surface in this release.
Binance	Spot REST	Http	GET	/api/v3/allOrders	allOrders	documented_active	provider_typed	general_adapter_or_provider	not_applicable		not_connected		Unlinked	unreviewed		unreviewed		unreviewed		unreviewed		unreviewed		unreviewed				needs_evidence	continue_audit	Audited against the current repository; this active provider-typed operation has no connected Rust bridge or typed provider surface in this release.
Binance	Spot REST	Http	GET	/api/v3/avgPrice	avgPrice	documented_active	provider_typed	general_adapter_or_provider	not_applicable	spot.average_price	connected	bindings/common/src/coverage.rs::OPERATIONS	Implemented	present	src/adapters/binance/mod.rs:885	present	bindings/common/src/schema.rs::binding_schema	present	bindings/python/python/maxt/_generated_contract.py;bindings/dart/lib/src/generated_contract.dart;bindings/typescript/src/generated/contract.ts	present	bindings/python/python/maxt/adapters.py	present	bindings/dart/lib/src/generated_provider_methods.dart	present	bindings/typescript/src/generated/api.ts	Fixture	spot_average_price	verified	none	Audited Rust contract, public bindings, and verification evidence are present.
Binance	Spot REST	Http	GET	/api/v3/depth	depth	documented_active	common_existing	general_adapter_or_provider	not_applicable	spot.order_book	connected	bindings/common/src/coverage.rs::OPERATIONS	Implemented	present	src/adapter.rs:56	present	bindings/common/src/schema.rs::binding_schema	present	bindings/python/python/maxt/_generated_contract.py;bindings/dart/lib/src/generated_contract.dart;bindings/typescript/src/generated/contract.ts	present	bindings/python/python/maxt/adapters.py	present	bindings/dart/lib/src/generated_provider_methods.dart	present	bindings/typescript/src/generated/api.ts	LiveRead	order_book	verified	none	Audited Rust contract, public bindings, and verification evidence are present.
Binance	Spot REST	Http	GET	/api/v3/exchangeInfo	exchangeInfo	documented_active	common_and_provider	general_adapter_or_provider	not_applicable	spot.exchange_info	connected	bindings/common/src/coverage.rs::OPERATIONS	Implemented	present	src/adapter.rs:44;src/adapters/binance/mod.rs:740;src/adapters/binance/mod.rs:818	present	bindings/common/src/schema.rs::binding_schema	present	bindings/python/python/maxt/_generated_contract.py;bindings/dart/lib/src/generated_contract.dart;bindings/typescript/src/generated/contract.ts	present	bindings/python/python/maxt/adapters.py	present	bindings/dart/lib/src/generated_provider_methods.dart	present	bindings/typescript/src/generated/api.ts	LiveRead	markets;spot_exchange_info;spot_symbol_filters	verified	none	Audited provider exchange information preserves documented symbols and raw provider filters.
Binance	Spot REST	Http	GET	/api/v3/executionRules	executionRules	documented_active	provider_typed	general_adapter_or_provider	not_applicable		not_connected		Unlinked	unreviewed		unreviewed		unreviewed		unreviewed		unreviewed		unreviewed				needs_evidence	continue_audit	Audited against the current repository; this active provider-typed operation has no connected Rust bridge or typed provider surface in this release.
Binance	Spot REST	Http	GET	/api/v3/historicalBlockTrades	historicalBlockTrades	documented_active	provider_typed	general_adapter_or_provider	not_applicable		not_connected		Unlinked	unreviewed		unreviewed		unreviewed		unreviewed		unreviewed		unreviewed				needs_evidence	continue_audit	Audited against the current repository; this active provider-typed operation has no connected Rust bridge or typed provider surface in this release.
Binance	Spot REST	Http	GET	/api/v3/historicalTrades	historicalTrades	documented_active	provider_typed	general_adapter_or_provider	not_applicable		not_connected		Unlinked	unreviewed		unreviewed		unreviewed		unreviewed		unreviewed		unreviewed				needs_evidence	continue_audit	Audited against the current repository; this active provider-typed operation has no connected Rust bridge or typed provider surface in this release.
Binance	Spot REST	Http	GET	/api/v3/klines	klines	documented_active	common_existing	general_adapter_or_provider	not_applicable	spot.klines	connected	bindings/common/src/coverage.rs::OPERATIONS	Implemented	present	src/adapter.rs:68	present	bindings/common/src/schema.rs::binding_schema	present	bindings/python/python/maxt/_generated_contract.py;bindings/dart/lib/src/generated_contract.dart;bindings/typescript/src/generated/contract.ts	present	bindings/python/python/maxt/adapters.py	present	bindings/dart/lib/src/generated_provider_methods.dart	present	bindings/typescript/src/generated/api.ts	LiveRead	candles	verified	none	Audited Rust contract, public bindings, and verification evidence are present.
Binance	Spot REST	Http	GET	/api/v3/myAllocations	myAllocations	documented_active	provider_typed	general_adapter_or_provider	not_applicable		not_connected		Unlinked	unreviewed		unreviewed		unreviewed		unreviewed		unreviewed		unreviewed				needs_evidence	continue_audit	Audited against the current repository; this active provider-typed operation has no connected Rust bridge or typed provider surface in this release.
Binance	Spot REST	Http	GET	/api/v3/myFilters	myFilters	documented_active	provider_typed	general_adapter_or_provider	not_applicable		not_connected		Unlinked	unreviewed		unreviewed		unreviewed		unreviewed		unreviewed		unreviewed				needs_evidence	continue_audit	Audited against the current repository; this active provider-typed operation has no connected Rust bridge or typed provider surface in this release.
Binance	Spot REST	Http	GET	/api/v3/myPreventedMatches	myPreventedMatches	documented_active	provider_typed	general_adapter_or_provider	not_applicable		not_connected		Unlinked	unreviewed		unreviewed		unreviewed		unreviewed		unreviewed		unreviewed				needs_evidence	continue_audit	Audited against the current repository; this active provider-typed operation has no connected Rust bridge or typed provider surface in this release.
Binance	Spot REST	Http	GET	/api/v3/myTrades	myTrades	documented_active	provider_typed	general_adapter_or_provider	not_applicable	spot.account_trades	connected	bindings/common/src/coverage.rs::OPERATIONS	Implemented	present	src/adapters/binance/mod.rs:762	present	bindings/common/src/schema.rs::binding_schema	present	bindings/python/python/maxt/_generated_contract.py;bindings/dart/lib/src/generated_contract.dart;bindings/typescript/src/generated/contract.ts	present	bindings/python/python/maxt/adapters.py	present	bindings/dart/lib/src/generated_provider_methods.dart	present	bindings/typescript/src/generated/api.ts	Fixture	account_trades	verified	none	Audited Rust contract, public bindings, and verification evidence are present.
Binance	Spot REST	Http	GET	/api/v3/openOrderList	openOrderList	documented_active	provider_typed	general_adapter_or_provider	not_applicable		not_connected		Unlinked	unreviewed		unreviewed		unreviewed		unreviewed		unreviewed		unreviewed				needs_evidence	continue_audit	Audited against the current repository; this active provider-typed operation has no connected Rust bridge or typed provider surface in this release.
Binance	Spot REST	Http	GET	/api/v3/openOrders	getOpenOrders	documented_active	common_existing	general_adapter_or_provider	not_applicable	spot.open_orders	connected	bindings/common/src/coverage.rs::OPERATIONS	Implemented	present	src/adapter.rs:205	present	bindings/common/src/schema.rs::binding_schema	present	bindings/python/python/maxt/_generated_contract.py;bindings/dart/lib/src/generated_contract.dart;bindings/typescript/src/generated/contract.ts	present	bindings/python/python/maxt/adapters.py	present	bindings/dart/lib/src/generated_provider_methods.dart	present	bindings/typescript/src/generated/api.ts	Fixture	open_orders	verified	none	Audited Rust contract, public bindings, and verification evidence are present.
Binance	Spot REST	Http	GET	/api/v3/order	getOrder	documented_active	provider_typed	general_adapter_or_provider	not_applicable	spot.query_order	connected	bindings/common/src/coverage.rs::OPERATIONS	Implemented	present	src/adapters/binance/mod.rs:748	present	bindings/common/src/schema.rs::binding_schema	present	bindings/python/python/maxt/_generated_contract.py;bindings/dart/lib/src/generated_contract.dart;bindings/typescript/src/generated/contract.ts	present	bindings/python/python/maxt/adapters.py	present	bindings/dart/lib/src/generated_provider_methods.dart	present	bindings/typescript/src/generated/api.ts	Fixture	spot_order	verified	none	Audited Rust contract, public bindings, and verification evidence are present.
Binance	Spot REST	Http	GET	/api/v3/order/amendments	orderAmendments	documented_active	provider_typed	general_adapter_or_provider	not_applicable		not_connected		Unlinked	unreviewed		unreviewed		unreviewed		unreviewed		unreviewed		unreviewed				needs_evidence	continue_audit	Audited against the current repository; this active provider-typed operation has no connected Rust bridge or typed provider surface in this release.
Binance	Spot REST	Http	GET	/api/v3/orderList	getOrderList	documented_active	provider_typed	general_adapter_or_provider	not_applicable		not_connected		Unlinked	unreviewed		unreviewed		unreviewed		unreviewed		unreviewed		unreviewed				needs_evidence	continue_audit	Audited against the current repository; this active provider-typed operation has no connected Rust bridge or typed provider surface in this release.
Binance	Spot REST	Http	GET	/api/v3/ping	ping	documented_active	provider_typed	general_adapter_or_provider	not_applicable		not_connected		Unlinked	unreviewed		unreviewed		unreviewed		unreviewed		unreviewed		unreviewed				needs_evidence	continue_audit	Audited against the current repository; this active provider-typed operation has no connected Rust bridge or typed provider surface in this release.
Binance	Spot REST	Http	GET	/api/v3/rateLimit/order	rateLimitOrder	documented_active	provider_typed	general_adapter_or_provider	not_applicable		not_connected		Unlinked	unreviewed		unreviewed		unreviewed		unreviewed		unreviewed		unreviewed				needs_evidence	continue_audit	Audited against the current repository; this active provider-typed operation has no connected Rust bridge or typed provider surface in this release.
Binance	Spot REST	Http	GET	/api/v3/referencePrice	referencePrice	documented_active	provider_typed	general_adapter_or_provider	not_applicable		not_connected		Unlinked	unreviewed		unreviewed		unreviewed		unreviewed		unreviewed		unreviewed				needs_evidence	continue_audit	Audited against the current repository; this active provider-typed operation has no connected Rust bridge or typed provider surface in this release.
Binance	Spot REST	Http	GET	/api/v3/referencePrice/calculation	referencePriceCalculation	documented_active	provider_typed	general_adapter_or_provider	not_applicable		not_connected		Unlinked	unreviewed		unreviewed		unreviewed		unreviewed		unreviewed		unreviewed				needs_evidence	continue_audit	Audited against the current repository; this active provider-typed operation has no connected Rust bridge or typed provider surface in this release.
Binance	Spot REST	Http	GET	/api/v3/ticker	ticker	documented_active	provider_typed	general_adapter_or_provider	not_applicable		not_connected		Unlinked	unreviewed		unreviewed		unreviewed		unreviewed		unreviewed		unreviewed				needs_evidence	continue_audit	Audited against the current repository; this active provider-typed operation has no connected Rust bridge or typed provider surface in this release.
Binance	Spot REST	Http	GET	/api/v3/ticker/24hr	ticker24hr	documented_active	common_existing	general_adapter_or_provider	not_applicable	spot.ticker_24hr	connected	bindings/common/src/coverage.rs::OPERATIONS	Implemented	present	src/adapter.rs:62	present	bindings/common/src/schema.rs::binding_schema	present	bindings/python/python/maxt/_generated_contract.py;bindings/dart/lib/src/generated_contract.dart;bindings/typescript/src/generated/contract.ts	present	bindings/python/python/maxt/adapters.py	present	bindings/dart/lib/src/generated_provider_methods.dart	present	bindings/typescript/src/generated/api.ts	LiveRead	ticker	verified	none	Audited Rust contract, public bindings, and verification evidence are present.
Binance	Spot REST	Http	GET	/api/v3/ticker/bookTicker	tickerBookTicker	documented_active	provider_typed	general_adapter_or_provider	not_applicable		not_connected		Unlinked	unreviewed		unreviewed		unreviewed		unreviewed		unreviewed		unreviewed				needs_evidence	continue_audit	Audited against the current repository; this active provider-typed operation has no connected Rust bridge or typed provider surface in this release.
Binance	Spot REST	Http	GET	/api/v3/ticker/price	tickerPrice	documented_active	provider_typed	general_adapter_or_provider	not_applicable		not_connected		Unlinked	unreviewed		unreviewed		unreviewed		unreviewed		unreviewed		unreviewed				needs_evidence	continue_audit	Audited against the current repository; this active provider-typed operation has no connected Rust bridge or typed provider surface in this release.
Binance	Spot REST	Http	GET	/api/v3/ticker/tradingDay	tickerTradingDay	documented_active	provider_typed	general_adapter_or_provider	not_applicable		not_connected		Unlinked	unreviewed		unreviewed		unreviewed		unreviewed		unreviewed		unreviewed				needs_evidence	continue_audit	Audited against the current repository; this active provider-typed operation has no connected Rust bridge or typed provider surface in this release.
Binance	Spot REST	Http	GET	/api/v3/time	time	documented_active	provider_typed	general_adapter_or_provider	not_applicable		not_connected		Unlinked	unreviewed		unreviewed		unreviewed		unreviewed		unreviewed		unreviewed				needs_evidence	continue_audit	Audited against the current repository; this active provider-typed operation has no connected Rust bridge or typed provider surface in this release.
Binance	Spot REST	Http	GET	/api/v3/trades	getTrades	documented_active	common_existing	general_adapter_or_provider	not_applicable	spot.recent_trades	connected	bindings/common/src/coverage.rs::OPERATIONS	Implemented	present	src/adapter.rs:50	present	bindings/common/src/schema.rs::binding_schema	present	bindings/python/python/maxt/_generated_contract.py;bindings/dart/lib/src/generated_contract.dart;bindings/typescript/src/generated/contract.ts	present	bindings/python/python/maxt/adapters.py	present	bindings/dart/lib/src/generated_provider_methods.dart	present	bindings/typescript/src/generated/api.ts	LiveRead	trades	verified	none	Audited Rust contract, public bindings, and verification evidence are present.
Binance	Spot REST	Http	GET	/api/v3/uiKlines	uiKlines	documented_active	provider_typed	general_adapter_or_provider	not_applicable		not_connected		Unlinked	unreviewed		unreviewed		unreviewed		unreviewed		unreviewed		unreviewed				needs_evidence	continue_audit	Audited against the current repository; this active provider-typed operation has no connected Rust bridge or typed provider surface in this release.
Binance	Spot REST	Http	POST	/api/v3/order	newOrder	documented_active	common_existing	general_adapter_or_provider	not_applicable	spot.new_order	connected	bindings/common/src/coverage.rs::OPERATIONS	Partial	present	src/adapter.rs:244	present	bindings/common/src/schema.rs::binding_schema	present	bindings/python/python/maxt/_generated_contract.py;bindings/dart/lib/src/generated_contract.dart;bindings/typescript/src/generated/contract.ts	present	bindings/python/python/maxt/adapters.py	present	bindings/dart/lib/src/generated_provider_methods.dart	present	bindings/typescript/src/generated/api.ts	Fixture	place_order	needs_evidence	continue_audit	The existing implementation scope is retained, but operation-level semantic audit evidence is incomplete.
Binance	Spot REST	Http	POST	/api/v3/order/cancelReplace	orderCancelReplace	documented_active	provider_typed	general_adapter_or_provider	not_applicable		not_connected		Unlinked	unreviewed		unreviewed		unreviewed		unreviewed		unreviewed		unreviewed				needs_evidence	continue_audit	Audited against the current repository; this active provider-typed operation has no connected Rust bridge or typed provider surface in this release.
Binance	Spot REST	Http	POST	/api/v3/order/test	orderTest	documented_active	provider_typed	general_adapter_or_provider	not_applicable	spot.test_order	connected	bindings/common/src/coverage.rs::OPERATIONS	Implemented	present	src/adapters/binance/mod.rs:788	present	bindings/common/src/schema.rs::binding_schema	present	bindings/python/python/maxt/_generated_contract.py;bindings/dart/lib/src/generated_contract.dart;bindings/typescript/src/generated/contract.ts	present	bindings/python/python/maxt/adapters.py	present	bindings/dart/lib/src/generated_provider_methods.dart	present	bindings/typescript/src/generated/api.ts	Fixture	test_order	verified	none	Audited Rust contract, public bindings, and verification evidence are present.
Binance	Spot REST	Http	POST	/api/v3/orderList/oco	orderListOco	documented_active	provider_typed	general_adapter_or_provider	not_applicable		not_connected		Unlinked	unreviewed		unreviewed		unreviewed		unreviewed		unreviewed		unreviewed				needs_evidence	continue_audit	Audited against the current repository; this active provider-typed operation has no connected Rust bridge or typed provider surface in this release.
Binance	Spot REST	Http	POST	/api/v3/orderList/opo	orderListOpo	documented_active	provider_typed	general_adapter_or_provider	not_applicable		not_connected		Unlinked	unreviewed		unreviewed		unreviewed		unreviewed		unreviewed		unreviewed				needs_evidence	continue_audit	Audited against the current repository; this active provider-typed operation has no connected Rust bridge or typed provider surface in this release.
Binance	Spot REST	Http	POST	/api/v3/orderList/opoco	orderListOpoco	documented_active	provider_typed	general_adapter_or_provider	not_applicable		not_connected		Unlinked	unreviewed		unreviewed		unreviewed		unreviewed		unreviewed		unreviewed				needs_evidence	continue_audit	Audited against the current repository; this active provider-typed operation has no connected Rust bridge or typed provider surface in this release.
Binance	Spot REST	Http	POST	/api/v3/orderList/oto	orderListOto	documented_active	provider_typed	general_adapter_or_provider	not_applicable		not_connected		Unlinked	unreviewed		unreviewed		unreviewed		unreviewed		unreviewed		unreviewed				needs_evidence	continue_audit	Audited against the current repository; this active provider-typed operation has no connected Rust bridge or typed provider surface in this release.
Binance	Spot REST	Http	POST	/api/v3/orderList/otoco	orderListOtoco	documented_active	provider_typed	general_adapter_or_provider	not_applicable		not_connected		Unlinked	unreviewed		unreviewed		unreviewed		unreviewed		unreviewed		unreviewed				needs_evidence	continue_audit	Audited against the current repository; this active provider-typed operation has no connected Rust bridge or typed provider surface in this release.
Binance	Spot REST	Http	POST	/api/v3/sor/order	sorOrder	documented_active	provider_typed	general_adapter_or_provider	not_applicable		not_connected		Unlinked	unreviewed		unreviewed		unreviewed		unreviewed		unreviewed		unreviewed				needs_evidence	continue_audit	Audited against the current repository; this active provider-typed operation has no connected Rust bridge or typed provider surface in this release.
Binance	Spot REST	Http	POST	/api/v3/sor/order/test	sorOrderTest	documented_active	provider_typed	general_adapter_or_provider	not_applicable		not_connected		Unlinked	unreviewed		unreviewed		unreviewed		unreviewed		unreviewed		unreviewed				needs_evidence	continue_audit	Audited against the current repository; this active provider-typed operation has no connected Rust bridge or typed provider surface in this release.
Binance	Spot REST	Http	PUT	/api/v3/order/amend/keepPriority	orderAmendKeepPriority	documented_active	provider_typed	general_adapter_or_provider	not_applicable		not_connected		Unlinked	unreviewed		unreviewed		unreviewed		unreviewed		unreviewed		unreviewed				needs_evidence	continue_audit	Audited against the current repository; this active provider-typed operation has no connected Rust bridge or typed provider surface in this release.
Binance	Spot WebSocket	WebSocketRequest	POST	/account.commission	accountCommission	documented_active	provider_typed	general_adapter_or_provider	not_applicable		not_connected		Unlinked	unreviewed		unreviewed		unreviewed		unreviewed		unreviewed		unreviewed				needs_evidence	continue_audit	Audited against the current repository; this active provider-typed operation has no connected Rust bridge or typed provider surface in this release.
Binance	Spot WebSocket	WebSocketRequest	POST	/account.rateLimits.orders	accountRateLimitsOrders	documented_active	provider_typed	general_adapter_or_provider	not_applicable		not_connected		Unlinked	unreviewed		unreviewed		unreviewed		unreviewed		unreviewed		unreviewed				needs_evidence	continue_audit	Audited against the current repository; this active provider-typed operation has no connected Rust bridge or typed provider surface in this release.
Binance	Spot WebSocket	WebSocketRequest	POST	/account.status	accountStatus	documented_active	provider_typed	general_adapter_or_provider	not_applicable		not_connected		Unlinked	unreviewed		unreviewed		unreviewed		unreviewed		unreviewed		unreviewed				needs_evidence	continue_audit	Audited against the current repository; this active provider-typed operation has no connected Rust bridge or typed provider surface in this release.
Binance	Spot WebSocket	WebSocketRequest	POST	/allOrderLists	allOrderLists	documented_active	provider_typed	general_adapter_or_provider	not_applicable		not_connected		Unlinked	unreviewed		unreviewed		unreviewed		unreviewed		unreviewed		unreviewed				needs_evidence	continue_audit	Audited against the current repository; this active provider-typed operation has no connected Rust bridge or typed provider surface in this release.
Binance	Spot WebSocket	WebSocketRequest	POST	/allOrders	allOrders	documented_active	provider_typed	general_adapter_or_provider	not_applicable		not_connected		Unlinked	unreviewed		unreviewed		unreviewed		unreviewed		unreviewed		unreviewed				needs_evidence	continue_audit	Audited against the current repository; this active provider-typed operation has no connected Rust bridge or typed provider surface in this release.
Binance	Spot WebSocket	WebSocketRequest	POST	/avgPrice	avgPrice	documented_active	provider_typed	general_adapter_or_provider	not_applicable		not_connected		Unlinked	unreviewed		unreviewed		unreviewed		unreviewed		unreviewed		unreviewed				needs_evidence	continue_audit	Audited against the current repository; this active provider-typed operation has no connected Rust bridge or typed provider surface in this release.
Binance	Spot WebSocket	WebSocketRequest	POST	/blockTrades.historical	blockTradesHistorical	documented_active	provider_typed	general_adapter_or_provider	not_applicable		not_connected		Unlinked	unreviewed		unreviewed		unreviewed		unreviewed		unreviewed		unreviewed				needs_evidence	continue_audit	Audited against the current repository; this active provider-typed operation has no connected Rust bridge or typed provider surface in this release.
Binance	Spot WebSocket	WebSocketRequest	POST	/depth	depth	documented_active	provider_typed	general_adapter_or_provider	not_applicable		not_connected		Unlinked	unreviewed		unreviewed		unreviewed		unreviewed		unreviewed		unreviewed				needs_evidence	continue_audit	Audited against the current repository; this active provider-typed operation has no connected Rust bridge or typed provider surface in this release.
Binance	Spot WebSocket	WebSocketRequest	POST	/exchangeInfo	exchangeInfo	documented_active	provider_typed	general_adapter_or_provider	not_applicable		not_connected		Unlinked	unreviewed		unreviewed		unreviewed		unreviewed		unreviewed		unreviewed				needs_evidence	continue_audit	Audited against the current repository; this active provider-typed operation has no connected Rust bridge or typed provider surface in this release.
Binance	Spot WebSocket	WebSocketRequest	POST	/executionRules	executionRules	documented_active	provider_typed	general_adapter_or_provider	not_applicable		not_connected		Unlinked	unreviewed		unreviewed		unreviewed		unreviewed		unreviewed		unreviewed				needs_evidence	continue_audit	Audited against the current repository; this active provider-typed operation has no connected Rust bridge or typed provider surface in this release.
Binance	Spot WebSocket	WebSocketRequest	POST	/klines	klines	documented_active	provider_typed	general_adapter_or_provider	not_applicable		not_connected		Unlinked	unreviewed		unreviewed		unreviewed		unreviewed		unreviewed		unreviewed				needs_evidence	continue_audit	Audited against the current repository; this active provider-typed operation has no connected Rust bridge or typed provider surface in this release.
Binance	Spot WebSocket	WebSocketRequest	POST	/myAllocations	myAllocations	documented_active	provider_typed	general_adapter_or_provider	not_applicable		not_connected		Unlinked	unreviewed		unreviewed		unreviewed		unreviewed		unreviewed		unreviewed				needs_evidence	continue_audit	Audited against the current repository; this active provider-typed operation has no connected Rust bridge or typed provider surface in this release.
Binance	Spot WebSocket	WebSocketRequest	POST	/myFilters	myFilters	documented_active	provider_typed	general_adapter_or_provider	not_applicable		not_connected		Unlinked	unreviewed		unreviewed		unreviewed		unreviewed		unreviewed		unreviewed				needs_evidence	continue_audit	Audited against the current repository; this active provider-typed operation has no connected Rust bridge or typed provider surface in this release.
Binance	Spot WebSocket	WebSocketRequest	POST	/myPreventedMatches	myPreventedMatches	documented_active	provider_typed	general_adapter_or_provider	not_applicable		not_connected		Unlinked	unreviewed		unreviewed		unreviewed		unreviewed		unreviewed		unreviewed				needs_evidence	continue_audit	Audited against the current repository; this active provider-typed operation has no connected Rust bridge or typed provider surface in this release.
Binance	Spot WebSocket	WebSocketRequest	POST	/myTrades	myTrades	documented_active	provider_typed	general_adapter_or_provider	not_applicable		not_connected		Unlinked	unreviewed		unreviewed		unreviewed		unreviewed		unreviewed		unreviewed				needs_evidence	continue_audit	Audited against the current repository; this active provider-typed operation has no connected Rust bridge or typed provider surface in this release.
Binance	Spot WebSocket	WebSocketRequest	POST	/openOrderLists.status	openOrderListsStatus	documented_active	provider_typed	general_adapter_or_provider	not_applicable		not_connected		Unlinked	unreviewed		unreviewed		unreviewed		unreviewed		unreviewed		unreviewed				needs_evidence	continue_audit	Audited against the current repository; this active provider-typed operation has no connected Rust bridge or typed provider surface in this release.
Binance	Spot WebSocket	WebSocketRequest	POST	/openOrders.cancelAll	openOrdersCancelAll	documented_active	provider_typed	general_adapter_or_provider	not_applicable		not_connected		Unlinked	unreviewed		unreviewed		unreviewed		unreviewed		unreviewed		unreviewed				needs_evidence	continue_audit	Audited against the current repository; this active provider-typed operation has no connected Rust bridge or typed provider surface in this release.
Binance	Spot WebSocket	WebSocketRequest	POST	/openOrders.status	openOrdersStatus	documented_active	provider_typed	general_adapter_or_provider	not_applicable		not_connected		Unlinked	unreviewed		unreviewed		unreviewed		unreviewed		unreviewed		unreviewed				needs_evidence	continue_audit	Audited against the current repository; this active provider-typed operation has no connected Rust bridge or typed provider surface in this release.
Binance	Spot WebSocket	WebSocketRequest	POST	/order.amend.keepPriority	orderAmendKeepPriority	documented_active	provider_typed	general_adapter_or_provider	not_applicable		not_connected		Unlinked	unreviewed		unreviewed		unreviewed		unreviewed		unreviewed		unreviewed				needs_evidence	continue_audit	Audited against the current repository; this active provider-typed operation has no connected Rust bridge or typed provider surface in this release.
Binance	Spot WebSocket	WebSocketRequest	POST	/order.amendments	orderAmendments	documented_active	provider_typed	general_adapter_or_provider	not_applicable		not_connected		Unlinked	unreviewed		unreviewed		unreviewed		unreviewed		unreviewed		unreviewed				needs_evidence	continue_audit	Audited against the current repository; this active provider-typed operation has no connected Rust bridge or typed provider surface in this release.
Binance	Spot WebSocket	WebSocketRequest	POST	/order.cancel	orderCancel	documented_active	provider_typed	general_adapter_or_provider	not_applicable		not_connected		Unlinked	unreviewed		unreviewed		unreviewed		unreviewed		unreviewed		unreviewed				needs_evidence	continue_audit	Audited against the current repository; this active provider-typed operation has no connected Rust bridge or typed provider surface in this release.
Binance	Spot WebSocket	WebSocketRequest	POST	/order.cancelReplace	orderCancelReplace	documented_active	provider_typed	general_adapter_or_provider	not_applicable		not_connected		Unlinked	unreviewed		unreviewed		unreviewed		unreviewed		unreviewed		unreviewed				needs_evidence	continue_audit	Audited against the current repository; this active provider-typed operation has no connected Rust bridge or typed provider surface in this release.
Binance	Spot WebSocket	WebSocketRequest	POST	/order.place	orderPlace	documented_active	provider_typed	general_adapter_or_provider	not_applicable		not_connected		Unlinked	unreviewed		unreviewed		unreviewed		unreviewed		unreviewed		unreviewed				needs_evidence	continue_audit	Audited against the current repository; this active provider-typed operation has no connected Rust bridge or typed provider surface in this release.
Binance	Spot WebSocket	WebSocketRequest	POST	/order.status	orderStatus	documented_active	provider_typed	general_adapter_or_provider	not_applicable		not_connected		Unlinked	unreviewed		unreviewed		unreviewed		unreviewed		unreviewed		unreviewed				needs_evidence	continue_audit	Audited against the current repository; this active provider-typed operation has no connected Rust bridge or typed provider surface in this release.
Binance	Spot WebSocket	WebSocketRequest	POST	/order.test	orderTest	documented_active	provider_typed	general_adapter_or_provider	not_applicable		not_connected		Unlinked	unreviewed		unreviewed		unreviewed		unreviewed		unreviewed		unreviewed				needs_evidence	continue_audit	Audited against the current repository; this active provider-typed operation has no connected Rust bridge or typed provider surface in this release.
Binance	Spot WebSocket	WebSocketRequest	POST	/orderList.cancel	orderListCancel	documented_active	provider_typed	general_adapter_or_provider	not_applicable		not_connected		Unlinked	unreviewed		unreviewed		unreviewed		unreviewed		unreviewed		unreviewed				needs_evidence	continue_audit	Audited against the current repository; this active provider-typed operation has no connected Rust bridge or typed provider surface in this release.
Binance	Spot WebSocket	WebSocketRequest	POST	/orderList.place.oco	orderListPlaceOco	documented_active	provider_typed	general_adapter_or_provider	not_applicable		not_connected		Unlinked	unreviewed		unreviewed		unreviewed		unreviewed		unreviewed		unreviewed				needs_evidence	continue_audit	Audited against the current repository; this active provider-typed operation has no connected Rust bridge or typed provider surface in this release.
Binance	Spot WebSocket	WebSocketRequest	POST	/orderList.place.opo	orderListPlaceOpo	documented_active	provider_typed	general_adapter_or_provider	not_applicable		not_connected		Unlinked	unreviewed		unreviewed		unreviewed		unreviewed		unreviewed		unreviewed				needs_evidence	continue_audit	Audited against the current repository; this active provider-typed operation has no connected Rust bridge or typed provider surface in this release.
Binance	Spot WebSocket	WebSocketRequest	POST	/orderList.place.opoco	orderListPlaceOpoco	documented_active	provider_typed	general_adapter_or_provider	not_applicable		not_connected		Unlinked	unreviewed		unreviewed		unreviewed		unreviewed		unreviewed		unreviewed				needs_evidence	continue_audit	Audited against the current repository; this active provider-typed operation has no connected Rust bridge or typed provider surface in this release.
Binance	Spot WebSocket	WebSocketRequest	POST	/orderList.place.oto	orderListPlaceOto	documented_active	provider_typed	general_adapter_or_provider	not_applicable		not_connected		Unlinked	unreviewed		unreviewed		unreviewed		unreviewed		unreviewed		unreviewed				needs_evidence	continue_audit	Audited against the current repository; this active provider-typed operation has no connected Rust bridge or typed provider surface in this release.
Binance	Spot WebSocket	WebSocketRequest	POST	/orderList.place.otoco	orderListPlaceOtoco	documented_active	provider_typed	general_adapter_or_provider	not_applicable		not_connected		Unlinked	unreviewed		unreviewed		unreviewed		unreviewed		unreviewed		unreviewed				needs_evidence	continue_audit	Audited against the current repository; this active provider-typed operation has no connected Rust bridge or typed provider surface in this release.
Binance	Spot WebSocket	WebSocketRequest	POST	/orderList.status	orderListStatus	documented_active	provider_typed	general_adapter_or_provider	not_applicable		not_connected		Unlinked	unreviewed		unreviewed		unreviewed		unreviewed		unreviewed		unreviewed				needs_evidence	continue_audit	Audited against the current repository; this active provider-typed operation has no connected Rust bridge or typed provider surface in this release.
Binance	Spot WebSocket	WebSocketRequest	POST	/ping	ping	documented_active	provider_typed	general_adapter_or_provider	not_applicable		not_connected		Unlinked	unreviewed		unreviewed		unreviewed		unreviewed		unreviewed		unreviewed				needs_evidence	continue_audit	Audited against the current repository; this active provider-typed operation has no connected Rust bridge or typed provider surface in this release.
Binance	Spot WebSocket	WebSocketRequest	POST	/referencePrice	referencePrice	documented_active	provider_typed	general_adapter_or_provider	not_applicable		not_connected		Unlinked	unreviewed		unreviewed		unreviewed		unreviewed		unreviewed		unreviewed				needs_evidence	continue_audit	Audited against the current repository; this active provider-typed operation has no connected Rust bridge or typed provider surface in this release.
Binance	Spot WebSocket	WebSocketRequest	POST	/referencePrice.calculation	referencePriceCalculation	documented_active	provider_typed	general_adapter_or_provider	not_applicable		not_connected		Unlinked	unreviewed		unreviewed		unreviewed		unreviewed		unreviewed		unreviewed				needs_evidence	continue_audit	Audited against the current repository; this active provider-typed operation has no connected Rust bridge or typed provider surface in this release.
Binance	Spot WebSocket	WebSocketRequest	POST	/session.logon	sessionLogon	documented_active	provider_typed	general_adapter_or_provider	not_applicable		not_connected		Unlinked	unreviewed		unreviewed		unreviewed		unreviewed		unreviewed		unreviewed				needs_evidence	continue_audit	Audited against the current repository; this active provider-typed operation has no connected Rust bridge or typed provider surface in this release.
Binance	Spot WebSocket	WebSocketRequest	POST	/session.logout	sessionLogout	documented_active	provider_typed	general_adapter_or_provider	not_applicable		not_connected		Unlinked	unreviewed		unreviewed		unreviewed		unreviewed		unreviewed		unreviewed				needs_evidence	continue_audit	Audited against the current repository; this active provider-typed operation has no connected Rust bridge or typed provider surface in this release.
Binance	Spot WebSocket	WebSocketRequest	POST	/session.status	sessionStatus	documented_active	provider_typed	general_adapter_or_provider	not_applicable		not_connected		Unlinked	unreviewed		unreviewed		unreviewed		unreviewed		unreviewed		unreviewed				needs_evidence	continue_audit	Audited against the current repository; this active provider-typed operation has no connected Rust bridge or typed provider surface in this release.
Binance	Spot WebSocket	WebSocketRequest	POST	/session.subscriptions	sessionSubscriptions	documented_active	provider_typed	general_adapter_or_provider	not_applicable		not_connected		Unlinked	unreviewed		unreviewed		unreviewed		unreviewed		unreviewed		unreviewed				needs_evidence	continue_audit	Audited against the current repository; this active provider-typed operation has no connected Rust bridge or typed provider surface in this release.
Binance	Spot WebSocket	WebSocketRequest	POST	/sor.order.place	sorOrderPlace	documented_active	provider_typed	general_adapter_or_provider	not_applicable		not_connected		Unlinked	unreviewed		unreviewed		unreviewed		unreviewed		unreviewed		unreviewed				needs_evidence	continue_audit	Audited against the current repository; this active provider-typed operation has no connected Rust bridge or typed provider surface in this release.
Binance	Spot WebSocket	WebSocketRequest	POST	/sor.order.test	sorOrderTest	documented_active	provider_typed	general_adapter_or_provider	not_applicable		not_connected		Unlinked	unreviewed		unreviewed		unreviewed		unreviewed		unreviewed		unreviewed				needs_evidence	continue_audit	Audited against the current repository; this active provider-typed operation has no connected Rust bridge or typed provider surface in this release.
Binance	Spot WebSocket	WebSocketRequest	POST	/ticker	ticker	documented_active	provider_typed	general_adapter_or_provider	not_applicable		not_connected		Unlinked	unreviewed		unreviewed		unreviewed		unreviewed		unreviewed		unreviewed				needs_evidence	continue_audit	Audited against the current repository; this active provider-typed operation has no connected Rust bridge or typed provider surface in this release.
Binance	Spot WebSocket	WebSocketRequest	POST	/ticker.24hr	ticker24hr	documented_active	provider_typed	general_adapter_or_provider	not_applicable		not_connected		Unlinked	unreviewed		unreviewed		unreviewed		unreviewed		unreviewed		unreviewed				needs_evidence	continue_audit	Audited against the current repository; this active provider-typed operation has no connected Rust bridge or typed provider surface in this release.
Binance	Spot WebSocket	WebSocketRequest	POST	/ticker.book	tickerBook	documented_active	provider_typed	general_adapter_or_provider	not_applicable		not_connected		Unlinked	unreviewed		unreviewed		unreviewed		unreviewed		unreviewed		unreviewed				needs_evidence	continue_audit	Audited against the current repository; this active provider-typed operation has no connected Rust bridge or typed provider surface in this release.
Binance	Spot WebSocket	WebSocketRequest	POST	/ticker.price	tickerPrice	documented_active	provider_typed	general_adapter_or_provider	not_applicable		not_connected		Unlinked	unreviewed		unreviewed		unreviewed		unreviewed		unreviewed		unreviewed				needs_evidence	continue_audit	Audited against the current repository; this active provider-typed operation has no connected Rust bridge or typed provider surface in this release.
Binance	Spot WebSocket	WebSocketRequest	POST	/ticker.tradingDay	tickerTradingDay	documented_active	provider_typed	general_adapter_or_provider	not_applicable		not_connected		Unlinked	unreviewed		unreviewed		unreviewed		unreviewed		unreviewed		unreviewed				needs_evidence	continue_audit	Audited against the current repository; this active provider-typed operation has no connected Rust bridge or typed provider surface in this release.
Binance	Spot WebSocket	WebSocketRequest	POST	/time	time	documented_active	provider_typed	general_adapter_or_provider	not_applicable		not_connected		Unlinked	unreviewed		unreviewed		unreviewed		unreviewed		unreviewed		unreviewed				needs_evidence	continue_audit	Audited against the current repository; this active provider-typed operation has no connected Rust bridge or typed provider surface in this release.
Binance	Spot WebSocket	WebSocketRequest	POST	/trades.aggregate	tradesAggregate	documented_active	provider_typed	general_adapter_or_provider	not_applicable		not_connected		Unlinked	unreviewed		unreviewed		unreviewed		unreviewed		unreviewed		unreviewed				needs_evidence	continue_audit	Audited against the current repository; this active provider-typed operation has no connected Rust bridge or typed provider surface in this release.
Binance	Spot WebSocket	WebSocketRequest	POST	/trades.historical	tradesHistorical	documented_active	provider_typed	general_adapter_or_provider	not_applicable		not_connected		Unlinked	unreviewed		unreviewed		unreviewed		unreviewed		unreviewed		unreviewed				needs_evidence	continue_audit	Audited against the current repository; this active provider-typed operation has no connected Rust bridge or typed provider surface in this release.
Binance	Spot WebSocket	WebSocketRequest	POST	/trades.recent	tradesRecent	documented_active	provider_typed	general_adapter_or_provider	not_applicable		not_connected		Unlinked	unreviewed		unreviewed		unreviewed		unreviewed		unreviewed		unreviewed				needs_evidence	continue_audit	Audited against the current repository; this active provider-typed operation has no connected Rust bridge or typed provider surface in this release.
Binance	Spot WebSocket	WebSocketRequest	POST	/uiKlines	uiKlines	documented_active	provider_typed	general_adapter_or_provider	not_applicable		not_connected		Unlinked	unreviewed		unreviewed		unreviewed		unreviewed		unreviewed		unreviewed				needs_evidence	continue_audit	Audited against the current repository; this active provider-typed operation has no connected Rust bridge or typed provider surface in this release.
Binance	Spot WebSocket	WebSocketRequest	POST	/userDataStream.subscribe	userDataStreamSubscribe	documented_active	provider_typed	general_adapter_or_provider	not_applicable		not_connected		Unlinked	unreviewed		unreviewed		unreviewed		unreviewed		unreviewed		unreviewed				needs_evidence	continue_audit	Audited against the current repository; this active provider-typed operation has no connected Rust bridge or typed provider surface in this release.
Binance	Spot WebSocket	WebSocketRequest	POST	/userDataStream.subscribe.signature	userDataStreamSubscribeSignature	documented_active	common_existing	general_adapter_or_provider	not_applicable	spot.user_data_stream_signature	connected	bindings/common/src/coverage.rs::OPERATIONS	Partial	present	src/adapter.rs:238	present	bindings/common/src/schema.rs::binding_schema	present	bindings/python/python/maxt/_generated_contract.py;bindings/dart/lib/src/generated_contract.dart;bindings/typescript/src/generated/contract.ts	present	bindings/python/python/maxt/adapters.py	present	bindings/dart/lib/src/generated_provider_methods.dart	present	bindings/typescript/src/generated/api.ts	Fixture	subscribe_account	needs_evidence	continue_audit	The existing implementation scope is retained, but operation-level semantic audit evidence is incomplete.
Binance	Spot WebSocket	WebSocketRequest	POST	/userDataStream.unsubscribe	userDataStreamUnsubscribe	documented_active	provider_typed	general_adapter_or_provider	not_applicable		not_connected		Unlinked	unreviewed		unreviewed		unreviewed		unreviewed		unreviewed		unreviewed				needs_evidence	continue_audit	Audited against the current repository; this active provider-typed operation has no connected Rust bridge or typed provider surface in this release.
Binance	Spot WebSocket Market Streams	WebSocketStream	POST	/!miniTicker@arr	allMiniTicker	documented_active	provider_typed	general_adapter_or_provider	not_applicable		not_connected		Unlinked	unreviewed		unreviewed		unreviewed		unreviewed		unreviewed		unreviewed				needs_evidence	continue_audit	Audited against the current repository; this active provider-typed operation has no connected Rust bridge or typed provider surface in this release.
Binance	Spot WebSocket Market Streams	WebSocketStream	POST	/!ticker_{windowSize}@arr	allMarketRollingWindowTicker	documented_active	provider_typed	general_adapter_or_provider	not_applicable		not_connected		Unlinked	unreviewed		unreviewed		unreviewed		unreviewed		unreviewed		unreviewed				needs_evidence	continue_audit	Audited against the current repository; this active provider-typed operation has no connected Rust bridge or typed provider surface in this release.
Binance	Spot WebSocket Market Streams	WebSocketStream	POST	/{symbol}@aggTrade	aggTrade	documented_active	provider_typed	general_adapter_or_provider	not_applicable		not_connected		Unlinked	unreviewed		unreviewed		unreviewed		unreviewed		unreviewed		unreviewed				needs_design	service_or_contract_decision	The current MarketEvent contract cannot preserve the official stream semantics.
Binance	Spot WebSocket Market Streams	WebSocketStream	POST	/{symbol}@avgPrice	avgPrice	documented_active	provider_typed	general_adapter_or_provider	not_applicable		not_connected		Unlinked	unreviewed		unreviewed		unreviewed		unreviewed		unreviewed		unreviewed				needs_evidence	continue_audit	Audited against the current repository; this active provider-typed operation has no connected Rust bridge or typed provider surface in this release.
Binance	Spot WebSocket Market Streams	WebSocketStream	POST	/{symbol}@blockTrade	blockTrade	documented_active	provider_typed	general_adapter_or_provider	not_applicable		not_connected		Unlinked	unreviewed		unreviewed		unreviewed		unreviewed		unreviewed		unreviewed				needs_evidence	continue_audit	Audited against the current repository; this active provider-typed operation has no connected Rust bridge or typed provider surface in this release.
Binance	Spot WebSocket Market Streams	WebSocketStream	POST	/{symbol}@bookTicker	bookTicker	documented_active	provider_typed	general_adapter_or_provider	not_applicable		not_connected		Unlinked	unreviewed		unreviewed		unreviewed		unreviewed		unreviewed		unreviewed				needs_evidence	continue_audit	Audited against the current repository; this active provider-typed operation has no connected Rust bridge or typed provider surface in this release.
Binance	Spot WebSocket Market Streams	WebSocketStream	POST	/{symbol}@depth@{updateSpeed}	diffBookDepth	documented_active	provider_typed	general_adapter_or_provider	not_applicable		not_connected		Unlinked	unreviewed		unreviewed		unreviewed		unreviewed		unreviewed		unreviewed				needs_design	service_or_contract_decision	The current MarketEvent contract cannot preserve the official stream semantics.
Binance	Spot WebSocket Market Streams	WebSocketStream	POST	/{symbol}@depth{levels}@{updateSpeed}	partialBookDepth	documented_active	common_existing	general_adapter_or_provider	not_applicable	spot.partial_book_depth_stream	connected	bindings/common/src/coverage.rs::OPERATIONS	Partial	present	src/adapter.rs:78	present	bindings/common/src/schema.rs::binding_schema	present	bindings/python/python/maxt/_generated_contract.py;bindings/dart/lib/src/generated_contract.dart;bindings/typescript/src/generated/contract.ts	present	bindings/python/python/maxt/adapters.py	present	bindings/dart/lib/src/generated_provider_methods.dart	present	bindings/typescript/src/generated/api.ts	LiveRead	subscribe	needs_evidence	continue_audit	The existing implementation scope is retained, but operation-level semantic audit evidence is incomplete.
Binance	Spot WebSocket Market Streams	WebSocketStream	POST	/{symbol}@kline_{interval}	kline	documented_active	common_existing	general_adapter_or_provider	not_applicable	spot.kline_stream	connected	bindings/common/src/coverage.rs::OPERATIONS	Partial	present	src/adapter.rs:78	present	bindings/common/src/schema.rs::binding_schema	present	bindings/python/python/maxt/_generated_contract.py;bindings/dart/lib/src/generated_contract.dart;bindings/typescript/src/generated/contract.ts	present	bindings/python/python/maxt/adapters.py	present	bindings/dart/lib/src/generated_provider_methods.dart	present	bindings/typescript/src/generated/api.ts	LiveRead	subscribe	needs_evidence	continue_audit	The existing implementation scope is retained, but operation-level semantic audit evidence is incomplete.
Binance	Spot WebSocket Market Streams	WebSocketStream	POST	/{symbol}@kline_{interval}@+08:00	klineOffset	documented_active	provider_typed	general_adapter_or_provider	not_applicable		not_connected		Unlinked	unreviewed		unreviewed		unreviewed		unreviewed		unreviewed		unreviewed				needs_evidence	continue_audit	Audited against the current repository; this active provider-typed operation has no connected Rust bridge or typed provider surface in this release.
Binance	Spot WebSocket Market Streams	WebSocketStream	POST	/{symbol}@miniTicker	miniTicker	documented_active	provider_typed	general_adapter_or_provider	not_applicable		not_connected		Unlinked	unreviewed		unreviewed		unreviewed		unreviewed		unreviewed		unreviewed				needs_evidence	continue_audit	Audited against the current repository; this active provider-typed operation has no connected Rust bridge or typed provider surface in this release.
Binance	Spot WebSocket Market Streams	WebSocketStream	POST	/{symbol}@referencePrice	referencePrice	documented_active	provider_typed	general_adapter_or_provider	not_applicable		not_connected		Unlinked	unreviewed		unreviewed		unreviewed		unreviewed		unreviewed		unreviewed				needs_evidence	continue_audit	Audited against the current repository; this active provider-typed operation has no connected Rust bridge or typed provider surface in this release.
Binance	Spot WebSocket Market Streams	WebSocketStream	POST	/{symbol}@ticker	ticker	documented_active	common_existing	general_adapter_or_provider	not_applicable	spot.ticker_stream	connected	bindings/common/src/coverage.rs::OPERATIONS	Partial	present	src/adapter.rs:78	present	bindings/common/src/schema.rs::binding_schema	present	bindings/python/python/maxt/_generated_contract.py;bindings/dart/lib/src/generated_contract.dart;bindings/typescript/src/generated/contract.ts	present	bindings/python/python/maxt/adapters.py	present	bindings/dart/lib/src/generated_provider_methods.dart	present	bindings/typescript/src/generated/api.ts	LiveRead	subscribe	needs_evidence	continue_audit	The existing implementation scope is retained, but operation-level semantic audit evidence is incomplete.
Binance	Spot WebSocket Market Streams	WebSocketStream	POST	/{symbol}@ticker_{windowSize}	rollingWindowTicker	documented_active	provider_typed	general_adapter_or_provider	not_applicable		not_connected		Unlinked	unreviewed		unreviewed		unreviewed		unreviewed		unreviewed		unreviewed				needs_evidence	continue_audit	Audited against the current repository; this active provider-typed operation has no connected Rust bridge or typed provider surface in this release.
Binance	Spot WebSocket Market Streams	WebSocketStream	POST	/{symbol}@trade	trade	documented_active	common_existing	general_adapter_or_provider	not_applicable	spot.trade_stream	connected	bindings/common/src/coverage.rs::OPERATIONS	Partial	present	src/adapter.rs:78	present	bindings/common/src/schema.rs::binding_schema	present	bindings/python/python/maxt/_generated_contract.py;bindings/dart/lib/src/generated_contract.dart;bindings/typescript/src/generated/contract.ts	present	bindings/python/python/maxt/adapters.py	present	bindings/dart/lib/src/generated_provider_methods.dart	present	bindings/typescript/src/generated/api.ts	LiveRead	subscribe	needs_evidence	continue_audit	The existing implementation scope is retained, but operation-level semantic audit evidence is incomplete.
Binance	Staking REST	Http	GET	/sapi/v1/eth-staking/eth/history/rateHistory	getWbethRateHistory	documented_active	provider_typed	general_adapter_or_provider	not_applicable		not_connected		Unlinked	unreviewed		unreviewed		unreviewed		unreviewed		unreviewed		unreviewed				needs_evidence	continue_audit	Audited against the current repository; this active provider-typed operation has no connected Rust bridge or typed provider surface in this release.
Binance	Staking REST	Http	GET	/sapi/v1/eth-staking/eth/history/redemptionHistory	getEthRedemptionHistory	documented_active	provider_typed	general_adapter_or_provider	not_applicable		not_connected		Unlinked	unreviewed		unreviewed		unreviewed		unreviewed		unreviewed		unreviewed				needs_evidence	continue_audit	Audited against the current repository; this active provider-typed operation has no connected Rust bridge or typed provider surface in this release.
Binance	Staking REST	Http	GET	/sapi/v1/eth-staking/eth/history/stakingHistory	getEthStakingHistory	documented_active	provider_typed	general_adapter_or_provider	not_applicable		not_connected		Unlinked	unreviewed		unreviewed		unreviewed		unreviewed		unreviewed		unreviewed				needs_evidence	continue_audit	Audited against the current repository; this active provider-typed operation has no connected Rust bridge or typed provider surface in this release.
Binance	Staking REST	Http	GET	/sapi/v1/eth-staking/eth/history/wbethRewardsHistory	getWbethRewardsHistory	documented_active	provider_typed	general_adapter_or_provider	not_applicable		not_connected		Unlinked	unreviewed		unreviewed		unreviewed		unreviewed		unreviewed		unreviewed				needs_evidence	continue_audit	Audited against the current repository; this active provider-typed operation has no connected Rust bridge or typed provider surface in this release.
Binance	Staking REST	Http	GET	/sapi/v1/eth-staking/eth/quota	getCurrentEthStakingQuota	documented_active	provider_typed	general_adapter_or_provider	not_applicable		not_connected		Unlinked	unreviewed		unreviewed		unreviewed		unreviewed		unreviewed		unreviewed				needs_evidence	continue_audit	Audited against the current repository; this active provider-typed operation has no connected Rust bridge or typed provider surface in this release.
Binance	Staking REST	Http	GET	/sapi/v1/eth-staking/wbeth/history/unwrapHistory	getWbethUnwrapHistory	documented_active	provider_typed	general_adapter_or_provider	not_applicable		not_connected		Unlinked	unreviewed		unreviewed		unreviewed		unreviewed		unreviewed		unreviewed				needs_evidence	continue_audit	Audited against the current repository; this active provider-typed operation has no connected Rust bridge or typed provider surface in this release.
Binance	Staking REST	Http	GET	/sapi/v1/eth-staking/wbeth/history/wrapHistory	getWbethWrapHistory	documented_active	provider_typed	general_adapter_or_provider	not_applicable		not_connected		Unlinked	unreviewed		unreviewed		unreviewed		unreviewed		unreviewed		unreviewed				needs_evidence	continue_audit	Audited against the current repository; this active provider-typed operation has no connected Rust bridge or typed provider surface in this release.
Binance	Staking REST	Http	GET	/sapi/v1/onchain-yields/account	onChainYieldsAccount	documented_active	provider_typed	general_adapter_or_provider	not_applicable		not_connected		Unlinked	unreviewed		unreviewed		unreviewed		unreviewed		unreviewed		unreviewed				needs_evidence	continue_audit	Audited against the current repository; this active provider-typed operation has no connected Rust bridge or typed provider surface in this release.
Binance	Staking REST	Http	GET	/sapi/v1/onchain-yields/locked/history/redemptionRecord	getOnChainYieldsLockedRedemptionRecord	documented_active	provider_typed	general_adapter_or_provider	not_applicable		not_connected		Unlinked	unreviewed		unreviewed		unreviewed		unreviewed		unreviewed		unreviewed				needs_evidence	continue_audit	Audited against the current repository; this active provider-typed operation has no connected Rust bridge or typed provider surface in this release.
Binance	Staking REST	Http	GET	/sapi/v1/onchain-yields/locked/history/rewardsRecord	getOnChainYieldsLockedRewardsHistory	documented_active	provider_typed	general_adapter_or_provider	not_applicable		not_connected		Unlinked	unreviewed		unreviewed		unreviewed		unreviewed		unreviewed		unreviewed				needs_evidence	continue_audit	Audited against the current repository; this active provider-typed operation has no connected Rust bridge or typed provider surface in this release.
Binance	Staking REST	Http	GET	/sapi/v1/onchain-yields/locked/history/subscriptionRecord	getOnChainYieldsLockedSubscriptionRecord	documented_active	provider_typed	general_adapter_or_provider	not_applicable		not_connected		Unlinked	unreviewed		unreviewed		unreviewed		unreviewed		unreviewed		unreviewed				needs_evidence	continue_audit	Audited against the current repository; this active provider-typed operation has no connected Rust bridge or typed provider surface in this release.
Binance	Staking REST	Http	GET	/sapi/v1/onchain-yields/locked/list	getOnChainYieldsLockedProductList	documented_active	provider_typed	general_adapter_or_provider	not_applicable		not_connected		Unlinked	unreviewed		unreviewed		unreviewed		unreviewed		unreviewed		unreviewed				needs_evidence	continue_audit	Audited against the current repository; this active provider-typed operation has no connected Rust bridge or typed provider surface in this release.
Binance	Staking REST	Http	GET	/sapi/v1/onchain-yields/locked/personalLeftQuota	getOnChainYieldsLockedPersonalLeftQuota	documented_active	provider_typed	general_adapter_or_provider	not_applicable		not_connected		Unlinked	unreviewed		unreviewed		unreviewed		unreviewed		unreviewed		unreviewed				needs_evidence	continue_audit	Audited against the current repository; this active provider-typed operation has no connected Rust bridge or typed provider surface in this release.
Binance	Staking REST	Http	GET	/sapi/v1/onchain-yields/locked/position	getOnChainYieldsLockedProductPosition	documented_active	provider_typed	general_adapter_or_provider	not_applicable		not_connected		Unlinked	unreviewed		unreviewed		unreviewed		unreviewed		unreviewed		unreviewed				needs_evidence	continue_audit	Audited against the current repository; this active provider-typed operation has no connected Rust bridge or typed provider surface in this release.
Binance	Staking REST	Http	GET	/sapi/v1/onchain-yields/locked/subscriptionPreview	getOnChainYieldsLockedSubscriptionPreview	documented_active	provider_typed	general_adapter_or_provider	not_applicable		not_connected		Unlinked	unreviewed		unreviewed		unreviewed		unreviewed		unreviewed		unreviewed				needs_evidence	continue_audit	Audited against the current repository; this active provider-typed operation has no connected Rust bridge or typed provider surface in this release.
Binance	Staking REST	Http	GET	/sapi/v1/soft-staking/history/rewardsRecord	getSoftStakingRewardsHistory	documented_active	provider_typed	general_adapter_or_provider	not_applicable		not_connected		Unlinked	unreviewed		unreviewed		unreviewed		unreviewed		unreviewed		unreviewed				needs_evidence	continue_audit	Audited against the current repository; this active provider-typed operation has no connected Rust bridge or typed provider surface in this release.
Binance	Staking REST	Http	GET	/sapi/v1/soft-staking/list	getSoftStakingProductList	documented_active	provider_typed	general_adapter_or_provider	not_applicable		not_connected		Unlinked	unreviewed		unreviewed		unreviewed		unreviewed		unreviewed		unreviewed				needs_evidence	continue_audit	Audited against the current repository; this active provider-typed operation has no connected Rust bridge or typed provider surface in this release.
Binance	Staking REST	Http	GET	/sapi/v1/soft-staking/set	setSoftStaking	documented_active	provider_typed	general_adapter_or_provider	not_applicable		not_connected		Unlinked	unreviewed		unreviewed		unreviewed		unreviewed		unreviewed		unreviewed				needs_evidence	continue_audit	Audited against the current repository; this active provider-typed operation has no connected Rust bridge or typed provider surface in this release.
Binance	Staking REST	Http	GET	/sapi/v1/sol-staking/account	solStakingAccount	documented_active	provider_typed	general_adapter_or_provider	not_applicable		not_connected		Unlinked	unreviewed		unreviewed		unreviewed		unreviewed		unreviewed		unreviewed				needs_evidence	continue_audit	Audited against the current repository; this active provider-typed operation has no connected Rust bridge or typed provider surface in this release.
Binance	Staking REST	Http	GET	/sapi/v1/sol-staking/sol/history/bnsolRewardsHistory	getBnsolRewardsHistory	documented_active	provider_typed	general_adapter_or_provider	not_applicable		not_connected		Unlinked	unreviewed		unreviewed		unreviewed		unreviewed		unreviewed		unreviewed				needs_evidence	continue_audit	Audited against the current repository; this active provider-typed operation has no connected Rust bridge or typed provider surface in this release.
Binance	Staking REST	Http	GET	/sapi/v1/sol-staking/sol/history/boostRewardsHistory	getBoostRewardsHistory	documented_active	provider_typed	general_adapter_or_provider	not_applicable		not_connected		Unlinked	unreviewed		unreviewed		unreviewed		unreviewed		unreviewed		unreviewed				needs_evidence	continue_audit	Audited against the current repository; this active provider-typed operation has no connected Rust bridge or typed provider surface in this release.
Binance	Staking REST	Http	GET	/sapi/v1/sol-staking/sol/history/rateHistory	getBnsolRateHistory	documented_active	provider_typed	general_adapter_or_provider	not_applicable		not_connected		Unlinked	unreviewed		unreviewed		unreviewed		unreviewed		unreviewed		unreviewed				needs_evidence	continue_audit	Audited against the current repository; this active provider-typed operation has no connected Rust bridge or typed provider surface in this release.
Binance	Staking REST	Http	GET	/sapi/v1/sol-staking/sol/history/redemptionHistory	getSolRedemptionHistory	documented_active	provider_typed	general_adapter_or_provider	not_applicable		not_connected		Unlinked	unreviewed		unreviewed		unreviewed		unreviewed		unreviewed		unreviewed				needs_evidence	continue_audit	Audited against the current repository; this active provider-typed operation has no connected Rust bridge or typed provider surface in this release.
Binance	Staking REST	Http	GET	/sapi/v1/sol-staking/sol/history/stakingHistory	getSolStakingHistory	documented_active	provider_typed	general_adapter_or_provider	not_applicable		not_connected		Unlinked	unreviewed		unreviewed		unreviewed		unreviewed		unreviewed		unreviewed				needs_evidence	continue_audit	Audited against the current repository; this active provider-typed operation has no connected Rust bridge or typed provider surface in this release.
Binance	Staking REST	Http	GET	/sapi/v1/sol-staking/sol/history/unclaimedRewards	getUnclaimedRewards	documented_active	provider_typed	general_adapter_or_provider	not_applicable		not_connected		Unlinked	unreviewed		unreviewed		unreviewed		unreviewed		unreviewed		unreviewed				needs_evidence	continue_audit	Audited against the current repository; this active provider-typed operation has no connected Rust bridge or typed provider surface in this release.
Binance	Staking REST	Http	GET	/sapi/v1/sol-staking/sol/quota	getSolStakingQuotaDetails	documented_active	provider_typed	general_adapter_or_provider	not_applicable		not_connected		Unlinked	unreviewed		unreviewed		unreviewed		unreviewed		unreviewed		unreviewed				needs_evidence	continue_audit	Audited against the current repository; this active provider-typed operation has no connected Rust bridge or typed provider surface in this release.
Binance	Staking REST	Http	GET	/sapi/v2/eth-staking/account	ethStakingAccount	documented_active	provider_typed	general_adapter_or_provider	not_applicable		not_connected		Unlinked	unreviewed		unreviewed		unreviewed		unreviewed		unreviewed		unreviewed				needs_evidence	continue_audit	Audited against the current repository; this active provider-typed operation has no connected Rust bridge or typed provider surface in this release.
Binance	Staking REST	Http	POST	/sapi/v1/eth-staking/eth/redeem	redeemEth	documented_active	provider_typed	general_adapter_or_provider	not_applicable		not_connected		Unlinked	unreviewed		unreviewed		unreviewed		unreviewed		unreviewed		unreviewed				needs_evidence	continue_audit	Audited against the current repository; this active provider-typed operation has no connected Rust bridge or typed provider surface in this release.
Binance	Staking REST	Http	POST	/sapi/v1/eth-staking/wbeth/wrap	wrapBeth	documented_active	provider_typed	general_adapter_or_provider	not_applicable		not_connected		Unlinked	unreviewed		unreviewed		unreviewed		unreviewed		unreviewed		unreviewed				needs_evidence	continue_audit	Audited against the current repository; this active provider-typed operation has no connected Rust bridge or typed provider surface in this release.
Binance	Staking REST	Http	POST	/sapi/v1/onchain-yields/locked/redeem	redeemOnChainYieldsLockedProduct	documented_active	provider_typed	general_adapter_or_provider	not_applicable		not_connected		Unlinked	unreviewed		unreviewed		unreviewed		unreviewed		unreviewed		unreviewed				needs_evidence	continue_audit	Audited against the current repository; this active provider-typed operation has no connected Rust bridge or typed provider surface in this release.
Binance	Staking REST	Http	POST	/sapi/v1/onchain-yields/locked/setAutoSubscribe	setOnChainYieldsLockedAutoSubscribe	documented_active	provider_typed	general_adapter_or_provider	not_applicable		not_connected		Unlinked	unreviewed		unreviewed		unreviewed		unreviewed		unreviewed		unreviewed				needs_evidence	continue_audit	Audited against the current repository; this active provider-typed operation has no connected Rust bridge or typed provider surface in this release.
Binance	Staking REST	Http	POST	/sapi/v1/onchain-yields/locked/setRedeemOption	setOnChainYieldsLockedProductRedeemOption	documented_active	provider_typed	general_adapter_or_provider	not_applicable		not_connected		Unlinked	unreviewed		unreviewed		unreviewed		unreviewed		unreviewed		unreviewed				needs_evidence	continue_audit	Audited against the current repository; this active provider-typed operation has no connected Rust bridge or typed provider surface in this release.
Binance	Staking REST	Http	POST	/sapi/v1/onchain-yields/locked/subscribe	subscribeOnChainYieldsLockedProduct	documented_active	provider_typed	general_adapter_or_provider	not_applicable		not_connected		Unlinked	unreviewed		unreviewed		unreviewed		unreviewed		unreviewed		unreviewed				needs_evidence	continue_audit	Audited against the current repository; this active provider-typed operation has no connected Rust bridge or typed provider surface in this release.
Binance	Staking REST	Http	POST	/sapi/v1/sol-staking/sol/claim	claimBoostRewards	documented_active	provider_typed	general_adapter_or_provider	not_applicable		not_connected		Unlinked	unreviewed		unreviewed		unreviewed		unreviewed		unreviewed		unreviewed				needs_evidence	continue_audit	Audited against the current repository; this active provider-typed operation has no connected Rust bridge or typed provider surface in this release.
Binance	Staking REST	Http	POST	/sapi/v1/sol-staking/sol/redeem	redeemSol	documented_active	provider_typed	general_adapter_or_provider	not_applicable		not_connected		Unlinked	unreviewed		unreviewed		unreviewed		unreviewed		unreviewed		unreviewed				needs_evidence	continue_audit	Audited against the current repository; this active provider-typed operation has no connected Rust bridge or typed provider surface in this release.
Binance	Staking REST	Http	POST	/sapi/v1/sol-staking/sol/stake	subscribeSolStaking	documented_active	provider_typed	general_adapter_or_provider	not_applicable		not_connected		Unlinked	unreviewed		unreviewed		unreviewed		unreviewed		unreviewed		unreviewed				needs_evidence	continue_audit	Audited against the current repository; this active provider-typed operation has no connected Rust bridge or typed provider surface in this release.
Binance	Staking REST	Http	POST	/sapi/v2/eth-staking/eth/stake	subscribeEthStaking	documented_active	provider_typed	general_adapter_or_provider	not_applicable		not_connected		Unlinked	unreviewed		unreviewed		unreviewed		unreviewed		unreviewed		unreviewed				needs_evidence	continue_audit	Audited against the current repository; this active provider-typed operation has no connected Rust bridge or typed provider surface in this release.
Binance	Wallet REST	Http	GET	/sapi/v1/account/apiRestrictions	getApiKeyPermission	documented_active	common_and_provider	general_adapter_or_provider	not_applicable	wallet.api_key_permissions	connected	bindings/common/src/coverage.rs::OPERATIONS	Implemented	present	src/adapter.rs:157;src/adapters/binance/mod.rs:849	present	bindings/common/src/schema.rs::binding_schema	present	bindings/python/python/maxt/_generated_contract.py;bindings/dart/lib/src/generated_contract.dart;bindings/typescript/src/generated/contract.ts	present	bindings/python/python/maxt/adapters.py	present	bindings/dart/lib/src/generated_provider_methods.dart	present	bindings/typescript/src/generated/api.ts	Fixture	api_key_permissions;prepare_withdrawal	verified	none	Audited provider permission flags and raw provider fields are exposed.
Binance	Wallet REST	Http	GET	/sapi/v1/account/apiTradingStatus	accountApiTradingStatus	documented_active	provider_typed	general_adapter_or_provider	not_applicable		not_connected		Unlinked	unreviewed		unreviewed		unreviewed		unreviewed		unreviewed		unreviewed				needs_evidence	continue_audit	Audited against the current repository; this active provider-typed operation has no connected Rust bridge or typed provider surface in this release.
Binance	Wallet REST	Http	GET	/sapi/v1/account/info	accountInfo	documented_active	provider_typed	general_adapter_or_provider	not_applicable		not_connected		Unlinked	unreviewed		unreviewed		unreviewed		unreviewed		unreviewed		unreviewed				needs_evidence	continue_audit	Audited against the current repository; this active provider-typed operation has no connected Rust bridge or typed provider surface in this release.
Binance	Wallet REST	Http	GET	/sapi/v1/account/status	accountStatus	documented_active	provider_typed	general_adapter_or_provider	not_applicable		not_connected		Unlinked	unreviewed		unreviewed		unreviewed		unreviewed		unreviewed		unreviewed				needs_evidence	continue_audit	Audited against the current repository; this active provider-typed operation has no connected Rust bridge or typed provider surface in this release.
Binance	Wallet REST	Http	GET	/sapi/v1/accountSnapshot	dailyAccountSnapshot	documented_active	provider_typed	general_adapter_or_provider	not_applicable		not_connected		Unlinked	unreviewed		unreviewed		unreviewed		unreviewed		unreviewed		unreviewed				needs_evidence	continue_audit	Audited against the current repository; this active provider-typed operation has no connected Rust bridge or typed provider surface in this release.
Binance	Wallet REST	Http	GET	/sapi/v1/addressVerify/list	fetchAddressVerificationList	documented_active	provider_typed	general_adapter_or_provider	not_applicable		not_connected		Unlinked	unreviewed		unreviewed		unreviewed		unreviewed		unreviewed		unreviewed				needs_evidence	continue_audit	Audited against the current repository; this active provider-typed operation has no connected Rust bridge or typed provider surface in this release.
Binance	Wallet REST	Http	GET	/sapi/v1/asset/assetDetail	assetDetail	documented_active	provider_typed	general_adapter_or_provider	not_applicable		not_connected		Unlinked	unreviewed		unreviewed		unreviewed		unreviewed		unreviewed		unreviewed				needs_evidence	continue_audit	Audited against the current repository; this active provider-typed operation has no connected Rust bridge or typed provider surface in this release.
Binance	Wallet REST	Http	GET	/sapi/v1/asset/assetDividend	assetDividendRecord	documented_active	provider_typed	general_adapter_or_provider	not_applicable		not_connected		Unlinked	unreviewed		unreviewed		unreviewed		unreviewed		unreviewed		unreviewed				needs_evidence	continue_audit	Audited against the current repository; this active provider-typed operation has no connected Rust bridge or typed provider surface in this release.
Binance	Wallet REST	Http	GET	/sapi/v1/asset/custody/transfer-history	queryUserDelegationHistory	documented_active	provider_typed	general_adapter_or_provider	not_applicable		not_connected		Unlinked	unreviewed		unreviewed		unreviewed		unreviewed		unreviewed		unreviewed				needs_evidence	continue_audit	Audited against the current repository; this active provider-typed operation has no connected Rust bridge or typed provider surface in this release.
Binance	Wallet REST	Http	GET	/sapi/v1/asset/dribblet	dustlog	documented_active	provider_typed	general_adapter_or_provider	not_applicable		not_connected		Unlinked	unreviewed		unreviewed		unreviewed		unreviewed		unreviewed		unreviewed				needs_evidence	continue_audit	Audited against the current repository; this active provider-typed operation has no connected Rust bridge or typed provider surface in this release.
Binance	Wallet REST	Http	GET	/sapi/v1/asset/ledger-transfer/cloud-mining/queryByPage	getCloudMiningPaymentAndRefundHistory	documented_active	provider_typed	general_adapter_or_provider	not_applicable		not_connected		Unlinked	unreviewed		unreviewed		unreviewed		unreviewed		unreviewed		unreviewed				needs_evidence	continue_audit	Audited against the current repository; this active provider-typed operation has no connected Rust bridge or typed provider surface in this release.
Binance	Wallet REST	Http	GET	/sapi/v1/asset/tradeFee	tradeFee	documented_active	provider_typed	general_adapter_or_provider	not_applicable		not_connected		Unlinked	unreviewed		unreviewed		unreviewed		unreviewed		unreviewed		unreviewed				needs_evidence	continue_audit	Audited against the current repository; this active provider-typed operation has no connected Rust bridge or typed provider surface in this release.
Binance	Wallet REST	Http	GET	/sapi/v1/asset/transfer	queryUserUniversalTransferHistory	documented_active	provider_typed	general_adapter_or_provider	not_applicable		not_connected		Unlinked	unreviewed		unreviewed		unreviewed		unreviewed		unreviewed		unreviewed				needs_evidence	continue_audit	Audited against the current repository; this active provider-typed operation has no connected Rust bridge or typed provider surface in this release.
Binance	Wallet REST	Http	GET	/sapi/v1/asset/wallet/balance	queryUserWalletBalance	documented_active	provider_typed	general_adapter_or_provider	not_applicable		not_connected		Unlinked	unreviewed		unreviewed		unreviewed		unreviewed		unreviewed		unreviewed				needs_evidence	continue_audit	Audited against the current repository; this active provider-typed operation has no connected Rust bridge or typed provider surface in this release.
Binance	Wallet REST	Http	GET	/sapi/v1/capital/config/getall	allCoinsInformation	documented_active	common_and_provider	general_adapter_or_provider	not_applicable	wallet.all_coins_information	connected	bindings/common/src/coverage.rs::OPERATIONS	Implemented	present	src/adapter.rs:121;src/adapters/binance/mod.rs:844	present	bindings/common/src/schema.rs::binding_schema	present	bindings/python/python/maxt/_generated_contract.py;bindings/dart/lib/src/generated_contract.dart;bindings/typescript/src/generated/contract.ts	present	bindings/python/python/maxt/adapters.py	present	bindings/dart/lib/src/generated_provider_methods.dart	present	bindings/typescript/src/generated/api.ts	Fixture	all_coins_information;asset_networks	verified	none	Audited provider coin and network configuration fields are exposed.
Binance	Wallet REST	Http	GET	/sapi/v1/capital/deposit/address	depositAddress	documented_active	common_existing	general_adapter_or_provider	not_applicable	wallet.deposit_address	connected	bindings/common/src/coverage.rs::OPERATIONS	Implemented	present	src/adapter.rs:135	present	bindings/common/src/schema.rs::binding_schema	present	bindings/python/python/maxt/_generated_contract.py;bindings/dart/lib/src/generated_contract.dart;bindings/typescript/src/generated/contract.ts	present	bindings/python/python/maxt/adapters.py	present	bindings/dart/lib/src/generated_provider_methods.dart	present	bindings/typescript/src/generated/api.ts	Fixture	deposit_address	verified	none	Audited Rust contract, public bindings, and verification evidence are present.
Binance	Wallet REST	Http	GET	/sapi/v1/capital/deposit/address/list	fetchDepositAddressListWithNetwork	documented_active	provider_typed	general_adapter_or_provider	not_applicable		not_connected		Unlinked	unreviewed		unreviewed		unreviewed		unreviewed		unreviewed		unreviewed				needs_evidence	continue_audit	Audited against the current repository; this active provider-typed operation has no connected Rust bridge or typed provider surface in this release.
Binance	Wallet REST	Http	GET	/sapi/v1/capital/deposit/hisrec	depositHistory	documented_active	common_and_provider	general_adapter_or_provider	not_applicable	wallet.deposit_history	connected	bindings/common/src/coverage.rs::OPERATIONS	Implemented	present	src/adapter.rs:190;src/adapters/binance/mod.rs:855	present	bindings/common/src/schema.rs::binding_schema	present	bindings/python/python/maxt/_generated_contract.py;bindings/dart/lib/src/generated_contract.dart;bindings/typescript/src/generated/contract.ts	present	bindings/python/python/maxt/adapters.py	present	bindings/dart/lib/src/generated_provider_methods.dart	present	bindings/typescript/src/generated/api.ts	Fixture	deposit_history;deposits	verified	none	Audited provider deposit history preserves status, time, and raw provider fields.
Binance	Wallet REST	Http	GET	/sapi/v1/capital/withdraw/address/list	fetchWithdrawAddressList	documented_active	common_and_provider	general_adapter_or_provider	not_applicable	wallet.withdraw_address_list	connected	bindings/common/src/coverage.rs::OPERATIONS	Implemented	present	src/adapter.rs:157;src/adapters/binance/mod.rs:868	present	bindings/common/src/schema.rs::binding_schema	present	bindings/python/python/maxt/_generated_contract.py;bindings/dart/lib/src/generated_contract.dart;bindings/typescript/src/generated/contract.ts	present	bindings/python/python/maxt/adapters.py	present	bindings/dart/lib/src/generated_provider_methods.dart	present	bindings/typescript/src/generated/api.ts	Fixture	prepare_withdrawal;withdraw_address_list	verified	none	Audited provider withdrawal addresses and whitelist metadata are exposed.
Binance	Wallet REST	Http	GET	/sapi/v1/capital/withdraw/history	withdrawHistory	documented_active	common_and_provider	general_adapter_or_provider	not_applicable	wallet.withdraw_history	connected	bindings/common/src/coverage.rs::OPERATIONS	Implemented	present	src/adapter.rs:196;src/adapters/binance/mod.rs:874	present	bindings/common/src/schema.rs::binding_schema	present	bindings/python/python/maxt/_generated_contract.py;bindings/dart/lib/src/generated_contract.dart;bindings/typescript/src/generated/contract.ts	present	bindings/python/python/maxt/adapters.py	present	bindings/dart/lib/src/generated_provider_methods.dart	present	bindings/typescript/src/generated/api.ts	Fixture	withdraw_history;withdrawals	verified	none	Audited provider withdrawal history preserves status, time, and raw provider fields.
Binance	Wallet REST	Http	GET	/sapi/v1/capital/withdraw/quota	fetchWithdrawQuota	documented_active	provider_typed	general_adapter_or_provider	not_applicable		not_connected		Unlinked	unreviewed		unreviewed		unreviewed		unreviewed		unreviewed		unreviewed				needs_evidence	continue_audit	Audited against the current repository; this active provider-typed operation has no connected Rust bridge or typed provider surface in this release.
Binance	Wallet REST	Http	GET	/sapi/v1/localentity/country/list	getCountryList	documented_active	provider_typed	general_adapter_or_provider	not_applicable		not_connected		Unlinked	unreviewed		unreviewed		unreviewed		unreviewed		unreviewed		unreviewed				needs_evidence	continue_audit	Audited against the current repository; this active provider-typed operation has no connected Rust bridge or typed provider surface in this release.
Binance	Wallet REST	Http	GET	/sapi/v1/localentity/deposit/history	depositHistoryTravelRule	documented_active	provider_typed	general_adapter_or_provider	not_applicable		not_connected		Unlinked	unreviewed		unreviewed		unreviewed		unreviewed		unreviewed		unreviewed				needs_evidence	continue_audit	Audited against the current repository; this active provider-typed operation has no connected Rust bridge or typed provider surface in this release.
Binance	Wallet REST	Http	GET	/sapi/v1/localentity/questionnaire-requirements	checkQuestionnaireRequirements	documented_active	common_and_provider	general_adapter_or_provider	not_applicable	wallet.questionnaire_requirements	connected	bindings/common/src/coverage.rs::OPERATIONS	Implemented	present	src/adapter.rs:157;src/adapters/binance/mod.rs:863	present	bindings/common/src/schema.rs::binding_schema	present	bindings/python/python/maxt/_generated_contract.py;bindings/dart/lib/src/generated_contract.dart;bindings/typescript/src/generated/contract.ts	present	bindings/python/python/maxt/adapters.py	present	bindings/dart/lib/src/generated_provider_methods.dart	present	bindings/typescript/src/generated/api.ts	Fixture	prepare_withdrawal;questionnaire_requirements	verified	none	Audited provider questionnaire requirement fields are exposed.
Binance	Wallet REST	Http	GET	/sapi/v1/localentity/region/list	getRegionList	documented_active	provider_typed	general_adapter_or_provider	not_applicable		not_connected		Unlinked	unreviewed		unreviewed		unreviewed		unreviewed		unreviewed		unreviewed				needs_evidence	continue_audit	Audited against the current repository; this active provider-typed operation has no connected Rust bridge or typed provider surface in this release.
Binance	Wallet REST	Http	GET	/sapi/v1/localentity/vasp	vaspList	documented_active	provider_typed	general_adapter_or_provider	not_applicable		not_connected		Unlinked	unreviewed		unreviewed		unreviewed		unreviewed		unreviewed		unreviewed				needs_evidence	continue_audit	Audited against the current repository; this active provider-typed operation has no connected Rust bridge or typed provider surface in this release.
Binance	Wallet REST	Http	GET	/sapi/v1/localentity/withdraw/history	withdrawHistoryV1	documented_active	provider_typed	general_adapter_or_provider	not_applicable		not_connected		Unlinked	unreviewed		unreviewed		unreviewed		unreviewed		unreviewed		unreviewed				needs_evidence	continue_audit	Audited against the current repository; this active provider-typed operation has no connected Rust bridge or typed provider surface in this release.
Binance	Wallet REST	Http	GET	/sapi/v1/spot/asset/tags	getSpotAssetTags	documented_active	provider_typed	general_adapter_or_provider	not_applicable		not_connected		Unlinked	unreviewed		unreviewed		unreviewed		unreviewed		unreviewed		unreviewed				needs_evidence	continue_audit	Audited against the current repository; this active provider-typed operation has no connected Rust bridge or typed provider surface in this release.
Binance	Wallet REST	Http	GET	/sapi/v1/spot/delist-schedule	getSymbolsDelistScheduleForSpot	documented_active	provider_typed	general_adapter_or_provider	not_applicable		not_connected		Unlinked	unreviewed		unreviewed		unreviewed		unreviewed		unreviewed		unreviewed				needs_evidence	continue_audit	Audited against the current repository; this active provider-typed operation has no connected Rust bridge or typed provider surface in this release.
Binance	Wallet REST	Http	GET	/sapi/v1/spot/open-symbol-list	getOpenSymbolList	documented_active	provider_typed	general_adapter_or_provider	not_applicable		not_connected		Unlinked	unreviewed		unreviewed		unreviewed		unreviewed		unreviewed		unreviewed				needs_evidence	continue_audit	Audited against the current repository; this active provider-typed operation has no connected Rust bridge or typed provider surface in this release.
Binance	Wallet REST	Http	GET	/sapi/v1/system/status	systemStatus	documented_active	provider_typed	general_adapter_or_provider	not_applicable		not_connected		Unlinked	unreviewed		unreviewed		unreviewed		unreviewed		unreviewed		unreviewed				needs_evidence	continue_audit	Audited against the current repository; this active provider-typed operation has no connected Rust bridge or typed provider surface in this release.
Binance	Wallet REST	Http	GET	/sapi/v2/localentity/deposit/history	depositHistoryV2	documented_active	provider_typed	general_adapter_or_provider	not_applicable		not_connected		Unlinked	unreviewed		unreviewed		unreviewed		unreviewed		unreviewed		unreviewed				needs_evidence	continue_audit	Audited against the current repository; this active provider-typed operation has no connected Rust bridge or typed provider surface in this release.
Binance	Wallet REST	Http	GET	/sapi/v2/localentity/withdraw/history	withdrawHistoryV2	documented_active	provider_typed	general_adapter_or_provider	not_applicable		not_connected		Unlinked	unreviewed		unreviewed		unreviewed		unreviewed		unreviewed		unreviewed				needs_evidence	continue_audit	Audited against the current repository; this active provider-typed operation has no connected Rust bridge or typed provider surface in this release.
Binance	Wallet REST	Http	POST	/sapi/v1/account/disableFastWithdrawSwitch	disableFastWithdrawSwitch	documented_active	provider_typed	general_adapter_or_provider	not_applicable		not_connected		Unlinked	unreviewed		unreviewed		unreviewed		unreviewed		unreviewed		unreviewed				needs_evidence	continue_audit	Audited against the current repository; this active provider-typed operation has no connected Rust bridge or typed provider surface in this release.
Binance	Wallet REST	Http	POST	/sapi/v1/account/enableFastWithdrawSwitch	enableFastWithdrawSwitch	documented_active	provider_typed	general_adapter_or_provider	not_applicable		not_connected		Unlinked	unreviewed		unreviewed		unreviewed		unreviewed		unreviewed		unreviewed				needs_evidence	continue_audit	Audited against the current repository; this active provider-typed operation has no connected Rust bridge or typed provider surface in this release.
Binance	Wallet REST	Http	POST	/sapi/v1/asset/dust	dustTransfer	documented_active	provider_typed	general_adapter_or_provider	not_applicable		not_connected		Unlinked	unreviewed		unreviewed		unreviewed		unreviewed		unreviewed		unreviewed				needs_evidence	continue_audit	Audited against the current repository; this active provider-typed operation has no connected Rust bridge or typed provider surface in this release.
Binance	Wallet REST	Http	POST	/sapi/v1/asset/dust-btc	getAssetsThatCanBeConvertedIntoBnb	documented_active	provider_typed	general_adapter_or_provider	not_applicable		not_connected		Unlinked	unreviewed		unreviewed		unreviewed		unreviewed		unreviewed		unreviewed				needs_evidence	continue_audit	Audited against the current repository; this active provider-typed operation has no connected Rust bridge or typed provider surface in this release.
Binance	Wallet REST	Http	POST	/sapi/v1/asset/dust-convert/convert	dustConvert	documented_active	provider_typed	general_adapter_or_provider	not_applicable		not_connected		Unlinked	unreviewed		unreviewed		unreviewed		unreviewed		unreviewed		unreviewed				needs_evidence	continue_audit	Audited against the current repository; this active provider-typed operation has no connected Rust bridge or typed provider surface in this release.
Binance	Wallet REST	Http	POST	/sapi/v1/asset/dust-convert/query-convertible-assets	dustConvertibleAssets	documented_active	provider_typed	general_adapter_or_provider	not_applicable		not_connected		Unlinked	unreviewed		unreviewed		unreviewed		unreviewed		unreviewed		unreviewed				needs_evidence	continue_audit	Audited against the current repository; this active provider-typed operation has no connected Rust bridge or typed provider surface in this release.
Binance	Wallet REST	Http	POST	/sapi/v1/asset/get-funding-asset	fundingWallet	documented_active	provider_typed	general_adapter_or_provider	not_applicable		not_connected		Unlinked	unreviewed		unreviewed		unreviewed		unreviewed		unreviewed		unreviewed				needs_evidence	continue_audit	Audited against the current repository; this active provider-typed operation has no connected Rust bridge or typed provider surface in this release.
Binance	Wallet REST	Http	POST	/sapi/v1/asset/transfer	userUniversalTransfer	documented_active	provider_typed	general_adapter_or_provider	not_applicable		not_connected		Unlinked	unreviewed		unreviewed		unreviewed		unreviewed		unreviewed		unreviewed				needs_evidence	continue_audit	Audited against the current repository; this active provider-typed operation has no connected Rust bridge or typed provider surface in this release.
Binance	Wallet REST	Http	POST	/sapi/v1/bnbBurn	toggleBnbBurnOnSpotTradeAndMarginInterest	documented_active	provider_typed	general_adapter_or_provider	not_applicable		not_connected		Unlinked	unreviewed		unreviewed		unreviewed		unreviewed		unreviewed		unreviewed				needs_evidence	continue_audit	Audited against the current repository; this active provider-typed operation has no connected Rust bridge or typed provider surface in this release.
Binance	Wallet REST	Http	POST	/sapi/v1/capital/deposit/credit-apply	oneClickArrivalDepositApply	documented_active	provider_typed	general_adapter_or_provider	not_applicable		not_connected		Unlinked	unreviewed		unreviewed		unreviewed		unreviewed		unreviewed		unreviewed				needs_evidence	continue_audit	Audited against the current repository; this active provider-typed operation has no connected Rust bridge or typed provider surface in this release.
Binance	Wallet REST	Http	POST	/sapi/v1/capital/withdraw/apply	withdraw	documented_active	common_existing	general_adapter_or_provider	not_applicable	wallet.withdraw	connected	bindings/common/src/coverage.rs::OPERATIONS	Implemented	present	src/adapter.rs:166	present	bindings/common/src/schema.rs::binding_schema	present	bindings/python/python/maxt/_generated_contract.py;bindings/dart/lib/src/generated_contract.dart;bindings/typescript/src/generated/contract.ts	present	bindings/python/python/maxt/adapters.py	present	bindings/dart/lib/src/generated_provider_methods.dart	present	bindings/typescript/src/generated/api.ts	Fixture	withdraw	verified	none	Audited Rust contract, public bindings, and verification evidence are present.
Binance	Wallet REST	Http	POST	/sapi/v1/localentity/broker/withdraw/apply	brokerWithdraw	documented_active	provider_typed	general_adapter_or_provider	not_applicable		not_connected		Unlinked	unreviewed		unreviewed		unreviewed		unreviewed		unreviewed		unreviewed				needs_evidence	continue_audit	Audited against the current repository; this active provider-typed operation has no connected Rust bridge or typed provider surface in this release.
Binance	Wallet REST	Http	POST	/sapi/v1/localentity/withdraw/apply	withdrawTravelRule	documented_active	provider_typed	general_adapter_or_provider	not_applicable		not_connected		Unlinked	unreviewed		unreviewed		unreviewed		unreviewed		unreviewed		unreviewed				needs_evidence	continue_audit	Audited against the current repository; this active provider-typed operation has no connected Rust bridge or typed provider surface in this release.
Binance	Wallet REST	Http	POST	/sapi/v3/asset/getUserAsset	userAsset	documented_active	provider_typed	general_adapter_or_provider	not_applicable		not_connected		Unlinked	unreviewed		unreviewed		unreviewed		unreviewed		unreviewed		unreviewed				needs_evidence	continue_audit	Audited against the current repository; this active provider-typed operation has no connected Rust bridge or typed provider surface in this release.
Binance	Wallet REST	Http	PUT	/sapi/v1/localentity/broker/deposit/provide-info	submitDepositQuestionnaire	documented_active	provider_typed	general_adapter_or_provider	not_applicable		not_connected		Unlinked	unreviewed		unreviewed		unreviewed		unreviewed		unreviewed		unreviewed				needs_evidence	continue_audit	Audited against the current repository; this active provider-typed operation has no connected Rust bridge or typed provider surface in this release.
Binance	Wallet REST	Http	PUT	/sapi/v1/localentity/deposit/provide-info	submitDepositQuestionnaireTravelRule	documented_active	provider_typed	general_adapter_or_provider	not_applicable		not_connected		Unlinked	unreviewed		unreviewed		unreviewed		unreviewed		unreviewed		unreviewed				needs_evidence	continue_audit	Audited against the current repository; this active provider-typed operation has no connected Rust bridge or typed provider surface in this release.
Binance	Wallet REST	Http	PUT	/sapi/v2/localentity/deposit/provide-info	submitDepositQuestionnaireV2	documented_active	provider_typed	general_adapter_or_provider	not_applicable		not_connected		Unlinked	unreviewed		unreviewed		unreviewed		unreviewed		unreviewed		unreviewed				needs_evidence	continue_audit	Audited against the current repository; this active provider-typed operation has no connected Rust bridge or typed provider surface in this release.
Bithumb	Deposits and withdrawals	Http	DELETE	/v1/withdraws/coin	cancelCoinWithdrawal	documented_active	common_existing	general_adapter_or_provider	not_applicable	wallet.cancel_withdrawal	connected	bindings/common/src/coverage.rs::OPERATIONS	Partial	present	src/adapter.rs:184	present	bindings/common/src/schema.rs::binding_schema	present	bindings/python/python/maxt/_generated_contract.py;bindings/dart/lib/src/generated_contract.dart;bindings/typescript/src/generated/contract.ts	present	bindings/python/python/maxt/adapters.py	present	bindings/dart/lib/src/generated_provider_methods.dart	present	bindings/typescript/src/generated/api.ts	Fixture	cancel_withdrawal	needs_evidence	continue_audit	The existing implementation scope is retained, but operation-level semantic audit evidence is incomplete.
Bithumb	Deposits and withdrawals	Http	GET	/v1/api_keys	listApiKeys	documented_active	provider_typed	general_adapter_or_provider	not_applicable	wallet.api_keys	connected	bindings/common/src/coverage.rs::OPERATIONS	Implemented	present	src/adapters/bithumb/mod.rs:1208	present	bindings/common/src/schema.rs::binding_schema	present	bindings/python/python/maxt/_generated_contract.py;bindings/dart/lib/src/generated_contract.dart;bindings/typescript/src/generated/contract.ts	present	bindings/python/python/maxt/adapters.py	present	bindings/dart/lib/src/generated_provider_methods.dart	present	bindings/typescript/src/generated/api.ts	Fixture	api_keys	verified	none	Audited Rust contract, public bindings, and verification evidence are present.
Bithumb	Deposits and withdrawals	Http	GET	/v1/deposit	getDeposit	documented_active	common_existing	general_adapter_or_provider	not_applicable	wallet.deposit	connected	bindings/common/src/coverage.rs::OPERATIONS	Partial	present	src/adapter.rs:172	present	bindings/common/src/schema.rs::binding_schema	present	bindings/python/python/maxt/_generated_contract.py;bindings/dart/lib/src/generated_contract.dart;bindings/typescript/src/generated/contract.ts	present	bindings/python/python/maxt/adapters.py	present	bindings/dart/lib/src/generated_provider_methods.dart	present	bindings/typescript/src/generated/api.ts	Fixture	deposit	needs_evidence	continue_audit	The existing implementation scope is retained, but operation-level semantic audit evidence is incomplete.
Bithumb	Deposits and withdrawals	Http	GET	/v1/deposits	listDeposits	documented_active	common_existing	general_adapter_or_provider	not_applicable	wallet.deposits	connected	bindings/common/src/coverage.rs::OPERATIONS	Implemented	present	src/adapter.rs:190	present	bindings/common/src/schema.rs::binding_schema	present	bindings/python/python/maxt/_generated_contract.py;bindings/dart/lib/src/generated_contract.dart;bindings/typescript/src/generated/contract.ts	present	bindings/python/python/maxt/adapters.py	present	bindings/dart/lib/src/generated_provider_methods.dart	present	bindings/typescript/src/generated/api.ts	Fixture	deposits	verified	none	Audited Rust contract, public bindings, and verification evidence are present.
Bithumb	Deposits and withdrawals	Http	GET	/v1/deposits/coin_address	getDepositAddress	documented_active	common_existing	general_adapter_or_provider	not_applicable	wallet.deposit_address	connected	bindings/common/src/coverage.rs::OPERATIONS	Implemented	present	src/adapter.rs:135	present	bindings/common/src/schema.rs::binding_schema	present	bindings/python/python/maxt/_generated_contract.py;bindings/dart/lib/src/generated_contract.dart;bindings/typescript/src/generated/contract.ts	present	bindings/python/python/maxt/adapters.py	present	bindings/dart/lib/src/generated_provider_methods.dart	present	bindings/typescript/src/generated/api.ts	Fixture	deposit_address	verified	none	Audited Rust contract, public bindings, and verification evidence are present.
Bithumb	Deposits and withdrawals	Http	GET	/v1/deposits/coin_addresses	listDepositAddresses	documented_active	common_existing	general_adapter_or_provider	not_applicable	wallet.deposit_addresses	connected	bindings/common/src/coverage.rs::OPERATIONS	Implemented	present	src/adapter.rs:130	present	bindings/common/src/schema.rs::binding_schema	present	bindings/python/python/maxt/_generated_contract.py;bindings/dart/lib/src/generated_contract.dart;bindings/typescript/src/generated/contract.ts	present	bindings/python/python/maxt/adapters.py	present	bindings/dart/lib/src/generated_provider_methods.dart	present	bindings/typescript/src/generated/api.ts	Fixture	deposit_addresses	verified	none	Audited Rust contract, public bindings, and verification evidence are present.
Bithumb	Deposits and withdrawals	Http	GET	/v1/status/wallet	getWalletStatus	documented_active	common_existing	general_adapter_or_provider	not_applicable	wallet.wallet_status	connected	bindings/common/src/coverage.rs::OPERATIONS	Implemented	present	src/adapter.rs:121	present	bindings/common/src/schema.rs::binding_schema	present	bindings/python/python/maxt/_generated_contract.py;bindings/dart/lib/src/generated_contract.dart;bindings/typescript/src/generated/contract.ts	present	bindings/python/python/maxt/adapters.py	present	bindings/dart/lib/src/generated_provider_methods.dart	present	bindings/typescript/src/generated/api.ts	Fixture	asset_networks	verified	none	Audited Rust contract, public bindings, and verification evidence are present.
Bithumb	Deposits and withdrawals	Http	GET	/v1/withdraw	getWithdrawal	documented_active	common_existing	general_adapter_or_provider	not_applicable	wallet.withdrawal	connected	bindings/common/src/coverage.rs::OPERATIONS	Partial	present	src/adapter.rs:178	present	bindings/common/src/schema.rs::binding_schema	present	bindings/python/python/maxt/_generated_contract.py;bindings/dart/lib/src/generated_contract.dart;bindings/typescript/src/generated/contract.ts	present	bindings/python/python/maxt/adapters.py	present	bindings/dart/lib/src/generated_provider_methods.dart	present	bindings/typescript/src/generated/api.ts	Fixture	withdrawal	needs_evidence	continue_audit	The existing implementation scope is retained, but operation-level semantic audit evidence is incomplete.
Bithumb	Deposits and withdrawals	Http	GET	/v1/withdraws	listWithdrawals	documented_active	common_existing	general_adapter_or_provider	not_applicable	wallet.withdrawals	connected	bindings/common/src/coverage.rs::OPERATIONS	Implemented	present	src/adapter.rs:196	present	bindings/common/src/schema.rs::binding_schema	present	bindings/python/python/maxt/_generated_contract.py;bindings/dart/lib/src/generated_contract.dart;bindings/typescript/src/generated/contract.ts	present	bindings/python/python/maxt/adapters.py	present	bindings/dart/lib/src/generated_provider_methods.dart	present	bindings/typescript/src/generated/api.ts	Fixture	withdrawals	verified	none	Audited Rust contract, public bindings, and verification evidence are present.
Bithumb	Deposits and withdrawals	Http	GET	/v1/withdraws/chance	getWithdrawalChance	documented_active	common_existing	general_adapter_or_provider	not_applicable	wallet.withdraw_chance	connected	bindings/common/src/coverage.rs::OPERATIONS	Implemented	present	src/adapter.rs:157	present	bindings/common/src/schema.rs::binding_schema	present	bindings/python/python/maxt/_generated_contract.py;bindings/dart/lib/src/generated_contract.dart;bindings/typescript/src/generated/contract.ts	present	bindings/python/python/maxt/adapters.py	present	bindings/dart/lib/src/generated_provider_methods.dart	present	bindings/typescript/src/generated/api.ts	Fixture	prepare_withdrawal	verified	none	Audited Rust contract, public bindings, and verification evidence are present.
Bithumb	Deposits and withdrawals	Http	GET	/v1/withdraws/coin_addresses	listWithdrawalAddresses	documented_active	provider_typed	general_adapter_or_provider	not_applicable	wallet.withdraw_addresses	connected	bindings/common/src/coverage.rs::OPERATIONS	Implemented	present	src/adapters/bithumb/mod.rs:1217	present	bindings/common/src/schema.rs::binding_schema	present	bindings/python/python/maxt/_generated_contract.py;bindings/dart/lib/src/generated_contract.dart;bindings/typescript/src/generated/contract.ts	present	bindings/python/python/maxt/adapters.py	present	bindings/dart/lib/src/generated_provider_methods.dart	present	bindings/typescript/src/generated/api.ts	Fixture	withdrawal_addresses	verified	none	Audited Rust contract, public bindings, and verification evidence are present.
Bithumb	Deposits and withdrawals	Http	POST	/v1/deposits/generate_coin_address	createDepositAddress	documented_active	common_existing	general_adapter_or_provider	not_applicable	wallet.create_deposit_address	connected	bindings/common/src/coverage.rs::OPERATIONS	Implemented	present	src/adapter.rs:148	present	bindings/common/src/schema.rs::binding_schema	present	bindings/python/python/maxt/_generated_contract.py;bindings/dart/lib/src/generated_contract.dart;bindings/typescript/src/generated/contract.ts	present	bindings/python/python/maxt/adapters.py	present	bindings/dart/lib/src/generated_provider_methods.dart	present	bindings/typescript/src/generated/api.ts	Fixture	create_deposit_address	verified	none	Audited Rust contract, public bindings, and verification evidence are present.
Bithumb	Deposits and withdrawals	Http	POST	/v1/withdraws/coin	createCoinWithdrawal	documented_active	common_existing	general_adapter_or_provider	not_applicable	wallet.withdraw_coin	connected	bindings/common/src/coverage.rs::OPERATIONS	Implemented	present	src/adapter.rs:166	present	bindings/common/src/schema.rs::binding_schema	present	bindings/python/python/maxt/_generated_contract.py;bindings/dart/lib/src/generated_contract.dart;bindings/typescript/src/generated/contract.ts	present	bindings/python/python/maxt/adapters.py	present	bindings/dart/lib/src/generated_provider_methods.dart	present	bindings/typescript/src/generated/api.ts	Fixture	withdraw	verified	none	Audited Rust contract, public bindings, and verification evidence are present.
Bithumb	Exchange	Http	DELETE	/v2/order	cancelOrder	documented_active	common_existing	general_adapter_or_provider	not_applicable	exchange.cancel_order	connected	bindings/common/src/coverage.rs::OPERATIONS	Partial	present	src/adapter.rs:250;src/adapter.rs:256	present	bindings/common/src/schema.rs::binding_schema	present	bindings/python/python/maxt/_generated_contract.py;bindings/dart/lib/src/generated_contract.dart;bindings/typescript/src/generated/contract.ts	present	bindings/python/python/maxt/adapters.py	present	bindings/dart/lib/src/generated_provider_methods.dart	present	bindings/typescript/src/generated/api.ts	Fixture	cancel_order;cancel_order_by_client_id	needs_evidence	continue_audit	The existing implementation scope is retained, but operation-level semantic audit evidence is incomplete.
Bithumb	Exchange	Http	GET	/v1/accounts	getAccounts	documented_active	common_existing	general_adapter_or_provider	not_applicable	exchange.balances	connected	bindings/common/src/coverage.rs::OPERATIONS	Implemented	present	src/adapter.rs:110	present	bindings/common/src/schema.rs::binding_schema	present	bindings/python/python/maxt/_generated_contract.py;bindings/dart/lib/src/generated_contract.dart;bindings/typescript/src/generated/contract.ts	present	bindings/python/python/maxt/adapters.py	present	bindings/dart/lib/src/generated_provider_methods.dart	present	bindings/typescript/src/generated/api.ts	Fixture	balances	verified	none	Audited Rust contract, public bindings, and verification evidence are present.
Bithumb	Exchange	Http	GET	/v1/order	getOrder	documented_active	common_and_provider	general_adapter_or_provider	not_applicable	exchange.get_order	connected	bindings/common/src/coverage.rs::OPERATIONS	Implemented	present	src/adapter.rs:211;src/adapter.rs:217;src/adapters/bithumb/mod.rs:1227	present	bindings/common/src/schema.rs::binding_schema	present	bindings/python/python/maxt/_generated_contract.py;bindings/dart/lib/src/generated_contract.dart;bindings/typescript/src/generated/contract.ts	present	bindings/python/python/maxt/adapters.py	present	bindings/dart/lib/src/generated_provider_methods.dart	present	bindings/typescript/src/generated/api.ts	Fixture	order;order_by_client_id;order_detail	verified	none	Audited Rust contract, public bindings, and verification evidence are present.
Bithumb	Exchange	Http	GET	/v1/orders	listOrders	documented_active	common_and_provider	general_adapter_or_provider	not_applicable	exchange.orders	connected	bindings/common/src/coverage.rs::OPERATIONS	Partial	present	src/adapter.rs:205;src/adapters/bithumb/mod.rs:1240	present	bindings/common/src/schema.rs::binding_schema	present	bindings/python/python/maxt/_generated_contract.py;bindings/dart/lib/src/generated_contract.dart;bindings/typescript/src/generated/contract.ts	present	bindings/python/python/maxt/adapters.py	present	bindings/dart/lib/src/generated_provider_methods.dart	present	bindings/typescript/src/generated/api.ts	Fixture	open_orders;order_list	needs_evidence	continue_audit	The existing implementation scope is retained, but operation-level semantic audit evidence is incomplete.
Bithumb	Exchange	Http	GET	/v1/orders/chance	getOrderChance	documented_active	common_existing	general_adapter_or_provider	not_applicable	exchange.available_order_info	connected	bindings/common/src/coverage.rs::OPERATIONS	Implemented	present	src/adapter.rs:115	present	bindings/common/src/schema.rs::binding_schema	present	bindings/python/python/maxt/_generated_contract.py;bindings/dart/lib/src/generated_contract.dart;bindings/typescript/src/generated/contract.ts	present	bindings/python/python/maxt/adapters.py	present	bindings/dart/lib/src/generated_provider_methods.dart	present	bindings/typescript/src/generated/api.ts	Fixture	order_rules	verified	none	Audited Rust contract, public bindings, and verification evidence are present.
Bithumb	Exchange	Http	GET	/v2/orders/history	listClosedOrders	documented_active	common_and_provider	general_adapter_or_provider	not_applicable	exchange.closed_orders	connected	bindings/common/src/coverage.rs::OPERATIONS	Implemented	present	src/adapter.rs:229;src/adapters/bithumb/mod.rs:1248	present	bindings/common/src/schema.rs::binding_schema	present	bindings/python/python/maxt/_generated_contract.py;bindings/dart/lib/src/generated_contract.dart;bindings/typescript/src/generated/contract.ts	present	bindings/python/python/maxt/adapters.py	present	bindings/dart/lib/src/generated_provider_methods.dart	present	bindings/typescript/src/generated/api.ts	Fixture	closed_orders;order_history	verified	none	Audited Rust contract, public bindings, and verification evidence are present.
Bithumb	Exchange	Http	GET	/v2/orders/pending	listPendingOrders	documented_active	provider_typed	general_adapter_or_provider	not_applicable	exchange.pending_orders	connected	bindings/common/src/coverage.rs::OPERATIONS	Implemented	present	src/adapters/bithumb/mod.rs:1256	present	bindings/common/src/schema.rs::binding_schema	present	bindings/python/python/maxt/_generated_contract.py;bindings/dart/lib/src/generated_contract.dart;bindings/typescript/src/generated/contract.ts	present	bindings/python/python/maxt/adapters.py	present	bindings/dart/lib/src/generated_provider_methods.dart	present	bindings/typescript/src/generated/api.ts	Fixture	pending_orders	verified	none	Audited Rust contract, public bindings, and verification evidence are present.
Bithumb	Exchange	Http	POST	/v2/orders	createOrder	documented_active	common_existing	general_adapter_or_provider	not_applicable	exchange.new_order	connected	bindings/common/src/coverage.rs::OPERATIONS	Partial	present	src/adapter.rs:244	present	bindings/common/src/schema.rs::binding_schema	present	bindings/python/python/maxt/_generated_contract.py;bindings/dart/lib/src/generated_contract.dart;bindings/typescript/src/generated/contract.ts	present	bindings/python/python/maxt/adapters.py	present	bindings/dart/lib/src/generated_provider_methods.dart	present	bindings/typescript/src/generated/api.ts	Fixture	place_order	needs_evidence	continue_audit	The existing implementation scope is retained, but operation-level semantic audit evidence is incomplete.
Bithumb	Exchange	Http	POST	/v2/orders/batch	createBatchOrders	documented_active	provider_typed	general_adapter_or_provider	not_applicable	exchange.batch_orders	connected	bindings/common/src/coverage.rs::OPERATIONS	Partial	present	src/adapters/bithumb/mod.rs:1285	present	bindings/common/src/schema.rs::binding_schema	present	bindings/python/python/maxt/_generated_contract.py;bindings/dart/lib/src/generated_contract.dart;bindings/typescript/src/generated/contract.ts	present	bindings/python/python/maxt/adapters.py	present	bindings/dart/lib/src/generated_provider_methods.dart	present	bindings/typescript/src/generated/api.ts	Fixture	batch_orders	needs_evidence	continue_audit	The existing implementation scope is retained, but operation-level semantic audit evidence is incomplete.
Bithumb	Exchange	Http	POST	/v2/orders/cancel	cancelBatchOrders	documented_active	common_existing	general_adapter_or_provider	not_applicable	exchange.cancel_orders	connected	bindings/common/src/coverage.rs::OPERATIONS	Partial	present	src/adapter.rs:266	present	bindings/common/src/schema.rs::binding_schema	present	bindings/python/python/maxt/_generated_contract.py;bindings/dart/lib/src/generated_contract.dart;bindings/typescript/src/generated/contract.ts	present	bindings/python/python/maxt/adapters.py	present	bindings/dart/lib/src/generated_provider_methods.dart	present	bindings/typescript/src/generated/api.ts	Fixture	cancel_orders	needs_evidence	continue_audit	The existing implementation scope is retained, but operation-level semantic audit evidence is incomplete.
Bithumb	Exchange	Http	POST	/v2/orders/search	searchOrders	documented_active	common_existing	general_adapter_or_provider	not_applicable	exchange.orders_by_ids	connected	bindings/common/src/coverage.rs::OPERATIONS	Partial	present	src/adapter.rs:223	present	bindings/common/src/schema.rs::binding_schema	present	bindings/python/python/maxt/_generated_contract.py;bindings/dart/lib/src/generated_contract.dart;bindings/typescript/src/generated/contract.ts	present	bindings/python/python/maxt/adapters.py	present	bindings/dart/lib/src/generated_provider_methods.dart	present	bindings/typescript/src/generated/api.ts	Fixture	orders_by_ids	needs_evidence	continue_audit	The existing implementation scope is retained, but operation-level semantic audit evidence is incomplete.
Bithumb	Exchange	WebSocketStream	SUBSCRIBE	type=myAsset	myAsset	documented_active	common_existing	general_adapter_or_provider	not_applicable	exchange.my_asset_stream	connected	bindings/common/src/coverage.rs::OPERATIONS	Partial	present	src/adapter.rs:238	present	bindings/common/src/schema.rs::binding_schema	present	bindings/python/python/maxt/_generated_contract.py;bindings/dart/lib/src/generated_contract.dart;bindings/typescript/src/generated/contract.ts	present	bindings/python/python/maxt/adapters.py	present	bindings/dart/lib/src/generated_provider_methods.dart	present	bindings/typescript/src/generated/api.ts	Fixture	subscribe_account	needs_evidence	continue_audit	The existing implementation scope is retained, but operation-level semantic audit evidence is incomplete.
Bithumb	Exchange	WebSocketStream	SUBSCRIBE	type=myOrder	myOrder	documented_active	common_existing	general_adapter_or_provider	not_applicable	exchange.my_order_stream	connected	bindings/common/src/coverage.rs::OPERATIONS	Partial	present	src/adapter.rs:238	present	bindings/common/src/schema.rs::binding_schema	present	bindings/python/python/maxt/_generated_contract.py;bindings/dart/lib/src/generated_contract.dart;bindings/typescript/src/generated/contract.ts	present	bindings/python/python/maxt/adapters.py	present	bindings/dart/lib/src/generated_provider_methods.dart	present	bindings/typescript/src/generated/api.ts	Fixture	subscribe_account	needs_evidence	continue_audit	The existing implementation scope is retained, but operation-level semantic audit evidence is incomplete.
Bithumb	KRW deposits and withdrawals	Http	GET	/v1/deposits/krw	listKrwDeposits	documented_active	provider_typed	general_adapter_or_provider	not_applicable	krw.deposits	connected	bindings/common/src/coverage.rs::OPERATIONS	Implemented	present	src/adapters/bithumb/mod.rs:1189	present	bindings/common/src/schema.rs::binding_schema	present	bindings/python/python/maxt/_generated_contract.py;bindings/dart/lib/src/generated_contract.dart;bindings/typescript/src/generated/contract.ts	present	bindings/python/python/maxt/adapters.py	present	bindings/dart/lib/src/generated_provider_methods.dart	present	bindings/typescript/src/generated/api.ts	Fixture	krw_deposits	verified	none	Audited Rust contract, public bindings, and verification evidence are present.
Bithumb	KRW deposits and withdrawals	Http	GET	/v1/withdraws/krw	listKrwWithdrawals	documented_active	provider_typed	general_adapter_or_provider	not_applicable	krw.withdrawals	connected	bindings/common/src/coverage.rs::OPERATIONS	Implemented	present	src/adapters/bithumb/mod.rs:1169	present	bindings/common/src/schema.rs::binding_schema	present	bindings/python/python/maxt/_generated_contract.py;bindings/dart/lib/src/generated_contract.dart;bindings/typescript/src/generated/contract.ts	present	bindings/python/python/maxt/adapters.py	present	bindings/dart/lib/src/generated_provider_methods.dart	present	bindings/typescript/src/generated/api.ts	Fixture	krw_withdrawals	verified	none	Audited Rust contract, public bindings, and verification evidence are present.
Bithumb	KRW deposits and withdrawals	Http	POST	/v1/deposits/krw	createKrwDeposit	documented_active	provider_typed	general_adapter_or_provider	not_applicable	krw.deposit	connected	bindings/common/src/coverage.rs::OPERATIONS	Implemented	present	src/adapters/bithumb/mod.rs:1200	present	bindings/common/src/schema.rs::binding_schema	present	bindings/python/python/maxt/_generated_contract.py;bindings/dart/lib/src/generated_contract.dart;bindings/typescript/src/generated/contract.ts	present	bindings/python/python/maxt/adapters.py	present	bindings/dart/lib/src/generated_provider_methods.dart	present	bindings/typescript/src/generated/api.ts	Fixture	deposit_krw	verified	none	Audited Rust contract, public bindings, and verification evidence are present.
Bithumb	KRW deposits and withdrawals	Http	POST	/v1/withdraws/krw	createKrwWithdrawal	documented_active	provider_typed	general_adapter_or_provider	not_applicable	krw.withdraw	connected	bindings/common/src/coverage.rs::OPERATIONS	Implemented	present	src/adapters/bithumb/mod.rs:1181	present	bindings/common/src/schema.rs::binding_schema	present	bindings/python/python/maxt/_generated_contract.py;bindings/dart/lib/src/generated_contract.dart;bindings/typescript/src/generated/contract.ts	present	bindings/python/python/maxt/adapters.py	present	bindings/dart/lib/src/generated_provider_methods.dart	present	bindings/typescript/src/generated/api.ts	Fixture	withdraw_krw	verified	none	Audited Rust contract, public bindings, and verification evidence are present.
Bithumb	Quotation	Http	GET	/v1/candles/days	listDayCandles	documented_active	common_existing	general_adapter_or_provider	not_applicable	quotation.candles_days	connected	bindings/common/src/coverage.rs::OPERATIONS	Implemented	present	src/adapter.rs:68	present	bindings/common/src/schema.rs::binding_schema	present	bindings/python/python/maxt/_generated_contract.py;bindings/dart/lib/src/generated_contract.dart;bindings/typescript/src/generated/contract.ts	present	bindings/python/python/maxt/adapters.py	present	bindings/dart/lib/src/generated_provider_methods.dart	present	bindings/typescript/src/generated/api.ts	LiveRead	candles	verified	none	Audited Rust contract, public bindings, and verification evidence are present.
Bithumb	Quotation	Http	GET	/v1/candles/minutes/{unit}	listMinuteCandles	documented_active	common_existing	general_adapter_or_provider	not_applicable	quotation.candles_minutes	connected	bindings/common/src/coverage.rs::OPERATIONS	Implemented	present	src/adapter.rs:68	present	bindings/common/src/schema.rs::binding_schema	present	bindings/python/python/maxt/_generated_contract.py;bindings/dart/lib/src/generated_contract.dart;bindings/typescript/src/generated/contract.ts	present	bindings/python/python/maxt/adapters.py	present	bindings/dart/lib/src/generated_provider_methods.dart	present	bindings/typescript/src/generated/api.ts	LiveRead	candles	verified	none	Audited Rust contract, public bindings, and verification evidence are present.
Bithumb	Quotation	Http	GET	/v1/candles/months	listMonthCandles	documented_active	common_existing	general_adapter_or_provider	not_applicable	quotation.candles_months	connected	bindings/common/src/coverage.rs::OPERATIONS	Implemented	present	src/adapter.rs:68	present	bindings/common/src/schema.rs::binding_schema	present	bindings/python/python/maxt/_generated_contract.py;bindings/dart/lib/src/generated_contract.dart;bindings/typescript/src/generated/contract.ts	present	bindings/python/python/maxt/adapters.py	present	bindings/dart/lib/src/generated_provider_methods.dart	present	bindings/typescript/src/generated/api.ts	LiveRead	candles	verified	none	Audited Rust contract, public bindings, and verification evidence are present.
Bithumb	Quotation	Http	GET	/v1/candles/weeks	listWeekCandles	documented_active	common_existing	general_adapter_or_provider	not_applicable	quotation.candles_weeks	connected	bindings/common/src/coverage.rs::OPERATIONS	Implemented	present	src/adapter.rs:68	present	bindings/common/src/schema.rs::binding_schema	present	bindings/python/python/maxt/_generated_contract.py;bindings/dart/lib/src/generated_contract.dart;bindings/typescript/src/generated/contract.ts	present	bindings/python/python/maxt/adapters.py	present	bindings/dart/lib/src/generated_provider_methods.dart	present	bindings/typescript/src/generated/api.ts	LiveRead	candles	verified	none	Audited Rust contract, public bindings, and verification evidence are present.
Bithumb	Quotation	Http	GET	/v1/market/all	listTradingPairs	documented_active	common_and_provider	general_adapter_or_provider	not_applicable	quotation.markets	connected	bindings/common/src/coverage.rs::OPERATIONS	Implemented	present	src/adapter.rs:44;src/adapters/bithumb/mod.rs:1139	present	bindings/common/src/schema.rs::binding_schema	present	bindings/python/python/maxt/_generated_contract.py;bindings/dart/lib/src/generated_contract.dart;bindings/typescript/src/generated/contract.ts	present	bindings/python/python/maxt/adapters.py	present	bindings/dart/lib/src/generated_provider_methods.dart	present	bindings/typescript/src/generated/api.ts	LiveRead	market_warnings;markets	verified	none	Audited Rust contract, public bindings, and verification evidence are present.
Bithumb	Quotation	Http	GET	/v1/market/virtual_asset_warning	listMarketWarnings	documented_active	provider_typed	general_adapter_or_provider	not_applicable	quotation.virtual_asset_warning	connected	bindings/common/src/coverage.rs::OPERATIONS	Implemented	present	src/adapters/bithumb/mod.rs:1147	present	bindings/common/src/schema.rs::binding_schema	present	bindings/python/python/maxt/_generated_contract.py;bindings/dart/lib/src/generated_contract.dart;bindings/typescript/src/generated/contract.ts	present	bindings/python/python/maxt/adapters.py	present	bindings/dart/lib/src/generated_provider_methods.dart	present	bindings/typescript/src/generated/api.ts	LiveRead	market_alerts	verified	none	Audited Rust contract, public bindings, and verification evidence are present.
Bithumb	Quotation	Http	GET	/v1/notices	listNotices	documented_active	provider_typed	general_adapter_or_provider	not_applicable	quotation.notices	connected	bindings/common/src/coverage.rs::OPERATIONS	Implemented	present	src/adapters/bithumb/mod.rs:1155	present	bindings/common/src/schema.rs::binding_schema	present	bindings/python/python/maxt/_generated_contract.py;bindings/dart/lib/src/generated_contract.dart;bindings/typescript/src/generated/contract.ts	present	bindings/python/python/maxt/adapters.py	present	bindings/dart/lib/src/generated_provider_methods.dart	present	bindings/typescript/src/generated/api.ts	LiveRead	notices	verified	none	Audited Rust contract, public bindings, and verification evidence are present.
Bithumb	Quotation	Http	GET	/v1/orderbook	getOrderBook	documented_active	common_existing	general_adapter_or_provider	not_applicable	quotation.orderbook	connected	bindings/common/src/coverage.rs::OPERATIONS	Partial	present	src/adapter.rs:56	present	bindings/common/src/schema.rs::binding_schema	present	bindings/python/python/maxt/_generated_contract.py;bindings/dart/lib/src/generated_contract.dart;bindings/typescript/src/generated/contract.ts	present	bindings/python/python/maxt/adapters.py	present	bindings/dart/lib/src/generated_provider_methods.dart	present	bindings/typescript/src/generated/api.ts	LiveRead	order_book	needs_evidence	continue_audit	The existing implementation scope is retained, but operation-level semantic audit evidence is incomplete.
Bithumb	Quotation	Http	GET	/v1/ticker	getTicker	documented_active	common_existing	general_adapter_or_provider	not_applicable	quotation.ticker	connected	bindings/common/src/coverage.rs::OPERATIONS	Implemented	present	src/adapter.rs:62	present	bindings/common/src/schema.rs::binding_schema	present	bindings/python/python/maxt/_generated_contract.py;bindings/dart/lib/src/generated_contract.dart;bindings/typescript/src/generated/contract.ts	present	bindings/python/python/maxt/adapters.py	present	bindings/dart/lib/src/generated_provider_methods.dart	present	bindings/typescript/src/generated/api.ts	LiveRead	ticker	verified	none	Audited Rust contract, public bindings, and verification evidence are present.
Bithumb	Quotation	Http	GET	/v1/trades/ticks	listRecentTrades	documented_active	common_existing	general_adapter_or_provider	not_applicable	quotation.trades_ticks	connected	bindings/common/src/coverage.rs::OPERATIONS	Implemented	present	src/adapter.rs:50	present	bindings/common/src/schema.rs::binding_schema	present	bindings/python/python/maxt/_generated_contract.py;bindings/dart/lib/src/generated_contract.dart;bindings/typescript/src/generated/contract.ts	present	bindings/python/python/maxt/adapters.py	present	bindings/dart/lib/src/generated_provider_methods.dart	present	bindings/typescript/src/generated/api.ts	LiveRead	trades	verified	none	Audited Rust contract, public bindings, and verification evidence are present.
Bithumb	Quotation	Http	GET	/v2/fee/inout/{currency}	getDepositWithdrawalFee	documented_active	provider_typed	general_adapter_or_provider	not_applicable	quotation.inout_fee	connected	bindings/common/src/coverage.rs::OPERATIONS	Implemented	present	src/adapters/bithumb/mod.rs:1164	present	bindings/common/src/schema.rs::binding_schema	present	bindings/python/python/maxt/_generated_contract.py;bindings/dart/lib/src/generated_contract.dart;bindings/typescript/src/generated/contract.ts	present	bindings/python/python/maxt/adapters.py	present	bindings/dart/lib/src/generated_provider_methods.dart	present	bindings/typescript/src/generated/api.ts	LiveRead	transfer_fees	verified	none	Audited Rust contract, public bindings, and verification evidence are present.
Bithumb	Quotation	WebSocketStream	SUBSCRIBE	type=orderbook	orderbook	documented_active	common_existing	general_adapter_or_provider	not_applicable	quotation.orderbook_stream	connected	bindings/common/src/coverage.rs::OPERATIONS	Partial	present	src/adapter.rs:78	present	bindings/common/src/schema.rs::binding_schema	present	bindings/python/python/maxt/_generated_contract.py;bindings/dart/lib/src/generated_contract.dart;bindings/typescript/src/generated/contract.ts	present	bindings/python/python/maxt/adapters.py	present	bindings/dart/lib/src/generated_provider_methods.dart	present	bindings/typescript/src/generated/api.ts	LiveRead	subscribe	needs_evidence	continue_audit	The existing implementation scope is retained, but operation-level semantic audit evidence is incomplete.
Bithumb	Quotation	WebSocketStream	SUBSCRIBE	type=ticker	ticker	documented_active	common_existing	general_adapter_or_provider	not_applicable	quotation.ticker_stream	connected	bindings/common/src/coverage.rs::OPERATIONS	Partial	present	src/adapter.rs:78	present	bindings/common/src/schema.rs::binding_schema	present	bindings/python/python/maxt/_generated_contract.py;bindings/dart/lib/src/generated_contract.dart;bindings/typescript/src/generated/contract.ts	present	bindings/python/python/maxt/adapters.py	present	bindings/dart/lib/src/generated_provider_methods.dart	present	bindings/typescript/src/generated/api.ts	LiveRead	subscribe	needs_evidence	continue_audit	The existing implementation scope is retained, but operation-level semantic audit evidence is incomplete.
Bithumb	Quotation	WebSocketStream	SUBSCRIBE	type=trade	trade	documented_active	common_existing	general_adapter_or_provider	not_applicable	quotation.trade_stream	connected	bindings/common/src/coverage.rs::OPERATIONS	Partial	present	src/adapter.rs:78	present	bindings/common/src/schema.rs::binding_schema	present	bindings/python/python/maxt/_generated_contract.py;bindings/dart/lib/src/generated_contract.dart;bindings/typescript/src/generated/contract.ts	present	bindings/python/python/maxt/adapters.py	present	bindings/dart/lib/src/generated_provider_methods.dart	present	bindings/typescript/src/generated/api.ts	LiveRead	subscribe	needs_evidence	continue_audit	The existing implementation scope is retained, but operation-level semantic audit evidence is incomplete.
Bithumb	TWAP	Http	DELETE	/v1/twap	cancelTwapOrder	documented_active	provider_typed	general_adapter_or_provider	not_applicable	twap.cancel_twap	connected	bindings/common/src/coverage.rs::OPERATIONS	Implemented	present	src/adapters/bithumb/mod.rs:1277	present	bindings/common/src/schema.rs::binding_schema	present	bindings/python/python/maxt/_generated_contract.py;bindings/dart/lib/src/generated_contract.dart;bindings/typescript/src/generated/contract.ts	present	bindings/python/python/maxt/adapters.py	present	bindings/dart/lib/src/generated_provider_methods.dart	present	bindings/typescript/src/generated/api.ts	Fixture	cancel_twap_order	verified	none	Audited Rust contract, public bindings, and verification evidence are present.
Bithumb	TWAP	Http	GET	/v1/twap	listTwapOrders	documented_active	provider_typed	general_adapter_or_provider	not_applicable	twap.twap	connected	bindings/common/src/coverage.rs::OPERATIONS	Implemented	present	src/adapters/bithumb/mod.rs:1264	present	bindings/common/src/schema.rs::binding_schema	present	bindings/python/python/maxt/_generated_contract.py;bindings/dart/lib/src/generated_contract.dart;bindings/typescript/src/generated/contract.ts	present	bindings/python/python/maxt/adapters.py	present	bindings/dart/lib/src/generated_provider_methods.dart	present	bindings/typescript/src/generated/api.ts	Fixture	twap_orders	verified	none	Audited Rust contract, public bindings, and verification evidence are present.
Bithumb	TWAP	Http	POST	/v1/twap	createTwapOrder	documented_active	provider_typed	general_adapter_or_provider	not_applicable	twap.create_twap	connected	bindings/common/src/coverage.rs::OPERATIONS	Implemented	present	src/adapters/bithumb/mod.rs:1272	present	bindings/common/src/schema.rs::binding_schema	present	bindings/python/python/maxt/_generated_contract.py;bindings/dart/lib/src/generated_contract.dart;bindings/typescript/src/generated/contract.ts	present	bindings/python/python/maxt/adapters.py	present	bindings/dart/lib/src/generated_provider_methods.dart	present	bindings/typescript/src/generated/api.ts	Fixture	create_twap_order	verified	none	Audited Rust contract, public bindings, and verification evidence are present.
Hyperliquid	Exchange endpoint	Http	POST	/exchange action=agentSendAsset	agentSendAsset	documented_active	provider_typed	general_adapter_or_provider	not_applicable		not_connected		Unlinked	unreviewed		unreviewed		unreviewed		unreviewed		unreviewed		unreviewed				needs_evidence	continue_audit	Audited against the current repository; this active provider-typed operation has no connected Rust bridge or typed provider surface in this release.
Hyperliquid	Exchange endpoint	Http	POST	/exchange action=agentSetAbstraction	agentSetAbstraction	documented_active	provider_typed	general_adapter_or_provider	not_applicable		not_connected		Unlinked	unreviewed		unreviewed		unreviewed		unreviewed		unreviewed		unreviewed				needs_evidence	continue_audit	Audited against the current repository; this active provider-typed operation has no connected Rust bridge or typed provider surface in this release.
Hyperliquid	Exchange endpoint	Http	POST	/exchange action=approveAgent	approveAgent	documented_active	provider_typed	general_adapter_or_provider	not_applicable		not_connected		Unlinked	unreviewed		unreviewed		unreviewed		unreviewed		unreviewed		unreviewed				needs_evidence	continue_audit	Audited against the current repository; this active provider-typed operation has no connected Rust bridge or typed provider surface in this release.
Hyperliquid	Exchange endpoint	Http	POST	/exchange action=approveBuilderFee	approveBuilderFee	documented_active	provider_typed	general_adapter_or_provider	not_applicable		not_connected		Unlinked	unreviewed		unreviewed		unreviewed		unreviewed		unreviewed		unreviewed				needs_evidence	continue_audit	Audited against the current repository; this active provider-typed operation has no connected Rust bridge or typed provider surface in this release.
Hyperliquid	Exchange endpoint	Http	POST	/exchange action=batchModify	batchModify	documented_active	provider_typed	general_adapter_or_provider	not_applicable		not_connected		Unlinked	unreviewed		unreviewed		unreviewed		unreviewed		unreviewed		unreviewed				needs_evidence	continue_audit	Audited against the current repository; this active provider-typed operation has no connected Rust bridge or typed provider surface in this release.
Hyperliquid	Exchange endpoint	Http	POST	/exchange action=cDeposit	cDeposit	documented_active	provider_typed	general_adapter_or_provider	not_applicable		not_connected		Unlinked	unreviewed		unreviewed		unreviewed		unreviewed		unreviewed		unreviewed				needs_evidence	continue_audit	Audited against the current repository; this active provider-typed operation has no connected Rust bridge or typed provider surface in this release.
Hyperliquid	Exchange endpoint	Http	POST	/exchange action=cWithdraw	cWithdraw	documented_active	provider_typed	general_adapter_or_provider	not_applicable		not_connected		Unlinked	unreviewed		unreviewed		unreviewed		unreviewed		unreviewed		unreviewed				needs_design	service_or_contract_decision	Requires an exchange action or signer contract outside the current general Adapter boundary.
Hyperliquid	Exchange endpoint	Http	POST	/exchange action=cancel	cancel	documented_active	common_existing	general_adapter_or_provider	not_applicable	exchange.cancel	connected	bindings/common/src/coverage.rs::OPERATIONS	Partial	present	src/adapter.rs:250	present	bindings/common/src/schema.rs::binding_schema	present	bindings/python/python/maxt/_generated_contract.py;bindings/dart/lib/src/generated_contract.dart;bindings/typescript/src/generated/contract.ts	present	bindings/python/python/maxt/adapters.py	present	bindings/dart/lib/src/generated_provider_methods.dart	present	bindings/typescript/src/generated/api.ts	Fixture	cancel_order	needs_evidence	continue_audit	The existing implementation scope is retained, but operation-level semantic audit evidence is incomplete.
Hyperliquid	Exchange endpoint	Http	POST	/exchange action=cancelByCloid	cancelByCloid	documented_active	provider_typed	general_adapter_or_provider	not_applicable		not_connected		Unlinked	unreviewed		unreviewed		unreviewed		unreviewed		unreviewed		unreviewed				needs_design	service_or_contract_decision	Requires an exchange action or signer contract outside the current general Adapter boundary.
Hyperliquid	Exchange endpoint	Http	POST	/exchange action=claimRewards	claimRewards	documented_active	provider_typed	general_adapter_or_provider	not_applicable		not_connected		Unlinked	unreviewed		unreviewed		unreviewed		unreviewed		unreviewed		unreviewed				needs_evidence	continue_audit	Audited against the current repository; this active provider-typed operation has no connected Rust bridge or typed provider surface in this release.
Hyperliquid	Exchange endpoint	Http	POST	/exchange action=hip3LiquidatorTransfer	hip3LiquidatorTransfer	documented_active	provider_typed	general_adapter_or_provider	not_applicable		not_connected		Unlinked	unreviewed		unreviewed		unreviewed		unreviewed		unreviewed		unreviewed				needs_evidence	continue_audit	Audited against the current repository; this active provider-typed operation has no connected Rust bridge or typed provider surface in this release.
Hyperliquid	Exchange endpoint	Http	POST	/exchange action=modify	modify	documented_active	provider_typed	general_adapter_or_provider	not_applicable		not_connected		Unlinked	unreviewed		unreviewed		unreviewed		unreviewed		unreviewed		unreviewed				needs_evidence	continue_audit	Audited against the current repository; this active provider-typed operation has no connected Rust bridge or typed provider surface in this release.
Hyperliquid	Exchange endpoint	Http	POST	/exchange action=noop	noop	documented_active	provider_typed	general_adapter_or_provider	not_applicable		not_connected		Unlinked	unreviewed		unreviewed		unreviewed		unreviewed		unreviewed		unreviewed				needs_evidence	continue_audit	Audited against the current repository; this active provider-typed operation has no connected Rust bridge or typed provider surface in this release.
Hyperliquid	Exchange endpoint	Http	POST	/exchange action=order	order	documented_active	common_existing	general_adapter_or_provider	not_applicable	exchange.order	connected	bindings/common/src/coverage.rs::OPERATIONS	Partial	present	src/adapter.rs:244	present	bindings/common/src/schema.rs::binding_schema	present	bindings/python/python/maxt/_generated_contract.py;bindings/dart/lib/src/generated_contract.dart;bindings/typescript/src/generated/contract.ts	present	bindings/python/python/maxt/adapters.py	present	bindings/dart/lib/src/generated_provider_methods.dart	present	bindings/typescript/src/generated/api.ts	Fixture	place_order	needs_evidence	continue_audit	The existing implementation scope is retained, but operation-level semantic audit evidence is incomplete.
Hyperliquid	Exchange endpoint	Http	POST	/exchange action=reserveRequestWeight	reserveRequestWeight	documented_active	provider_typed	general_adapter_or_provider	not_applicable		not_connected		Unlinked	unreviewed		unreviewed		unreviewed		unreviewed		unreviewed		unreviewed				needs_evidence	continue_audit	Audited against the current repository; this active provider-typed operation has no connected Rust bridge or typed provider surface in this release.
Hyperliquid	Exchange endpoint	Http	POST	/exchange action=scheduleCancel	scheduleCancel	documented_active	provider_typed	general_adapter_or_provider	not_applicable		not_connected		Unlinked	unreviewed		unreviewed		unreviewed		unreviewed		unreviewed		unreviewed				needs_evidence	continue_audit	Audited against the current repository; this active provider-typed operation has no connected Rust bridge or typed provider surface in this release.
Hyperliquid	Exchange endpoint	Http	POST	/exchange action=sendAsset	sendAsset	documented_active	provider_typed	general_adapter_or_provider	not_applicable		not_connected		Unlinked	unreviewed		unreviewed		unreviewed		unreviewed		unreviewed		unreviewed				needs_evidence	continue_audit	Audited against the current repository; this active provider-typed operation has no connected Rust bridge or typed provider surface in this release.
Hyperliquid	Exchange endpoint	Http	POST	/exchange action=sendToEvmWithData	sendToEvmWithData	documented_active	provider_typed	general_adapter_or_provider	not_applicable		not_connected		Unlinked	unreviewed		unreviewed		unreviewed		unreviewed		unreviewed		unreviewed				needs_evidence	continue_audit	Audited against the current repository; this active provider-typed operation has no connected Rust bridge or typed provider surface in this release.
Hyperliquid	Exchange endpoint	Http	POST	/exchange action=spotSend	spotSend	documented_active	provider_typed	general_adapter_or_provider	not_applicable		not_connected		Unlinked	unreviewed		unreviewed		unreviewed		unreviewed		unreviewed		unreviewed				needs_evidence	continue_audit	Audited against the current repository; this active provider-typed operation has no connected Rust bridge or typed provider surface in this release.
Hyperliquid	Exchange endpoint	Http	POST	/exchange action=tokenDelegate	tokenDelegate	documented_active	provider_typed	general_adapter_or_provider	not_applicable		not_connected		Unlinked	unreviewed		unreviewed		unreviewed		unreviewed		unreviewed		unreviewed				needs_evidence	continue_audit	Audited against the current repository; this active provider-typed operation has no connected Rust bridge or typed provider surface in this release.
Hyperliquid	Exchange endpoint	Http	POST	/exchange action=topUpIsolatedOnlyMargin	topUpIsolatedOnlyMargin	documented_active	provider_typed	general_adapter_or_provider	not_applicable		not_connected		Unlinked	unreviewed		unreviewed		unreviewed		unreviewed		unreviewed		unreviewed				needs_evidence	continue_audit	Audited against the current repository; this active provider-typed operation has no connected Rust bridge or typed provider surface in this release.
Hyperliquid	Exchange endpoint	Http	POST	/exchange action=twapCancel	twapCancel	documented_active	provider_typed	general_adapter_or_provider	not_applicable		not_connected		Unlinked	unreviewed		unreviewed		unreviewed		unreviewed		unreviewed		unreviewed				needs_evidence	continue_audit	Audited against the current repository; this active provider-typed operation has no connected Rust bridge or typed provider surface in this release.
Hyperliquid	Exchange endpoint	Http	POST	/exchange action=twapOrder	twapOrder	documented_active	provider_typed	general_adapter_or_provider	not_applicable		not_connected		Unlinked	unreviewed		unreviewed		unreviewed		unreviewed		unreviewed		unreviewed				needs_evidence	continue_audit	Audited against the current repository; this active provider-typed operation has no connected Rust bridge or typed provider surface in this release.
Hyperliquid	Exchange endpoint	Http	POST	/exchange action=updateIsolatedMargin	updateIsolatedMargin	documented_active	provider_typed	general_adapter_or_provider	not_applicable		not_connected		Unlinked	unreviewed		unreviewed		unreviewed		unreviewed		unreviewed		unreviewed				needs_design	service_or_contract_decision	Requires an exchange action or signer contract outside the current general Adapter boundary.
Hyperliquid	Exchange endpoint	Http	POST	/exchange action=updateLeverage	updateLeverage	documented_active	common_existing	general_adapter_or_provider	not_applicable	exchange.update_leverage	connected	bindings/common/src/coverage.rs::OPERATIONS	Implemented	present	src/adapter.rs:301	present	bindings/common/src/schema.rs::binding_schema	present	bindings/python/python/maxt/_generated_contract.py;bindings/dart/lib/src/generated_contract.dart;bindings/typescript/src/generated/contract.ts	present	bindings/python/python/maxt/adapters.py	present	bindings/dart/lib/src/generated_provider_methods.dart	present	bindings/typescript/src/generated/api.ts	Fixture	set_margin	verified	none	Audited Rust contract, public bindings, and verification evidence are present.
Hyperliquid	Exchange endpoint	Http	POST	/exchange action=usdClassTransfer	usdClassTransfer	documented_active	provider_typed	general_adapter_or_provider	not_applicable		not_connected		Unlinked	unreviewed		unreviewed		unreviewed		unreviewed		unreviewed		unreviewed				needs_evidence	continue_audit	Audited against the current repository; this active provider-typed operation has no connected Rust bridge or typed provider surface in this release.
Hyperliquid	Exchange endpoint	Http	POST	/exchange action=usdSend	usdSend	documented_active	provider_typed	general_adapter_or_provider	not_applicable		not_connected		Unlinked	unreviewed		unreviewed		unreviewed		unreviewed		unreviewed		unreviewed				needs_evidence	continue_audit	Audited against the current repository; this active provider-typed operation has no connected Rust bridge or typed provider surface in this release.
Hyperliquid	Exchange endpoint	Http	POST	/exchange action=userOutcome variant=mergeOutcome	userOutcome.mergeOutcome	documented_active	provider_typed	general_adapter_or_provider	not_applicable		not_connected		Unlinked	unreviewed		unreviewed		unreviewed		unreviewed		unreviewed		unreviewed				needs_evidence	continue_audit	Audited against the current repository; this active provider-typed operation has no connected Rust bridge or typed provider surface in this release.
Hyperliquid	Exchange endpoint	Http	POST	/exchange action=userOutcome variant=mergeQuestion	userOutcome.mergeQuestion	documented_active	provider_typed	general_adapter_or_provider	not_applicable		not_connected		Unlinked	unreviewed		unreviewed		unreviewed		unreviewed		unreviewed		unreviewed				needs_evidence	continue_audit	Audited against the current repository; this active provider-typed operation has no connected Rust bridge or typed provider surface in this release.
Hyperliquid	Exchange endpoint	Http	POST	/exchange action=userOutcome variant=negateOutcome	userOutcome.negateOutcome	documented_active	provider_typed	general_adapter_or_provider	not_applicable		not_connected		Unlinked	unreviewed		unreviewed		unreviewed		unreviewed		unreviewed		unreviewed				needs_evidence	continue_audit	Audited against the current repository; this active provider-typed operation has no connected Rust bridge or typed provider surface in this release.
Hyperliquid	Exchange endpoint	Http	POST	/exchange action=userOutcome variant=splitOutcome	userOutcome.splitOutcome	documented_active	provider_typed	general_adapter_or_provider	not_applicable		not_connected		Unlinked	unreviewed		unreviewed		unreviewed		unreviewed		unreviewed		unreviewed				needs_evidence	continue_audit	Audited against the current repository; this active provider-typed operation has no connected Rust bridge or typed provider surface in this release.
Hyperliquid	Exchange endpoint	Http	POST	/exchange action=userSetAbstraction	userSetAbstraction	documented_active	provider_typed	general_adapter_or_provider	not_applicable		not_connected		Unlinked	unreviewed		unreviewed		unreviewed		unreviewed		unreviewed		unreviewed				needs_evidence	continue_audit	Audited against the current repository; this active provider-typed operation has no connected Rust bridge or typed provider surface in this release.
Hyperliquid	Exchange endpoint	Http	POST	/exchange action=vaultTransfer	vaultTransfer	documented_active	provider_typed	general_adapter_or_provider	not_applicable		not_connected		Unlinked	unreviewed		unreviewed		unreviewed		unreviewed		unreviewed		unreviewed				needs_evidence	continue_audit	Audited against the current repository; this active provider-typed operation has no connected Rust bridge or typed provider surface in this release.
Hyperliquid	Exchange endpoint	Http	POST	/exchange action=withdraw3	withdraw3	documented_active	provider_typed	general_adapter_or_provider	not_applicable		not_connected		Unlinked	unreviewed		unreviewed		unreviewed		unreviewed		unreviewed		unreviewed				needs_design	service_or_contract_decision	Requires an exchange action or signer contract outside the current general Adapter boundary.
Hyperliquid	Exchange supplementary docs	Http	POST	/exchange action=convertToMultiSigUser	convertToMultiSigUser	documented_active	provider_typed	general_adapter_or_provider	not_applicable		not_connected		Unlinked	unreviewed		unreviewed		unreviewed		unreviewed		unreviewed		unreviewed				needs_evidence	continue_audit	Audited against the current repository; this active provider-typed operation has no connected Rust bridge or typed provider surface in this release.
Hyperliquid	Exchange supplementary docs	Http	POST	/exchange action=evmUserModify	evmUserModify	documented_active	provider_typed	general_adapter_or_provider	not_applicable		not_connected		Unlinked	unreviewed		unreviewed		unreviewed		unreviewed		unreviewed		unreviewed				needs_evidence	continue_audit	Audited against the current repository; this active provider-typed operation has no connected Rust bridge or typed provider surface in this release.
Hyperliquid	Exchange supplementary docs	Http	POST	/exchange action=gossipPriorityBid	gossipPriorityBid	documented_active	provider_typed	general_adapter_or_provider	not_applicable		not_connected		Unlinked	unreviewed		unreviewed		unreviewed		unreviewed		unreviewed		unreviewed				needs_evidence	continue_audit	Audited against the current repository; this active provider-typed operation has no connected Rust bridge or typed provider surface in this release.
Hyperliquid	Exchange supplementary docs	Http	POST	/exchange action=multiSig	multiSig	documented_active	provider_typed	general_adapter_or_provider	not_applicable		not_connected		Unlinked	unreviewed		unreviewed		unreviewed		unreviewed		unreviewed		unreviewed				needs_evidence	continue_audit	Audited against the current repository; this active provider-typed operation has no connected Rust bridge or typed provider surface in this release.
Hyperliquid	Info endpoint	Http	POST	/info type=allBorrowLendReserveStates	allBorrowLendReserveStates	documented_active	provider_typed	general_adapter_or_provider	not_applicable		not_connected		Unlinked	unreviewed		unreviewed		unreviewed		unreviewed		unreviewed		unreviewed				needs_evidence	continue_audit	Audited against the current repository; this active provider-typed operation has no connected Rust bridge or typed provider surface in this release.
Hyperliquid	Info endpoint	Http	POST	/info type=allMids	allMids	documented_active	provider_typed	general_adapter_or_provider	not_applicable	info.all_mids	connected	bindings/common/src/coverage.rs::OPERATIONS	Partial	present	src/adapters/hyperliquid/mod.rs:557	present	bindings/common/src/schema.rs::binding_schema	present	bindings/python/python/maxt/_generated_contract.py;bindings/dart/lib/src/generated_contract.dart;bindings/typescript/src/generated/contract.ts	present	bindings/python/python/maxt/adapters.py	present	bindings/dart/lib/src/generated_provider_methods.dart	present	bindings/typescript/src/generated/api.ts	Fixture	all_mids	needs_evidence	continue_audit	The existing implementation scope is retained, but operation-level semantic audit evidence is incomplete.
Hyperliquid	Info endpoint	Http	POST	/info type=approvedBuilders	approvedBuilders	documented_active	provider_typed	general_adapter_or_provider	not_applicable		not_connected		Unlinked	unreviewed		unreviewed		unreviewed		unreviewed		unreviewed		unreviewed				needs_evidence	continue_audit	Audited against the current repository; this active provider-typed operation has no connected Rust bridge or typed provider surface in this release.
Hyperliquid	Info endpoint	Http	POST	/info type=borrowLendReserveState	borrowLendReserveState	documented_active	provider_typed	general_adapter_or_provider	not_applicable		not_connected		Unlinked	unreviewed		unreviewed		unreviewed		unreviewed		unreviewed		unreviewed				needs_evidence	continue_audit	Audited against the current repository; this active provider-typed operation has no connected Rust bridge or typed provider surface in this release.
Hyperliquid	Info endpoint	Http	POST	/info type=borrowLendUserState	borrowLendUserState	documented_active	provider_typed	general_adapter_or_provider	not_applicable		not_connected		Unlinked	unreviewed		unreviewed		unreviewed		unreviewed		unreviewed		unreviewed				needs_evidence	continue_audit	Audited against the current repository; this active provider-typed operation has no connected Rust bridge or typed provider surface in this release.
Hyperliquid	Info endpoint	Http	POST	/info type=candleSnapshot	candleSnapshot	documented_active	common_and_provider	general_adapter_or_provider	not_applicable	info.candle_snapshot	connected	bindings/common/src/coverage.rs::OPERATIONS	Implemented	present	src/adapter.rs:68;src/adapters/hyperliquid/mod.rs:439	present	bindings/common/src/schema.rs::binding_schema	present	bindings/python/python/maxt/_generated_contract.py;bindings/dart/lib/src/generated_contract.dart;bindings/typescript/src/generated/contract.ts	present	bindings/python/python/maxt/adapters.py	present	bindings/dart/lib/src/generated_provider_methods.dart	present	bindings/typescript/src/generated/api.ts	LiveRead	candle_snapshot;candles	verified	none	Audited provider candle snapshots preserve trade count and raw provider fields.
Hyperliquid	Info endpoint	Http	POST	/info type=delegations	delegations	documented_active	provider_typed	general_adapter_or_provider	not_applicable		not_connected		Unlinked	unreviewed		unreviewed		unreviewed		unreviewed		unreviewed		unreviewed				needs_evidence	continue_audit	Audited against the current repository; this active provider-typed operation has no connected Rust bridge or typed provider surface in this release.
Hyperliquid	Info endpoint	Http	POST	/info type=delegatorHistory	delegatorHistory	documented_active	provider_typed	general_adapter_or_provider	not_applicable		not_connected		Unlinked	unreviewed		unreviewed		unreviewed		unreviewed		unreviewed		unreviewed				needs_evidence	continue_audit	Audited against the current repository; this active provider-typed operation has no connected Rust bridge or typed provider surface in this release.
Hyperliquid	Info endpoint	Http	POST	/info type=delegatorRewards	delegatorRewards	documented_active	provider_typed	general_adapter_or_provider	not_applicable		not_connected		Unlinked	unreviewed		unreviewed		unreviewed		unreviewed		unreviewed		unreviewed				needs_evidence	continue_audit	Audited against the current repository; this active provider-typed operation has no connected Rust bridge or typed provider surface in this release.
Hyperliquid	Info endpoint	Http	POST	/info type=delegatorSummary	delegatorSummary	documented_active	provider_typed	general_adapter_or_provider	not_applicable		not_connected		Unlinked	unreviewed		unreviewed		unreviewed		unreviewed		unreviewed		unreviewed				needs_evidence	continue_audit	Audited against the current repository; this active provider-typed operation has no connected Rust bridge or typed provider surface in this release.
Hyperliquid	Info endpoint	Http	POST	/info type=frontendOpenOrders	frontendOpenOrders	documented_active	common_existing	general_adapter_or_provider	not_applicable	info.frontend_open_orders	connected	bindings/common/src/coverage.rs::OPERATIONS	Partial	present	src/adapter.rs:205	present	bindings/common/src/schema.rs::binding_schema	present	bindings/python/python/maxt/_generated_contract.py;bindings/dart/lib/src/generated_contract.dart;bindings/typescript/src/generated/contract.ts	present	bindings/python/python/maxt/adapters.py	present	bindings/dart/lib/src/generated_provider_methods.dart	present	bindings/typescript/src/generated/api.ts	Fixture	open_orders	needs_evidence	continue_audit	The existing implementation scope is retained, but operation-level semantic audit evidence is incomplete.
Hyperliquid	Info endpoint	Http	POST	/info type=historicalOrders	historicalOrders	documented_active	provider_typed	general_adapter_or_provider	not_applicable	info.historical_orders	connected	bindings/common/src/coverage.rs::OPERATIONS	Implemented	present	src/adapters/hyperliquid/mod.rs:407	present	bindings/common/src/schema.rs::binding_schema	present	bindings/python/python/maxt/_generated_contract.py;bindings/dart/lib/src/generated_contract.dart;bindings/typescript/src/generated/contract.ts	present	bindings/python/python/maxt/adapters.py	present	bindings/dart/lib/src/generated_provider_methods.dart	present	bindings/typescript/src/generated/api.ts	Fixture	historical_orders	verified	none	Audited Rust contract, public bindings, and verification evidence are present.
Hyperliquid	Info endpoint	Http	POST	/info type=l2Book	l2Book	documented_active	common_and_provider	general_adapter_or_provider	not_applicable	info.l2_book	connected	bindings/common/src/coverage.rs::OPERATIONS	Implemented	present	src/adapter.rs:56;src/adapters/hyperliquid/mod.rs:467	present	bindings/common/src/schema.rs::binding_schema	present	bindings/python/python/maxt/_generated_contract.py;bindings/dart/lib/src/generated_contract.dart;bindings/typescript/src/generated/contract.ts	present	bindings/python/python/maxt/adapters.py	present	bindings/dart/lib/src/generated_provider_methods.dart	present	bindings/typescript/src/generated/api.ts	LiveRead	l2_book;order_book	verified	none	Audited provider L2 book levels preserve order counts and raw provider fields.
Hyperliquid	Info endpoint	Http	POST	/info type=maxBuilderFee	maxBuilderFee	documented_active	provider_typed	general_adapter_or_provider	not_applicable		not_connected		Unlinked	unreviewed		unreviewed		unreviewed		unreviewed		unreviewed		unreviewed				needs_evidence	continue_audit	Audited against the current repository; this active provider-typed operation has no connected Rust bridge or typed provider surface in this release.
Hyperliquid	Info endpoint	Http	POST	/info type=openOrders	openOrders	documented_active	provider_typed	general_adapter_or_provider	not_applicable	info.open_orders	connected	bindings/common/src/coverage.rs::OPERATIONS	Implemented	present	src/adapters/hyperliquid/mod.rs:370	present	bindings/common/src/schema.rs::binding_schema	present	bindings/python/python/maxt/_generated_contract.py;bindings/dart/lib/src/generated_contract.dart;bindings/typescript/src/generated/contract.ts	present	bindings/python/python/maxt/adapters.py	present	bindings/dart/lib/src/generated_provider_methods.dart	present	bindings/typescript/src/generated/api.ts	Fixture	basic_open_orders	verified	none	Audited Rust contract, public bindings, and verification evidence are present.
Hyperliquid	Info endpoint	Http	POST	/info type=orderStatus	orderStatus	documented_active	provider_typed	general_adapter_or_provider	not_applicable	info.order_status	connected	bindings/common/src/coverage.rs::OPERATIONS	Implemented	present	src/adapters/hyperliquid/mod.rs:387	present	bindings/common/src/schema.rs::binding_schema	present	bindings/python/python/maxt/_generated_contract.py;bindings/dart/lib/src/generated_contract.dart;bindings/typescript/src/generated/contract.ts	present	bindings/python/python/maxt/adapters.py	present	bindings/dart/lib/src/generated_provider_methods.dart	present	bindings/typescript/src/generated/api.ts	Fixture	order_status	verified	none	Audited Rust contract, public bindings, and verification evidence are present.
Hyperliquid	Info endpoint	Http	POST	/info type=portfolio	portfolio	documented_active	provider_typed	general_adapter_or_provider	not_applicable	info.portfolio	connected	bindings/common/src/coverage.rs::OPERATIONS	Implemented	present	src/adapters/hyperliquid/mod.rs:292	present	bindings/common/src/schema.rs::binding_schema	present	bindings/python/python/maxt/_generated_contract.py;bindings/dart/lib/src/generated_contract.dart;bindings/typescript/src/generated/contract.ts	present	bindings/python/python/maxt/adapters.py	present	bindings/dart/lib/src/generated_provider_methods.dart	present	bindings/typescript/src/generated/api.ts	Fixture	portfolio	verified	none	Audited Rust contract, public bindings, and verification evidence are present.
Hyperliquid	Info endpoint	Http	POST	/info type=referral	referral	documented_active	provider_typed	general_adapter_or_provider	not_applicable	info.referral	connected	bindings/common/src/coverage.rs::OPERATIONS	Implemented	present	src/adapters/hyperliquid/mod.rs:273	present	bindings/common/src/schema.rs::binding_schema	present	bindings/python/python/maxt/_generated_contract.py;bindings/dart/lib/src/generated_contract.dart;bindings/typescript/src/generated/contract.ts	present	bindings/python/python/maxt/adapters.py	present	bindings/dart/lib/src/generated_provider_methods.dart	present	bindings/typescript/src/generated/api.ts	Fixture	referral	verified	none	Audited Rust contract, public bindings, and verification evidence are present.
Hyperliquid	Info endpoint	Http	POST	/info type=subAccounts	subAccounts	documented_active	provider_typed	general_adapter_or_provider	not_applicable	info.sub_accounts	connected	bindings/common/src/coverage.rs::OPERATIONS	Implemented	present	src/adapters/hyperliquid/mod.rs:303	present	bindings/common/src/schema.rs::binding_schema	present	bindings/python/python/maxt/_generated_contract.py;bindings/dart/lib/src/generated_contract.dart;bindings/typescript/src/generated/contract.ts	present	bindings/python/python/maxt/adapters.py	present	bindings/dart/lib/src/generated_provider_methods.dart	present	bindings/typescript/src/generated/api.ts	Fixture	sub_accounts	verified	none	Audited Rust contract, public bindings, and verification evidence are present.
Hyperliquid	Info endpoint	Http	POST	/info type=userAbstraction	userAbstraction	documented_active	provider_typed	general_adapter_or_provider	not_applicable		not_connected		Unlinked	unreviewed		unreviewed		unreviewed		unreviewed		unreviewed		unreviewed				needs_evidence	continue_audit	Audited against the current repository; this active provider-typed operation has no connected Rust bridge or typed provider surface in this release.
Hyperliquid	Info endpoint	Http	POST	/info type=userDexAbstraction	userDexAbstraction	documented_active	provider_typed	general_adapter_or_provider	not_applicable		not_connected		Unlinked	unreviewed		unreviewed		unreviewed		unreviewed		unreviewed		unreviewed				needs_evidence	continue_audit	Audited against the current repository; this active provider-typed operation has no connected Rust bridge or typed provider surface in this release.
Hyperliquid	Info endpoint	Http	POST	/info type=userFees	userFees	documented_active	provider_typed	general_adapter_or_provider	not_applicable	info.user_fees	connected	bindings/common/src/coverage.rs::OPERATIONS	Implemented	present	src/adapters/hyperliquid/mod.rs:284	present	bindings/common/src/schema.rs::binding_schema	present	bindings/python/python/maxt/_generated_contract.py;bindings/dart/lib/src/generated_contract.dart;bindings/typescript/src/generated/contract.ts	present	bindings/python/python/maxt/adapters.py	present	bindings/dart/lib/src/generated_provider_methods.dart	present	bindings/typescript/src/generated/api.ts	Fixture	user_fees	verified	none	Audited Rust contract, public bindings, and verification evidence are present.
Hyperliquid	Info endpoint	Http	POST	/info type=userFills	userFills	documented_active	provider_typed	general_adapter_or_provider	not_applicable	info.user_fills	connected	bindings/common/src/coverage.rs::OPERATIONS	Implemented	present	src/adapters/hyperliquid/mod.rs:330	present	bindings/common/src/schema.rs::binding_schema	present	bindings/python/python/maxt/_generated_contract.py;bindings/dart/lib/src/generated_contract.dart;bindings/typescript/src/generated/contract.ts	present	bindings/python/python/maxt/adapters.py	present	bindings/dart/lib/src/generated_provider_methods.dart	present	bindings/typescript/src/generated/api.ts	Fixture	user_fills	verified	none	Audited Rust contract, public bindings, and verification evidence are present.
Hyperliquid	Info endpoint	Http	POST	/info type=userFillsByTime	userFillsByTime	documented_active	provider_typed	general_adapter_or_provider	not_applicable	info.user_fills_by_time	connected	bindings/common/src/coverage.rs::OPERATIONS	Implemented	present	src/adapters/hyperliquid/mod.rs:348	present	bindings/common/src/schema.rs::binding_schema	present	bindings/python/python/maxt/_generated_contract.py;bindings/dart/lib/src/generated_contract.dart;bindings/typescript/src/generated/contract.ts	present	bindings/python/python/maxt/adapters.py	present	bindings/dart/lib/src/generated_provider_methods.dart	present	bindings/typescript/src/generated/api.ts	Fixture	user_fills_by_time	verified	none	Audited Rust contract, public bindings, and verification evidence are present.
Hyperliquid	Info endpoint	Http	POST	/info type=userRateLimit	userRateLimit	documented_active	provider_typed	general_adapter_or_provider	not_applicable	info.user_rate_limit	connected	bindings/common/src/coverage.rs::OPERATIONS	Implemented	present	src/adapters/hyperliquid/mod.rs:250	present	bindings/common/src/schema.rs::binding_schema	present	bindings/python/python/maxt/_generated_contract.py;bindings/dart/lib/src/generated_contract.dart;bindings/typescript/src/generated/contract.ts	present	bindings/python/python/maxt/adapters.py	present	bindings/dart/lib/src/generated_provider_methods.dart	present	bindings/typescript/src/generated/api.ts	Fixture	user_rate_limit	verified	none	Audited Rust contract, public bindings, and verification evidence are present.
Hyperliquid	Info endpoint	Http	POST	/info type=userRole	userRole	documented_active	provider_typed	general_adapter_or_provider	not_applicable	info.user_role	connected	bindings/common/src/coverage.rs::OPERATIONS	Implemented	present	src/adapters/hyperliquid/mod.rs:262	present	bindings/common/src/schema.rs::binding_schema	present	bindings/python/python/maxt/_generated_contract.py;bindings/dart/lib/src/generated_contract.dart;bindings/typescript/src/generated/contract.ts	present	bindings/python/python/maxt/adapters.py	present	bindings/dart/lib/src/generated_provider_methods.dart	present	bindings/typescript/src/generated/api.ts	Fixture	user_role	verified	none	Audited Rust contract, public bindings, and verification evidence are present.
Hyperliquid	Info endpoint	Http	POST	/info type=userTwapSliceFills	userTwapSliceFills	documented_active	provider_typed	general_adapter_or_provider	not_applicable		not_connected		Unlinked	unreviewed		unreviewed		unreviewed		unreviewed		unreviewed		unreviewed				needs_evidence	continue_audit	Audited against the current repository; this active provider-typed operation has no connected Rust bridge or typed provider surface in this release.
Hyperliquid	Info endpoint	Http	POST	/info type=userVaultEquities	userVaultEquities	documented_active	provider_typed	general_adapter_or_provider	not_applicable	info.user_vault_equities	connected	bindings/common/src/coverage.rs::OPERATIONS	Implemented	present	src/adapters/hyperliquid/mod.rs:311	present	bindings/common/src/schema.rs::binding_schema	present	bindings/python/python/maxt/_generated_contract.py;bindings/dart/lib/src/generated_contract.dart;bindings/typescript/src/generated/contract.ts	present	bindings/python/python/maxt/adapters.py	present	bindings/dart/lib/src/generated_provider_methods.dart	present	bindings/typescript/src/generated/api.ts	Fixture	user_vault_equities	verified	none	Audited Rust contract, public bindings, and verification evidence are present.
Hyperliquid	Info endpoint	Http	POST	/info type=vaultDetails	vaultDetails	documented_active	provider_typed	general_adapter_or_provider	not_applicable		not_connected		Unlinked	unreviewed		unreviewed		unreviewed		unreviewed		unreviewed		unreviewed				needs_evidence	continue_audit	Audited against the current repository; this active provider-typed operation has no connected Rust bridge or typed provider surface in this release.
Hyperliquid	Info rate limits	Http	POST	/info type=recentTrades	recentTrades	documented_active	common_and_provider	general_adapter_or_provider	not_applicable	info.recent_trades	connected	bindings/common/src/coverage.rs::OPERATIONS	Implemented	present	src/adapter.rs:50;src/adapters/hyperliquid/mod.rs:476	present	bindings/common/src/schema.rs::binding_schema	present	bindings/python/python/maxt/_generated_contract.py;bindings/dart/lib/src/generated_contract.dart;bindings/typescript/src/generated/contract.ts	present	bindings/python/python/maxt/adapters.py	present	bindings/dart/lib/src/generated_provider_methods.dart	present	bindings/typescript/src/generated/api.ts	LiveRead	recent_trades;trades	verified	none	Audited provider recent trades preserve hash, users, and raw provider fields.
Hyperliquid	Perpetuals info	Http	POST	/info type=activeAssetData	activeAssetData	documented_active	provider_typed	general_adapter_or_provider	not_applicable		not_connected		Unlinked	unreviewed		unreviewed		unreviewed		unreviewed		unreviewed		unreviewed				needs_evidence	continue_audit	Audited against the current repository; this active provider-typed operation has no connected Rust bridge or typed provider surface in this release.
Hyperliquid	Perpetuals info	Http	POST	/info type=allPerpMetas	allPerpMetas	documented_active	provider_typed	general_adapter_or_provider	not_applicable		not_connected		Unlinked	unreviewed		unreviewed		unreviewed		unreviewed		unreviewed		unreviewed				needs_design	service_or_contract_decision	Requires a Hyperliquid protocol-specific service boundary.
Hyperliquid	Perpetuals info	Http	POST	/info type=clearinghouseState	clearinghouseState	documented_active	common_existing	general_adapter_or_provider	not_applicable	info.clearinghouse_state	connected	bindings/common/src/coverage.rs::OPERATIONS	Partial	present	src/adapter.rs:275;src/adapter.rs:281	present	bindings/common/src/schema.rs::binding_schema	present	bindings/python/python/maxt/_generated_contract.py;bindings/dart/lib/src/generated_contract.dart;bindings/typescript/src/generated/contract.ts	present	bindings/python/python/maxt/adapters.py	present	bindings/dart/lib/src/generated_provider_methods.dart	present	bindings/typescript/src/generated/api.ts	Fixture	margin_summary;positions	needs_evidence	continue_audit	The existing implementation scope is retained, but operation-level semantic audit evidence is incomplete.
Hyperliquid	Perpetuals info	Http	POST	/info type=fundingHistory	fundingHistory	documented_active	common_and_provider	general_adapter_or_provider	not_applicable	info.funding_history	connected	bindings/common/src/coverage.rs::OPERATIONS	Implemented	present	src/adapter.rs:286;src/adapters/hyperliquid/mod.rs:486	present	bindings/common/src/schema.rs::binding_schema	present	bindings/python/python/maxt/_generated_contract.py;bindings/dart/lib/src/generated_contract.dart;bindings/typescript/src/generated/contract.ts	present	bindings/python/python/maxt/adapters.py	present	bindings/dart/lib/src/generated_provider_methods.dart	present	bindings/typescript/src/generated/api.ts	LiveRead	funding_history;funding_rates	verified	none	Audited provider funding history preserves premium and raw provider fields.
Hyperliquid	Perpetuals info	Http	POST	/info type=meta	meta	documented_active	common_existing	general_adapter_or_provider	not_applicable	info.meta	connected	bindings/common/src/coverage.rs::OPERATIONS	Partial	present	src/adapter.rs:44	present	bindings/common/src/schema.rs::binding_schema	present	bindings/python/python/maxt/_generated_contract.py;bindings/dart/lib/src/generated_contract.dart;bindings/typescript/src/generated/contract.ts	present	bindings/python/python/maxt/adapters.py	present	bindings/dart/lib/src/generated_provider_methods.dart	present	bindings/typescript/src/generated/api.ts	LiveRead	markets	needs_evidence	continue_audit	The existing implementation scope is retained, but operation-level semantic audit evidence is incomplete.
Hyperliquid	Perpetuals info	Http	POST	/info type=metaAndAssetCtxs	metaAndAssetCtxs	documented_active	common_and_provider	general_adapter_or_provider	not_applicable	info.meta_and_asset_contexts	connected	bindings/common/src/coverage.rs::OPERATIONS	Partial	present	src/adapter.rs:62;src/adapters/hyperliquid/mod.rs:426	present	bindings/common/src/schema.rs::binding_schema	present	bindings/python/python/maxt/_generated_contract.py;bindings/dart/lib/src/generated_contract.dart;bindings/typescript/src/generated/contract.ts	present	bindings/python/python/maxt/adapters.py	present	bindings/dart/lib/src/generated_provider_methods.dart	present	bindings/typescript/src/generated/api.ts	LiveRead	asset_context;ticker	needs_evidence	continue_audit	The existing implementation scope is retained, but operation-level semantic audit evidence is incomplete.
Hyperliquid	Perpetuals info	Http	POST	/info type=perpAnnotation	perpAnnotation	documented_active	provider_typed	general_adapter_or_provider	not_applicable		not_connected		Unlinked	unreviewed		unreviewed		unreviewed		unreviewed		unreviewed		unreviewed				needs_evidence	continue_audit	Audited against the current repository; this active provider-typed operation has no connected Rust bridge or typed provider surface in this release.
Hyperliquid	Perpetuals info	Http	POST	/info type=perpCategories	perpCategories	documented_active	provider_typed	general_adapter_or_provider	not_applicable		not_connected		Unlinked	unreviewed		unreviewed		unreviewed		unreviewed		unreviewed		unreviewed				needs_evidence	continue_audit	Audited against the current repository; this active provider-typed operation has no connected Rust bridge or typed provider surface in this release.
Hyperliquid	Perpetuals info	Http	POST	/info type=perpConciseAnnotations	perpConciseAnnotations	documented_active	provider_typed	general_adapter_or_provider	not_applicable		not_connected		Unlinked	unreviewed		unreviewed		unreviewed		unreviewed		unreviewed		unreviewed				needs_evidence	continue_audit	Audited against the current repository; this active provider-typed operation has no connected Rust bridge or typed provider surface in this release.
Hyperliquid	Perpetuals info	Http	POST	/info type=perpDeployAuctionStatus	perpDeployAuctionStatus	documented_active	provider_typed	general_adapter_or_provider	not_applicable		not_connected		Unlinked	unreviewed		unreviewed		unreviewed		unreviewed		unreviewed		unreviewed				needs_design	service_or_contract_decision	Requires a Hyperliquid protocol-specific service boundary.
Hyperliquid	Perpetuals info	Http	POST	/info type=perpDexLimits	perpDexLimits	documented_active	provider_typed	general_adapter_or_provider	not_applicable		not_connected		Unlinked	unreviewed		unreviewed		unreviewed		unreviewed		unreviewed		unreviewed				needs_design	service_or_contract_decision	Requires a Hyperliquid protocol-specific service boundary.
Hyperliquid	Perpetuals info	Http	POST	/info type=perpDexStatus	perpDexStatus	documented_active	provider_typed	general_adapter_or_provider	not_applicable		not_connected		Unlinked	unreviewed		unreviewed		unreviewed		unreviewed		unreviewed		unreviewed				needs_design	service_or_contract_decision	Requires a Hyperliquid protocol-specific service boundary.
Hyperliquid	Perpetuals info	Http	POST	/info type=perpDexs	perpDexs	documented_active	provider_typed	general_adapter_or_provider	not_applicable		not_connected		Unlinked	unreviewed		unreviewed		unreviewed		unreviewed		unreviewed		unreviewed				needs_design	service_or_contract_decision	Requires a Hyperliquid protocol-specific service boundary.
Hyperliquid	Perpetuals info	Http	POST	/info type=perpsAtOpenInterestCap	perpsAtOpenInterestCap	documented_active	provider_typed	general_adapter_or_provider	not_applicable		not_connected		Unlinked	unreviewed		unreviewed		unreviewed		unreviewed		unreviewed		unreviewed				needs_design	service_or_contract_decision	Requires a Hyperliquid protocol-specific service boundary.
Hyperliquid	Perpetuals info	Http	POST	/info type=predictedFundings	predictedFundings	documented_active	provider_typed	general_adapter_or_provider	not_applicable		not_connected		Unlinked	unreviewed		unreviewed		unreviewed		unreviewed		unreviewed		unreviewed				needs_evidence	continue_audit	Audited against the current repository; this active provider-typed operation has no connected Rust bridge or typed provider surface in this release.
Hyperliquid	Perpetuals info	Http	POST	/info type=userFunding	userFunding	documented_active	common_and_provider	general_adapter_or_provider	not_applicable	info.user_funding	connected	bindings/common/src/coverage.rs::OPERATIONS	Implemented	present	src/adapter.rs:292;src/adapters/hyperliquid/mod.rs:507	present	bindings/common/src/schema.rs::binding_schema	present	bindings/python/python/maxt/_generated_contract.py;bindings/dart/lib/src/generated_contract.dart;bindings/typescript/src/generated/contract.ts	present	bindings/python/python/maxt/adapters.py	present	bindings/dart/lib/src/generated_provider_methods.dart	present	bindings/typescript/src/generated/api.ts	Fixture	funding_payments;user_funding	verified	none	Audited provider funding entries preserve position size, sample count, and raw provider fields.
Hyperliquid	Perpetuals info	Http	POST	/info type=userNonFundingLedgerUpdates	userNonFundingLedgerUpdates	documented_active	common_existing	general_adapter_or_provider	not_applicable	info.user_non_funding_ledger_updates	connected	bindings/common/src/coverage.rs::OPERATIONS	Implemented	present	src/adapter.rs:190;src/adapter.rs:196	present	bindings/common/src/schema.rs::binding_schema	present	bindings/python/python/maxt/_generated_contract.py;bindings/dart/lib/src/generated_contract.dart;bindings/typescript/src/generated/contract.ts	present	bindings/python/python/maxt/adapters.py	present	bindings/dart/lib/src/generated_provider_methods.dart	present	bindings/typescript/src/generated/api.ts	Fixture	deposits;withdrawals	verified	none	Audited Rust contract, public bindings, and verification evidence are present.
Hyperliquid	Spot info	Http	POST	/info type=outcomeMeta	outcomeMeta	documented_active	provider_typed	general_adapter_or_provider	not_applicable		not_connected		Unlinked	unreviewed		unreviewed		unreviewed		unreviewed		unreviewed		unreviewed				needs_design	service_or_contract_decision	Requires a Hyperliquid protocol-specific service boundary.
Hyperliquid	Spot info	Http	POST	/info type=settledOutcome	settledOutcome	documented_active	provider_typed	general_adapter_or_provider	not_applicable		not_connected		Unlinked	unreviewed		unreviewed		unreviewed		unreviewed		unreviewed		unreviewed				needs_design	service_or_contract_decision	Requires a Hyperliquid protocol-specific service boundary.
Hyperliquid	Spot info	Http	POST	/info type=spotClearinghouseState	spotClearinghouseState	documented_active	common_and_provider	general_adapter_or_provider	not_applicable	info.spot_clearinghouse_state	connected	bindings/common/src/coverage.rs::OPERATIONS	Implemented	present	src/adapter.rs:110;src/adapters/hyperliquid/mod.rs:525	present	bindings/common/src/schema.rs::binding_schema	present	bindings/python/python/maxt/_generated_contract.py;bindings/dart/lib/src/generated_contract.dart;bindings/typescript/src/generated/contract.ts	present	bindings/python/python/maxt/adapters.py	present	bindings/dart/lib/src/generated_provider_methods.dart	present	bindings/typescript/src/generated/api.ts	Fixture	balances;spot_clearinghouse_state	verified	none	Audited provider spot balances preserve entry notional and raw provider fields.
Hyperliquid	Spot info	Http	POST	/info type=spotDeployState	spotDeployState	documented_active	provider_typed	general_adapter_or_provider	not_applicable		not_connected		Unlinked	unreviewed		unreviewed		unreviewed		unreviewed		unreviewed		unreviewed				needs_evidence	continue_audit	Audited against the current repository; this active provider-typed operation has no connected Rust bridge or typed provider surface in this release.
Hyperliquid	Spot info	Http	POST	/info type=spotMeta	spotMeta	documented_active	common_and_provider	general_adapter_or_provider	not_applicable	info.spot_meta	connected	bindings/common/src/coverage.rs::OPERATIONS	Implemented	present	src/adapter.rs:44;src/adapters/hyperliquid/mod.rs:533	present	bindings/common/src/schema.rs::binding_schema	present	bindings/python/python/maxt/_generated_contract.py;bindings/dart/lib/src/generated_contract.dart;bindings/typescript/src/generated/contract.ts	present	bindings/python/python/maxt/adapters.py	present	bindings/dart/lib/src/generated_provider_methods.dart	present	bindings/typescript/src/generated/api.ts	LiveRead	markets;spot_meta	verified	none	Audited provider spot metadata preserves token, pair, and raw provider fields.
Hyperliquid	Spot info	Http	POST	/info type=spotMetaAndAssetCtxs	spotMetaAndAssetCtxs	documented_active	common_and_provider	general_adapter_or_provider	not_applicable	info.spot_meta_and_asset_contexts	connected	bindings/common/src/coverage.rs::OPERATIONS	Implemented	present	src/adapter.rs:62;src/adapters/hyperliquid/mod.rs:540	present	bindings/common/src/schema.rs::binding_schema	present	bindings/python/python/maxt/_generated_contract.py;bindings/dart/lib/src/generated_contract.dart;bindings/typescript/src/generated/contract.ts	present	bindings/python/python/maxt/adapters.py	present	bindings/dart/lib/src/generated_provider_methods.dart	present	bindings/typescript/src/generated/api.ts	LiveRead	spot_meta_and_asset_contexts;ticker	verified	none	Audited provider spot contexts preserve supply and raw provider fields.
Hyperliquid	Spot info	Http	POST	/info type=spotPairDeployAuctionStatus	spotPairDeployAuctionStatus	documented_active	provider_typed	general_adapter_or_provider	not_applicable		not_connected		Unlinked	unreviewed		unreviewed		unreviewed		unreviewed		unreviewed		unreviewed				needs_evidence	continue_audit	Audited against the current repository; this active provider-typed operation has no connected Rust bridge or typed provider surface in this release.
Hyperliquid	Spot info	Http	POST	/info type=tokenDetails	tokenDetails	documented_active	provider_typed	general_adapter_or_provider	not_applicable		not_connected		Unlinked	unreviewed		unreviewed		unreviewed		unreviewed		unreviewed		unreviewed				needs_evidence	continue_audit	Audited against the current repository; this active provider-typed operation has no connected Rust bridge or typed provider surface in this release.
Hyperliquid	WebSocket control	WebSocket	ping	method=ping	ping	documented_active	provider_typed	general_adapter_or_provider	not_applicable		not_connected		Unlinked	unreviewed		unreviewed		unreviewed		unreviewed		unreviewed		unreviewed				needs_design	service_or_contract_decision	WebSocket control is internal lifecycle behavior, not a public Adapter operation.
Hyperliquid	WebSocket control	WebSocket	subscribe	method=subscribe subscription=<type>	subscribe	documented_active	provider_typed	general_adapter_or_provider	not_applicable		not_connected		Unlinked	unreviewed		unreviewed		unreviewed		unreviewed		unreviewed		unreviewed				needs_design	service_or_contract_decision	WebSocket control is internal lifecycle behavior, not a public Adapter operation.
Hyperliquid	WebSocket control	WebSocket	unsubscribe	method=unsubscribe subscription=<type>	unsubscribe	documented_active	provider_typed	general_adapter_or_provider	not_applicable		not_connected		Unlinked	unreviewed		unreviewed		unreviewed		unreviewed		unreviewed		unreviewed				needs_design	service_or_contract_decision	WebSocket control is internal lifecycle behavior, not a public Adapter operation.
Hyperliquid	WebSocket subscriptions	WebSocket	subscribe	method=subscribe subscription.type=activeAssetCtx	activeAssetCtx	documented_active	common_existing	general_adapter_or_provider	not_applicable	subscriptions.active_asset_context	connected	bindings/common/src/coverage.rs::OPERATIONS	Implemented	present	src/adapter.rs:78	present	bindings/common/src/schema.rs::binding_schema	present	bindings/python/python/maxt/_generated_contract.py;bindings/dart/lib/src/generated_contract.dart;bindings/typescript/src/generated/contract.ts	present	bindings/python/python/maxt/adapters.py	present	bindings/dart/lib/src/generated_provider_methods.dart	present	bindings/typescript/src/generated/api.ts	LiveRead	subscribe	gap_found	needs_approval	The common market event does not preserve the provider-specific asset-context fields.
Hyperliquid	WebSocket subscriptions	WebSocket	subscribe	method=subscribe subscription.type=activeAssetData	activeAssetData	documented_active	provider_typed	general_adapter_or_provider	not_applicable		not_connected		Unlinked	unreviewed		unreviewed		unreviewed		unreviewed		unreviewed		unreviewed				needs_design	service_or_contract_decision	Requires a market stream contract beyond the current MarketEvent boundary.
Hyperliquid	WebSocket subscriptions	WebSocket	subscribe	method=subscribe subscription.type=allDexsAssetCtxs	allDexsAssetCtxs	documented_active	provider_typed	general_adapter_or_provider	not_applicable		not_connected		Unlinked	unreviewed		unreviewed		unreviewed		unreviewed		unreviewed		unreviewed				needs_design	service_or_contract_decision	Requires a market stream contract beyond the current MarketEvent boundary.
Hyperliquid	WebSocket subscriptions	WebSocket	subscribe	method=subscribe subscription.type=allDexsClearinghouseState	allDexsClearinghouseState	documented_active	provider_typed	general_adapter_or_provider	not_applicable		not_connected		Unlinked	unreviewed		unreviewed		unreviewed		unreviewed		unreviewed		unreviewed				needs_design	service_or_contract_decision	Requires an account stream contract beyond the current AccountEvent boundary.
Hyperliquid	WebSocket subscriptions	WebSocket	subscribe	method=subscribe subscription.type=allMids	allMids	documented_active	provider_typed	general_adapter_or_provider	not_applicable		not_connected		Unlinked	unreviewed		unreviewed		unreviewed		unreviewed		unreviewed		unreviewed				needs_design	service_or_contract_decision	Requires a market stream contract beyond the current MarketEvent boundary.
Hyperliquid	WebSocket subscriptions	WebSocket	subscribe	method=subscribe subscription.type=bbo	bbo	documented_active	provider_typed	general_adapter_or_provider	not_applicable		not_connected		Unlinked	unreviewed		unreviewed		unreviewed		unreviewed		unreviewed		unreviewed				needs_design	service_or_contract_decision	Requires a market stream contract beyond the current MarketEvent boundary.
Hyperliquid	WebSocket subscriptions	WebSocket	subscribe	method=subscribe subscription.type=candle	candle	documented_active	common_existing	general_adapter_or_provider	not_applicable	subscriptions.candle	connected	bindings/common/src/coverage.rs::OPERATIONS	Implemented	present	src/adapter.rs:78	present	bindings/common/src/schema.rs::binding_schema	present	bindings/python/python/maxt/_generated_contract.py;bindings/dart/lib/src/generated_contract.dart;bindings/typescript/src/generated/contract.ts	present	bindings/python/python/maxt/adapters.py	present	bindings/dart/lib/src/generated_provider_methods.dart	present	bindings/typescript/src/generated/api.ts	LiveRead	subscribe	gap_found	needs_approval	The common candle event does not preserve the official trade-count field.
Hyperliquid	WebSocket subscriptions	WebSocket	subscribe	method=subscribe subscription.type=clearinghouseState	clearinghouseState	documented_active	provider_typed	general_adapter_or_provider	not_applicable		not_connected		Unlinked	unreviewed		unreviewed		unreviewed		unreviewed		unreviewed		unreviewed				needs_design	service_or_contract_decision	Requires an account stream contract beyond the current AccountEvent boundary.
Hyperliquid	WebSocket subscriptions	WebSocket	subscribe	method=subscribe subscription.type=fastAssetCtxs	fastAssetCtxs	documented_active	provider_typed	general_adapter_or_provider	not_applicable		not_connected		Unlinked	unreviewed		unreviewed		unreviewed		unreviewed		unreviewed		unreviewed				needs_design	service_or_contract_decision	Requires a market stream contract beyond the current MarketEvent boundary.
Hyperliquid	WebSocket subscriptions	WebSocket	subscribe	method=subscribe subscription.type=l2Book	l2Book	documented_active	common_existing	general_adapter_or_provider	not_applicable	subscriptions.l2_book	connected	bindings/common/src/coverage.rs::OPERATIONS	Implemented	present	src/adapter.rs:78	present	bindings/common/src/schema.rs::binding_schema	present	bindings/python/python/maxt/_generated_contract.py;bindings/dart/lib/src/generated_contract.dart;bindings/typescript/src/generated/contract.ts	present	bindings/python/python/maxt/adapters.py	present	bindings/dart/lib/src/generated_provider_methods.dart	present	bindings/typescript/src/generated/api.ts	LiveRead	subscribe	gap_found	needs_approval	The common order-book event does not preserve the official per-level order-count field.
Hyperliquid	WebSocket subscriptions	WebSocket	subscribe	method=subscribe subscription.type=notification	notification	documented_active	provider_typed	general_adapter_or_provider	not_applicable		not_connected		Unlinked	unreviewed		unreviewed		unreviewed		unreviewed		unreviewed		unreviewed				needs_design	service_or_contract_decision	Requires an account stream contract beyond the current AccountEvent boundary.
Hyperliquid	WebSocket subscriptions	WebSocket	subscribe	method=subscribe subscription.type=openOrders	openOrders	documented_active	provider_typed	general_adapter_or_provider	not_applicable		not_connected		Unlinked	unreviewed		unreviewed		unreviewed		unreviewed		unreviewed		unreviewed				needs_design	service_or_contract_decision	Requires an account stream contract beyond the current AccountEvent boundary.
Hyperliquid	WebSocket subscriptions	WebSocket	subscribe	method=subscribe subscription.type=orderUpdates	orderUpdates	documented_active	common_existing	general_adapter_or_provider	not_applicable	subscriptions.order_updates	connected	bindings/common/src/coverage.rs::OPERATIONS	Implemented	present	src/adapter.rs:238	present	bindings/common/src/schema.rs::binding_schema	present	bindings/python/python/maxt/_generated_contract.py;bindings/dart/lib/src/generated_contract.dart;bindings/typescript/src/generated/contract.ts	present	bindings/python/python/maxt/adapters.py	present	bindings/dart/lib/src/generated_provider_methods.dart	present	bindings/typescript/src/generated/api.ts	Fixture	subscribe_account	gap_found	needs_approval	The common account event does not preserve detailed official order status fields.
Hyperliquid	WebSocket subscriptions	WebSocket	subscribe	method=subscribe subscription.type=outcomeMetaUpdates	outcomeMetaUpdates	documented_active	provider_typed	general_adapter_or_provider	not_applicable		not_connected		Unlinked	unreviewed		unreviewed		unreviewed		unreviewed		unreviewed		unreviewed				needs_design	service_or_contract_decision	Requires a market stream contract beyond the current MarketEvent boundary.
Hyperliquid	WebSocket subscriptions	WebSocket	subscribe	method=subscribe subscription.type=spotState	spotState	documented_active	common_existing	general_adapter_or_provider	not_applicable	subscriptions.spot_state	connected	bindings/common/src/coverage.rs::OPERATIONS	Implemented	present	src/adapter.rs:238	present	bindings/common/src/schema.rs::binding_schema	present	bindings/python/python/maxt/_generated_contract.py;bindings/dart/lib/src/generated_contract.dart;bindings/typescript/src/generated/contract.ts	present	bindings/python/python/maxt/adapters.py	present	bindings/dart/lib/src/generated_provider_methods.dart	present	bindings/typescript/src/generated/api.ts	Fixture	subscribe_account	gap_found	needs_approval	The common account event does not preserve the official spot entryNtl field.
Hyperliquid	WebSocket subscriptions	WebSocket	subscribe	method=subscribe subscription.type=trades	trades	documented_active	common_existing	general_adapter_or_provider	not_applicable	subscriptions.trades	connected	bindings/common/src/coverage.rs::OPERATIONS	Implemented	present	src/adapter.rs:78	present	bindings/common/src/schema.rs::binding_schema	present	bindings/python/python/maxt/_generated_contract.py;bindings/dart/lib/src/generated_contract.dart;bindings/typescript/src/generated/contract.ts	present	bindings/python/python/maxt/adapters.py	present	bindings/dart/lib/src/generated_provider_methods.dart	present	bindings/typescript/src/generated/api.ts	LiveRead	subscribe	gap_found	needs_approval	The common trade event does not preserve official hash and user fields.
Hyperliquid	WebSocket subscriptions	WebSocket	subscribe	method=subscribe subscription.type=twapStates	twapStates	documented_active	provider_typed	general_adapter_or_provider	not_applicable		not_connected		Unlinked	unreviewed		unreviewed		unreviewed		unreviewed		unreviewed		unreviewed				needs_design	service_or_contract_decision	Requires an account stream contract beyond the current AccountEvent boundary.
Hyperliquid	WebSocket subscriptions	WebSocket	subscribe	method=subscribe subscription.type=userEvents	userEvents	documented_active	provider_typed	general_adapter_or_provider	not_applicable		not_connected		Unlinked	unreviewed		unreviewed		unreviewed		unreviewed		unreviewed		unreviewed				needs_design	service_or_contract_decision	Requires an account stream contract beyond the current AccountEvent boundary.
Hyperliquid	WebSocket subscriptions	WebSocket	subscribe	method=subscribe subscription.type=userFills	userFills	documented_active	provider_typed	general_adapter_or_provider	not_applicable		not_connected		Unlinked	unreviewed		unreviewed		unreviewed		unreviewed		unreviewed		unreviewed				needs_design	service_or_contract_decision	Requires an account stream contract beyond the current AccountEvent boundary.
Hyperliquid	WebSocket subscriptions	WebSocket	subscribe	method=subscribe subscription.type=userFundings	userFundings	documented_active	provider_typed	general_adapter_or_provider	not_applicable		not_connected		Unlinked	unreviewed		unreviewed		unreviewed		unreviewed		unreviewed		unreviewed				needs_design	service_or_contract_decision	Requires an account stream contract beyond the current AccountEvent boundary.
Hyperliquid	WebSocket subscriptions	WebSocket	subscribe	method=subscribe subscription.type=userNonFundingLedgerUpdates	userNonFundingLedgerUpdates	documented_active	provider_typed	general_adapter_or_provider	not_applicable		not_connected		Unlinked	unreviewed		unreviewed		unreviewed		unreviewed		unreviewed		unreviewed				needs_design	service_or_contract_decision	Requires an account stream contract beyond the current AccountEvent boundary.
Hyperliquid	WebSocket subscriptions	WebSocket	subscribe	method=subscribe subscription.type=userTwapHistory	userTwapHistory	documented_active	provider_typed	general_adapter_or_provider	not_applicable		not_connected		Unlinked	unreviewed		unreviewed		unreviewed		unreviewed		unreviewed		unreviewed				needs_design	service_or_contract_decision	Requires an account stream contract beyond the current AccountEvent boundary.
Hyperliquid	WebSocket subscriptions	WebSocket	subscribe	method=subscribe subscription.type=userTwapSliceFills	userTwapSliceFills	documented_active	provider_typed	general_adapter_or_provider	not_applicable		not_connected		Unlinked	unreviewed		unreviewed		unreviewed		unreviewed		unreviewed		unreviewed				needs_design	service_or_contract_decision	Requires an account stream contract beyond the current AccountEvent boundary.
Hyperliquid	WebSocket subscriptions	WebSocket	subscribe	method=subscribe subscription.type=webData3	webData3	documented_active	provider_typed	general_adapter_or_provider	not_applicable		not_connected		Unlinked	unreviewed		unreviewed		unreviewed		unreviewed		unreviewed		unreviewed				needs_design	service_or_contract_decision	Requires an account stream contract beyond the current AccountEvent boundary.
Upbit	Deposits and withdrawals	Http	DELETE	/v1/withdraws/coin	cancel-withdrawal	documented_active	common_existing	general_adapter_or_provider	not_applicable	wallet.cancel_withdrawal	connected	bindings/common/src/coverage.rs::OPERATIONS	Partial	present	src/adapter.rs:184	present	bindings/common/src/schema.rs::binding_schema	present	bindings/python/python/maxt/_generated_contract.py;bindings/dart/lib/src/generated_contract.dart;bindings/typescript/src/generated/contract.ts	present	bindings/python/python/maxt/adapters.py	present	bindings/dart/lib/src/generated_provider_methods.dart	present	bindings/typescript/src/generated/api.ts	Fixture	cancel_withdrawal	needs_evidence	continue_audit	The existing implementation scope is retained, but operation-level semantic audit evidence is incomplete.
Upbit	Deposits and withdrawals	Http	GET	/v1/deposit	get-deposit	documented_active	common_existing	general_adapter_or_provider	not_applicable	wallet.deposit	connected	bindings/common/src/coverage.rs::OPERATIONS	Partial	present	src/adapter.rs:172	present	bindings/common/src/schema.rs::binding_schema	present	bindings/python/python/maxt/_generated_contract.py;bindings/dart/lib/src/generated_contract.dart;bindings/typescript/src/generated/contract.ts	present	bindings/python/python/maxt/adapters.py	present	bindings/dart/lib/src/generated_provider_methods.dart	present	bindings/typescript/src/generated/api.ts	Fixture	deposit	needs_evidence	continue_audit	The existing implementation scope is retained, but operation-level semantic audit evidence is incomplete.
Upbit	Deposits and withdrawals	Http	GET	/v1/deposits	list-deposits	documented_active	common_existing	general_adapter_or_provider	not_applicable	wallet.deposits	connected	bindings/common/src/coverage.rs::OPERATIONS	Implemented	present	src/adapter.rs:190	present	bindings/common/src/schema.rs::binding_schema	present	bindings/python/python/maxt/_generated_contract.py;bindings/dart/lib/src/generated_contract.dart;bindings/typescript/src/generated/contract.ts	present	bindings/python/python/maxt/adapters.py	present	bindings/dart/lib/src/generated_provider_methods.dart	present	bindings/typescript/src/generated/api.ts	Fixture	deposits	verified	none	Audited Rust contract, public bindings, and verification evidence are present.
Upbit	Deposits and withdrawals	Http	GET	/v1/deposits/chance/coin	available-deposit-information	documented_active	provider_typed	general_adapter_or_provider	not_applicable	wallet.deposit_chance	connected	bindings/common/src/coverage.rs::OPERATIONS	Implemented	present	src/adapters/upbit/mod.rs:1362	present	bindings/common/src/schema.rs::binding_schema	present	bindings/python/python/maxt/_generated_contract.py;bindings/dart/lib/src/generated_contract.dart;bindings/typescript/src/generated/contract.ts	present	bindings/python/python/maxt/adapters.py	present	bindings/dart/lib/src/generated_provider_methods.dart	present	bindings/typescript/src/generated/api.ts	Fixture	deposit_info	verified	none	Audited Rust contract, public bindings, and verification evidence are present.
Upbit	Deposits and withdrawals	Http	GET	/v1/deposits/coin_address	get-deposit-address	documented_active	common_existing	general_adapter_or_provider	not_applicable	wallet.deposit_address	connected	bindings/common/src/coverage.rs::OPERATIONS	Implemented	present	src/adapter.rs:135	present	bindings/common/src/schema.rs::binding_schema	present	bindings/python/python/maxt/_generated_contract.py;bindings/dart/lib/src/generated_contract.dart;bindings/typescript/src/generated/contract.ts	present	bindings/python/python/maxt/adapters.py	present	bindings/dart/lib/src/generated_provider_methods.dart	present	bindings/typescript/src/generated/api.ts	Fixture	deposit_address	verified	none	Audited Rust contract, public bindings, and verification evidence are present.
Upbit	Deposits and withdrawals	Http	GET	/v1/deposits/coin_addresses	list-deposit-addresses	documented_active	common_existing	general_adapter_or_provider	not_applicable	wallet.deposit_addresses	connected	bindings/common/src/coverage.rs::OPERATIONS	Implemented	present	src/adapter.rs:130	present	bindings/common/src/schema.rs::binding_schema	present	bindings/python/python/maxt/_generated_contract.py;bindings/dart/lib/src/generated_contract.dart;bindings/typescript/src/generated/contract.ts	present	bindings/python/python/maxt/adapters.py	present	bindings/dart/lib/src/generated_provider_methods.dart	present	bindings/typescript/src/generated/api.ts	Fixture	deposit_addresses	verified	none	Audited Rust contract, public bindings, and verification evidence are present.
Upbit	Deposits and withdrawals	Http	GET	/v1/status/wallet	get-service-status	documented_active	common_existing	general_adapter_or_provider	not_applicable	wallet.wallet_status	connected	bindings/common/src/coverage.rs::OPERATIONS	Implemented	present	src/adapter.rs:121	present	bindings/common/src/schema.rs::binding_schema	present	bindings/python/python/maxt/_generated_contract.py;bindings/dart/lib/src/generated_contract.dart;bindings/typescript/src/generated/contract.ts	present	bindings/python/python/maxt/adapters.py	present	bindings/dart/lib/src/generated_provider_methods.dart	present	bindings/typescript/src/generated/api.ts	Fixture	asset_networks	verified	none	Audited Rust contract, public bindings, and verification evidence are present.
Upbit	Deposits and withdrawals	Http	GET	/v1/withdraw	get-withdrawal	documented_active	common_existing	general_adapter_or_provider	not_applicable	wallet.withdrawal	connected	bindings/common/src/coverage.rs::OPERATIONS	Partial	present	src/adapter.rs:178	present	bindings/common/src/schema.rs::binding_schema	present	bindings/python/python/maxt/_generated_contract.py;bindings/dart/lib/src/generated_contract.dart;bindings/typescript/src/generated/contract.ts	present	bindings/python/python/maxt/adapters.py	present	bindings/dart/lib/src/generated_provider_methods.dart	present	bindings/typescript/src/generated/api.ts	Fixture	withdrawal	needs_evidence	continue_audit	The existing implementation scope is retained, but operation-level semantic audit evidence is incomplete.
Upbit	Deposits and withdrawals	Http	GET	/v1/withdraws	list-withdrawals	documented_active	common_existing	general_adapter_or_provider	not_applicable	wallet.withdrawals	connected	bindings/common/src/coverage.rs::OPERATIONS	Implemented	present	src/adapter.rs:196	present	bindings/common/src/schema.rs::binding_schema	present	bindings/python/python/maxt/_generated_contract.py;bindings/dart/lib/src/generated_contract.dart;bindings/typescript/src/generated/contract.ts	present	bindings/python/python/maxt/adapters.py	present	bindings/dart/lib/src/generated_provider_methods.dart	present	bindings/typescript/src/generated/api.ts	Fixture	withdrawals	verified	none	Audited Rust contract, public bindings, and verification evidence are present.
Upbit	Deposits and withdrawals	Http	GET	/v1/withdraws/chance	available-withdrawal-information	documented_active	common_existing	general_adapter_or_provider	not_applicable	wallet.withdraw_chance	connected	bindings/common/src/coverage.rs::OPERATIONS	Implemented	present	src/adapter.rs:157	present	bindings/common/src/schema.rs::binding_schema	present	bindings/python/python/maxt/_generated_contract.py;bindings/dart/lib/src/generated_contract.dart;bindings/typescript/src/generated/contract.ts	present	bindings/python/python/maxt/adapters.py	present	bindings/dart/lib/src/generated_provider_methods.dart	present	bindings/typescript/src/generated/api.ts	Fixture	prepare_withdrawal	verified	none	Audited Rust contract, public bindings, and verification evidence are present.
Upbit	Deposits and withdrawals	Http	GET	/v1/withdraws/coin_addresses	list-withdrawal-addresses	documented_active	common_and_provider	general_adapter_or_provider	not_applicable	wallet.withdraw_addresses	connected	bindings/common/src/coverage.rs::OPERATIONS	Implemented	present	src/adapter.rs:157;src/adapters/upbit/mod.rs:1372	present	bindings/common/src/schema.rs::binding_schema	present	bindings/python/python/maxt/_generated_contract.py;bindings/dart/lib/src/generated_contract.dart;bindings/typescript/src/generated/contract.ts	present	bindings/python/python/maxt/adapters.py	present	bindings/dart/lib/src/generated_provider_methods.dart	present	bindings/typescript/src/generated/api.ts	Fixture	prepare_withdrawal;withdrawal_addresses	verified	none	Audited provider withdrawal addresses preserve recipient and network metadata.
Upbit	Deposits and withdrawals	Http	POST	/v1/deposits/generate_coin_address	create-deposit-address	documented_active	common_existing	general_adapter_or_provider	not_applicable	wallet.create_deposit_address	connected	bindings/common/src/coverage.rs::OPERATIONS	Implemented	present	src/adapter.rs:148	present	bindings/common/src/schema.rs::binding_schema	present	bindings/python/python/maxt/_generated_contract.py;bindings/dart/lib/src/generated_contract.dart;bindings/typescript/src/generated/contract.ts	present	bindings/python/python/maxt/adapters.py	present	bindings/dart/lib/src/generated_provider_methods.dart	present	bindings/typescript/src/generated/api.ts	Fixture	create_deposit_address	verified	none	Audited Rust contract, public bindings, and verification evidence are present.
Upbit	Deposits and withdrawals	Http	POST	/v1/withdraws/coin	withdraw	documented_active	common_existing	general_adapter_or_provider	not_applicable	wallet.withdraw_coin	connected	bindings/common/src/coverage.rs::OPERATIONS	Implemented	present	src/adapter.rs:166	present	bindings/common/src/schema.rs::binding_schema	present	bindings/python/python/maxt/_generated_contract.py;bindings/dart/lib/src/generated_contract.dart;bindings/typescript/src/generated/contract.ts	present	bindings/python/python/maxt/adapters.py	present	bindings/dart/lib/src/generated_provider_methods.dart	present	bindings/typescript/src/generated/api.ts	Fixture	withdraw	verified	none	Audited Rust contract, public bindings, and verification evidence are present.
Upbit	Exchange	Http	DELETE	/v1/order	cancel-order	documented_active	common_existing	general_adapter_or_provider	not_applicable	exchange.cancel_order	connected	bindings/common/src/coverage.rs::OPERATIONS	Partial	present	src/adapter.rs:250;src/adapter.rs:256	present	bindings/common/src/schema.rs::binding_schema	present	bindings/python/python/maxt/_generated_contract.py;bindings/dart/lib/src/generated_contract.dart;bindings/typescript/src/generated/contract.ts	present	bindings/python/python/maxt/adapters.py	present	bindings/dart/lib/src/generated_provider_methods.dart	present	bindings/typescript/src/generated/api.ts	Fixture	cancel_order;cancel_order_by_client_id	needs_evidence	continue_audit	The existing implementation scope is retained, but operation-level semantic audit evidence is incomplete.
Upbit	Exchange	Http	DELETE	/v1/orders/open	batch-cancel-orders	documented_active	provider_typed	general_adapter_or_provider	not_applicable	exchange.batch_cancel_open_orders	connected	bindings/common/src/coverage.rs::OPERATIONS	Implemented	present	src/adapters/upbit/mod.rs:1540	present	bindings/common/src/schema.rs::binding_schema	present	bindings/python/python/maxt/_generated_contract.py;bindings/dart/lib/src/generated_contract.dart;bindings/typescript/src/generated/contract.ts	present	bindings/python/python/maxt/adapters.py	present	bindings/dart/lib/src/generated_provider_methods.dart	present	bindings/typescript/src/generated/api.ts	Fixture	batch_cancel_open_orders	verified	none	Audited Rust contract, public bindings, and verification evidence are present.
Upbit	Exchange	Http	DELETE	/v1/orders/uuids	cancel-orders-by-ids	documented_active	common_existing	general_adapter_or_provider	not_applicable	exchange.cancel_orders_by_ids	connected	bindings/common/src/coverage.rs::OPERATIONS	Partial	present	src/adapter.rs:266	present	bindings/common/src/schema.rs::binding_schema	present	bindings/python/python/maxt/_generated_contract.py;bindings/dart/lib/src/generated_contract.dart;bindings/typescript/src/generated/contract.ts	present	bindings/python/python/maxt/adapters.py	present	bindings/dart/lib/src/generated_provider_methods.dart	present	bindings/typescript/src/generated/api.ts	Fixture	cancel_orders	needs_evidence	continue_audit	The existing implementation scope is retained, but operation-level semantic audit evidence is incomplete.
Upbit	Exchange	Http	GET	/v1/accounts	get-balance	documented_active	common_existing	general_adapter_or_provider	not_applicable	exchange.balances	connected	bindings/common/src/coverage.rs::OPERATIONS	Implemented	present	src/adapter.rs:110	present	bindings/common/src/schema.rs::binding_schema	present	bindings/python/python/maxt/_generated_contract.py;bindings/dart/lib/src/generated_contract.dart;bindings/typescript/src/generated/contract.ts	present	bindings/python/python/maxt/adapters.py	present	bindings/dart/lib/src/generated_provider_methods.dart	present	bindings/typescript/src/generated/api.ts	Fixture	balances	verified	none	Audited Rust contract, public bindings, and verification evidence are present.
Upbit	Exchange	Http	GET	/v1/order	get-order	documented_active	common_and_provider	general_adapter_or_provider	not_applicable	exchange.get_order	connected	bindings/common/src/coverage.rs::OPERATIONS	Implemented	present	src/adapter.rs:211;src/adapter.rs:217;src/adapters/upbit/mod.rs:1341	present	bindings/common/src/schema.rs::binding_schema	present	bindings/python/python/maxt/_generated_contract.py;bindings/dart/lib/src/generated_contract.dart;bindings/typescript/src/generated/contract.ts	present	bindings/python/python/maxt/adapters.py	present	bindings/dart/lib/src/generated_provider_methods.dart	present	bindings/typescript/src/generated/api.ts	Fixture	order;order_by_client_id;order_detail	verified	none	Audited Rust contract, public bindings, and verification evidence are present.
Upbit	Exchange	Http	GET	/v1/orders/chance	available-order-information	documented_active	common_existing	general_adapter_or_provider	not_applicable	exchange.available_order_info	connected	bindings/common/src/coverage.rs::OPERATIONS	Implemented	present	src/adapter.rs:115	present	bindings/common/src/schema.rs::binding_schema	present	bindings/python/python/maxt/_generated_contract.py;bindings/dart/lib/src/generated_contract.dart;bindings/typescript/src/generated/contract.ts	present	bindings/python/python/maxt/adapters.py	present	bindings/dart/lib/src/generated_provider_methods.dart	present	bindings/typescript/src/generated/api.ts	Fixture	order_rules	verified	none	Audited Rust contract, public bindings, and verification evidence are present.
Upbit	Exchange	Http	GET	/v1/orders/closed	list-closed-orders	documented_active	common_and_provider	general_adapter_or_provider	not_applicable	exchange.closed_orders	connected	bindings/common/src/coverage.rs::OPERATIONS	Implemented	present	src/adapter.rs:229;src/adapters/upbit/mod.rs:1352	present	bindings/common/src/schema.rs::binding_schema	present	bindings/python/python/maxt/_generated_contract.py;bindings/dart/lib/src/generated_contract.dart;bindings/typescript/src/generated/contract.ts	present	bindings/python/python/maxt/adapters.py	present	bindings/dart/lib/src/generated_provider_methods.dart	present	bindings/typescript/src/generated/api.ts	Fixture	closed_orders;order_history	verified	none	Audited Rust contract, public bindings, and verification evidence are present.
Upbit	Exchange	Http	GET	/v1/orders/open	list-open-orders	documented_active	common_existing	general_adapter_or_provider	not_applicable	exchange.open_orders	connected	bindings/common/src/coverage.rs::OPERATIONS	Implemented	present	src/adapter.rs:205	present	bindings/common/src/schema.rs::binding_schema	present	bindings/python/python/maxt/_generated_contract.py;bindings/dart/lib/src/generated_contract.dart;bindings/typescript/src/generated/contract.ts	present	bindings/python/python/maxt/adapters.py	present	bindings/dart/lib/src/generated_provider_methods.dart	present	bindings/typescript/src/generated/api.ts	Fixture	open_orders	verified	none	Audited Rust contract, public bindings, and verification evidence are present.
Upbit	Exchange	Http	GET	/v1/orders/uuids	list-orders-by-ids	documented_active	common_existing	general_adapter_or_provider	not_applicable	exchange.orders_by_ids	connected	bindings/common/src/coverage.rs::OPERATIONS	Partial	present	src/adapter.rs:223	present	bindings/common/src/schema.rs::binding_schema	present	bindings/python/python/maxt/_generated_contract.py;bindings/dart/lib/src/generated_contract.dart;bindings/typescript/src/generated/contract.ts	present	bindings/python/python/maxt/adapters.py	present	bindings/dart/lib/src/generated_provider_methods.dart	present	bindings/typescript/src/generated/api.ts	Fixture	orders_by_ids	needs_evidence	continue_audit	The existing implementation scope is retained, but operation-level semantic audit evidence is incomplete.
Upbit	Exchange	Http	POST	/v1/orders	new-order	documented_active	common_existing	general_adapter_or_provider	not_applicable	exchange.new_order	connected	bindings/common/src/coverage.rs::OPERATIONS	Partial	present	src/adapter.rs:244	present	bindings/common/src/schema.rs::binding_schema	present	bindings/python/python/maxt/_generated_contract.py;bindings/dart/lib/src/generated_contract.dart;bindings/typescript/src/generated/contract.ts	present	bindings/python/python/maxt/adapters.py	present	bindings/dart/lib/src/generated_provider_methods.dart	present	bindings/typescript/src/generated/api.ts	Fixture	place_order	needs_evidence	continue_audit	The existing implementation scope is retained, but operation-level semantic audit evidence is incomplete.
Upbit	Exchange	Http	POST	/v1/orders/cancel_and_new	cancel-and-new-order	documented_active	provider_typed	general_adapter_or_provider	not_applicable	exchange.cancel_and_new_order	connected	bindings/common/src/coverage.rs::OPERATIONS	Partial	present	src/adapters/upbit/mod.rs:1553	present	bindings/common/src/schema.rs::binding_schema	present	bindings/python/python/maxt/_generated_contract.py;bindings/dart/lib/src/generated_contract.dart;bindings/typescript/src/generated/contract.ts	present	bindings/python/python/maxt/adapters.py	present	bindings/dart/lib/src/generated_provider_methods.dart	present	bindings/typescript/src/generated/api.ts	Fixture	cancel_and_new_order	needs_evidence	continue_audit	The existing implementation scope is retained, but operation-level semantic audit evidence is incomplete.
Upbit	Exchange	Http	POST	/v1/orders/test	order-test	documented_active	provider_typed	general_adapter_or_provider	not_applicable	exchange.test_order	connected	bindings/common/src/coverage.rs::OPERATIONS	Partial	present	src/adapters/upbit/mod.rs:1331	present	bindings/common/src/schema.rs::binding_schema	present	bindings/python/python/maxt/_generated_contract.py;bindings/dart/lib/src/generated_contract.dart;bindings/typescript/src/generated/contract.ts	present	bindings/python/python/maxt/adapters.py	present	bindings/dart/lib/src/generated_provider_methods.dart	present	bindings/typescript/src/generated/api.ts	Fixture	test_order	needs_evidence	continue_audit	The existing implementation scope is retained, but operation-level semantic audit evidence is incomplete.
Upbit	Exchange	WebSocketStream	SUBSCRIBE	type=myAsset	myAsset	documented_active	common_existing	general_adapter_or_provider	not_applicable	exchange.my_asset_stream	connected	bindings/common/src/coverage.rs::OPERATIONS	Partial	present	src/adapter.rs:238	present	bindings/common/src/schema.rs::binding_schema	present	bindings/python/python/maxt/_generated_contract.py;bindings/dart/lib/src/generated_contract.dart;bindings/typescript/src/generated/contract.ts	present	bindings/python/python/maxt/adapters.py	present	bindings/dart/lib/src/generated_provider_methods.dart	present	bindings/typescript/src/generated/api.ts	Fixture	subscribe_account	needs_evidence	continue_audit	The existing implementation scope is retained, but operation-level semantic audit evidence is incomplete.
Upbit	Exchange	WebSocketStream	SUBSCRIBE	type=myOrder	myOrder	documented_active	common_existing	general_adapter_or_provider	not_applicable	exchange.my_order_stream	connected	bindings/common/src/coverage.rs::OPERATIONS	Partial	present	src/adapter.rs:238	present	bindings/common/src/schema.rs::binding_schema	present	bindings/python/python/maxt/_generated_contract.py;bindings/dart/lib/src/generated_contract.dart;bindings/typescript/src/generated/contract.ts	present	bindings/python/python/maxt/adapters.py	present	bindings/dart/lib/src/generated_provider_methods.dart	present	bindings/typescript/src/generated/api.ts	Fixture	subscribe_account	needs_evidence	continue_audit	The existing implementation scope is retained, but operation-level semantic audit evidence is incomplete.
Upbit	Korea deposits and withdrawals	Http	GET	/v1/api_keys	list-api-keys	documented_active_korea_only	provider_typed	general_adapter_or_provider	not_applicable	wallet.api_keys	connected	bindings/common/src/coverage.rs::OPERATIONS	Implemented	present	src/adapters/upbit/mod.rs:1404	present	bindings/common/src/schema.rs::binding_schema	present	bindings/python/python/maxt/_generated_contract.py;bindings/dart/lib/src/generated_contract.dart;bindings/typescript/src/generated/contract.ts	present	bindings/python/python/maxt/adapters.py	present	bindings/dart/lib/src/generated_provider_methods.dart	present	bindings/typescript/src/generated/api.ts	Fixture	api_keys	verified	none	Audited Rust contract, public bindings, and verification evidence are present.
Upbit	Korea deposits and withdrawals	Http	POST	/v1/deposits/krw	deposit-krw	documented_active_korea_only	provider_typed	general_adapter_or_provider	not_applicable	wallet.deposit_krw	connected	bindings/common/src/coverage.rs::OPERATIONS	Implemented	present	src/adapters/upbit/mod.rs:1382	present	bindings/common/src/schema.rs::binding_schema	present	bindings/python/python/maxt/_generated_contract.py;bindings/dart/lib/src/generated_contract.dart;bindings/typescript/src/generated/contract.ts	present	bindings/python/python/maxt/adapters.py	present	bindings/dart/lib/src/generated_provider_methods.dart	present	bindings/typescript/src/generated/api.ts	Fixture	deposit_krw	verified	none	Audited Rust contract, public bindings, and verification evidence are present.
Upbit	Korea deposits and withdrawals	Http	POST	/v1/withdraws/krw	withdraw-krw	documented_active_korea_only	provider_typed	general_adapter_or_provider	not_applicable	wallet.withdraw_krw	connected	bindings/common/src/coverage.rs::OPERATIONS	Implemented	present	src/adapters/upbit/mod.rs:1392	present	bindings/common/src/schema.rs::binding_schema	present	bindings/python/python/maxt/_generated_contract.py;bindings/dart/lib/src/generated_contract.dart;bindings/typescript/src/generated/contract.ts	present	bindings/python/python/maxt/adapters.py	present	bindings/dart/lib/src/generated_provider_methods.dart	present	bindings/typescript/src/generated/api.ts	Fixture	withdraw_krw	verified	none	Audited Rust contract, public bindings, and verification evidence are present.
Upbit	Korea pockets	Http	GET	/v1/pockets	list-pockets	documented_active_korea_only	provider_typed	general_adapter_or_provider	not_applicable	pockets.list_pockets	connected	bindings/common/src/coverage.rs::OPERATIONS	Implemented	present	src/adapters/upbit/mod.rs:1414	present	bindings/common/src/schema.rs::binding_schema	present	bindings/python/python/maxt/_generated_contract.py;bindings/dart/lib/src/generated_contract.dart;bindings/typescript/src/generated/contract.ts	present	bindings/python/python/maxt/adapters.py	present	bindings/dart/lib/src/generated_provider_methods.dart	present	bindings/typescript/src/generated/api.ts	Fixture	list_pockets	verified	none	Audited Rust contract, public bindings, and verification evidence are present.
Upbit	Korea pockets	Http	GET	/v1/pockets/api_keys	list-pocket-api-keys	documented_active_korea_only	provider_typed	general_adapter_or_provider	not_applicable	pockets.list_pocket_api_keys	connected	bindings/common/src/coverage.rs::OPERATIONS	Implemented	present	src/adapters/upbit/mod.rs:1420	present	bindings/common/src/schema.rs::binding_schema	present	bindings/python/python/maxt/_generated_contract.py;bindings/dart/lib/src/generated_contract.dart;bindings/typescript/src/generated/contract.ts	present	bindings/python/python/maxt/adapters.py	present	bindings/dart/lib/src/generated_provider_methods.dart	present	bindings/typescript/src/generated/api.ts	Fixture	list_pocket_api_keys	verified	none	Audited Rust contract, public bindings, and verification evidence are present.
Upbit	Korea pockets	Http	GET	/v1/pockets/assets	get-sub-pocket-balance	documented_active_korea_only	provider_typed	general_adapter_or_provider	not_applicable	pockets.sub_pocket_balances	connected	bindings/common/src/coverage.rs::OPERATIONS	Implemented	present	src/adapters/upbit/mod.rs:1429	present	bindings/common/src/schema.rs::binding_schema	present	bindings/python/python/maxt/_generated_contract.py;bindings/dart/lib/src/generated_contract.dart;bindings/typescript/src/generated/contract.ts	present	bindings/python/python/maxt/adapters.py	present	bindings/dart/lib/src/generated_provider_methods.dart	present	bindings/typescript/src/generated/api.ts	Fixture	sub_pocket_balances	verified	none	Audited Rust contract, public bindings, and verification evidence are present.
Upbit	Korea pockets	Http	GET	/v1/pockets/transfers	list-transfers	documented_active_korea_only	provider_typed	general_adapter_or_provider	not_applicable	pockets.sub_pocket_transfers	connected	bindings/common/src/coverage.rs::OPERATIONS	Implemented	present	src/adapters/upbit/mod.rs:1468	present	bindings/common/src/schema.rs::binding_schema	present	bindings/python/python/maxt/_generated_contract.py;bindings/dart/lib/src/generated_contract.dart;bindings/typescript/src/generated/contract.ts	present	bindings/python/python/maxt/adapters.py	present	bindings/dart/lib/src/generated_provider_methods.dart	present	bindings/typescript/src/generated/api.ts	Fixture	sub_pocket_transfers	verified	none	Audited Rust contract, public bindings, and verification evidence are present.
Upbit	Korea pockets	Http	GET	/v1/pockets/universal_transfers	list-universal-transfers	documented_active_korea_only	provider_typed	general_adapter_or_provider	not_applicable	pockets.universal_transfers	connected	bindings/common/src/coverage.rs::OPERATIONS	Implemented	present	src/adapters/upbit/mod.rs:1447	present	bindings/common/src/schema.rs::binding_schema	present	bindings/python/python/maxt/_generated_contract.py;bindings/dart/lib/src/generated_contract.dart;bindings/typescript/src/generated/contract.ts	present	bindings/python/python/maxt/adapters.py	present	bindings/dart/lib/src/generated_provider_methods.dart	present	bindings/typescript/src/generated/api.ts	Fixture	universal_transfers	verified	none	Audited Rust contract, public bindings, and verification evidence are present.
Upbit	Korea pockets	Http	POST	/v1/pockets/transfers	transfer	documented_active_korea_only	provider_typed	general_adapter_or_provider	not_applicable	pockets.sub_pocket_transfer	connected	bindings/common/src/coverage.rs::OPERATIONS	Implemented	present	src/adapters/upbit/mod.rs:1459	present	bindings/common/src/schema.rs::binding_schema	present	bindings/python/python/maxt/_generated_contract.py;bindings/dart/lib/src/generated_contract.dart;bindings/typescript/src/generated/contract.ts	present	bindings/python/python/maxt/adapters.py	present	bindings/dart/lib/src/generated_provider_methods.dart	present	bindings/typescript/src/generated/api.ts	Fixture	sub_pocket_transfer	verified	none	Audited Rust contract, public bindings, and verification evidence are present.
Upbit	Korea pockets	Http	POST	/v1/pockets/universal_transfers	universal-transfer	documented_active_korea_only	provider_typed	general_adapter_or_provider	not_applicable	pockets.universal_transfer	connected	bindings/common/src/coverage.rs::OPERATIONS	Implemented	present	src/adapters/upbit/mod.rs:1438	present	bindings/common/src/schema.rs::binding_schema	present	bindings/python/python/maxt/_generated_contract.py;bindings/dart/lib/src/generated_contract.dart;bindings/typescript/src/generated/contract.ts	present	bindings/python/python/maxt/adapters.py	present	bindings/dart/lib/src/generated_provider_methods.dart	present	bindings/typescript/src/generated/api.ts	Fixture	universal_transfer	verified	none	Audited Rust contract, public bindings, and verification evidence are present.
Upbit	Quotation	Http	GET	/v1/candles/days	list-candles-days	documented_active	common_existing	general_adapter_or_provider	not_applicable	quotation.candles_days	connected	bindings/common/src/coverage.rs::OPERATIONS	Implemented	present	src/adapter.rs:68	present	bindings/common/src/schema.rs::binding_schema	present	bindings/python/python/maxt/_generated_contract.py;bindings/dart/lib/src/generated_contract.dart;bindings/typescript/src/generated/contract.ts	present	bindings/python/python/maxt/adapters.py	present	bindings/dart/lib/src/generated_provider_methods.dart	present	bindings/typescript/src/generated/api.ts	LiveRead	candles	verified	none	Audited Rust contract, public bindings, and verification evidence are present.
Upbit	Quotation	Http	GET	/v1/candles/minutes/{unit}	list-candles-minutes	documented_active	common_existing	general_adapter_or_provider	not_applicable	quotation.candles_minutes	connected	bindings/common/src/coverage.rs::OPERATIONS	Implemented	present	src/adapter.rs:68	present	bindings/common/src/schema.rs::binding_schema	present	bindings/python/python/maxt/_generated_contract.py;bindings/dart/lib/src/generated_contract.dart;bindings/typescript/src/generated/contract.ts	present	bindings/python/python/maxt/adapters.py	present	bindings/dart/lib/src/generated_provider_methods.dart	present	bindings/typescript/src/generated/api.ts	LiveRead	candles	verified	none	Audited Rust contract, public bindings, and verification evidence are present.
Upbit	Quotation	Http	GET	/v1/candles/months	list-candles-months	documented_active	common_existing	general_adapter_or_provider	not_applicable	quotation.candles_months	connected	bindings/common/src/coverage.rs::OPERATIONS	Implemented	present	src/adapter.rs:68	present	bindings/common/src/schema.rs::binding_schema	present	bindings/python/python/maxt/_generated_contract.py;bindings/dart/lib/src/generated_contract.dart;bindings/typescript/src/generated/contract.ts	present	bindings/python/python/maxt/adapters.py	present	bindings/dart/lib/src/generated_provider_methods.dart	present	bindings/typescript/src/generated/api.ts	LiveRead	candles	verified	none	Audited Rust contract, public bindings, and verification evidence are present.
Upbit	Quotation	Http	GET	/v1/candles/seconds	list-candles-seconds	documented_active	common_existing	general_adapter_or_provider	not_applicable	quotation.candles_seconds	connected	bindings/common/src/coverage.rs::OPERATIONS	Implemented	present	src/adapter.rs:68	present	bindings/common/src/schema.rs::binding_schema	present	bindings/python/python/maxt/_generated_contract.py;bindings/dart/lib/src/generated_contract.dart;bindings/typescript/src/generated/contract.ts	present	bindings/python/python/maxt/adapters.py	present	bindings/dart/lib/src/generated_provider_methods.dart	present	bindings/typescript/src/generated/api.ts	LiveRead	candles	verified	none	Audited Rust contract, public bindings, and verification evidence are present.
Upbit	Quotation	Http	GET	/v1/candles/weeks	list-candles-weeks	documented_active	common_existing	general_adapter_or_provider	not_applicable	quotation.candles_weeks	connected	bindings/common/src/coverage.rs::OPERATIONS	Implemented	present	src/adapter.rs:68	present	bindings/common/src/schema.rs::binding_schema	present	bindings/python/python/maxt/_generated_contract.py;bindings/dart/lib/src/generated_contract.dart;bindings/typescript/src/generated/contract.ts	present	bindings/python/python/maxt/adapters.py	present	bindings/dart/lib/src/generated_provider_methods.dart	present	bindings/typescript/src/generated/api.ts	LiveRead	candles	verified	none	Audited Rust contract, public bindings, and verification evidence are present.
Upbit	Quotation	Http	GET	/v1/candles/years	list-candles-years	documented_active	provider_typed	general_adapter_or_provider	not_applicable	quotation.candles_years	connected	bindings/common/src/coverage.rs::OPERATIONS	Implemented	present	src/adapters/upbit/mod.rs:1287	present	bindings/common/src/schema.rs::binding_schema	present	bindings/python/python/maxt/_generated_contract.py;bindings/dart/lib/src/generated_contract.dart;bindings/typescript/src/generated/contract.ts	present	bindings/python/python/maxt/adapters.py	present	bindings/dart/lib/src/generated_provider_methods.dart	present	bindings/typescript/src/generated/api.ts	LiveRead	year_candles	verified	none	Audited Rust contract, public bindings, and verification evidence are present.
Upbit	Quotation	Http	GET	/v1/market/all	list-trading-pairs	documented_active	common_and_provider	general_adapter_or_provider	not_applicable	quotation.markets	connected	bindings/common/src/coverage.rs::OPERATIONS	Implemented	present	src/adapter.rs:44;src/adapters/upbit/mod.rs:1315	present	bindings/common/src/schema.rs::binding_schema	present	bindings/python/python/maxt/_generated_contract.py;bindings/dart/lib/src/generated_contract.dart;bindings/typescript/src/generated/contract.ts	present	bindings/python/python/maxt/adapters.py	present	bindings/dart/lib/src/generated_provider_methods.dart	present	bindings/typescript/src/generated/api.ts	LiveRead	market_events;markets	verified	none	Audited Rust contract, public bindings, and verification evidence are present.
Upbit	Quotation	Http	GET	/v1/orderbook	list-orderbooks	documented_active	common_and_provider	general_adapter_or_provider	not_applicable	quotation.orderbook	connected	bindings/common/src/coverage.rs::OPERATIONS	Implemented	present	src/adapter.rs:56;src/adapters/upbit/mod.rs:1230;src/adapters/upbit/mod.rs:1244	present	bindings/common/src/schema.rs::binding_schema	present	bindings/python/python/maxt/_generated_contract.py;bindings/dart/lib/src/generated_contract.dart;bindings/typescript/src/generated/contract.ts	present	bindings/python/python/maxt/adapters.py	present	bindings/dart/lib/src/generated_provider_methods.dart	present	bindings/typescript/src/generated/api.ts	LiveRead	order_book;order_books;order_books_at_level	verified	none	Audited Rust contract, public bindings, and verification evidence are present.
Upbit	Quotation	Http	GET	/v1/orderbook/instruments	list-orderbook-instruments	documented_active	provider_typed	general_adapter_or_provider	not_applicable	quotation.orderbook_instruments	connected	bindings/common/src/coverage.rs::OPERATIONS	Implemented	present	src/adapters/upbit/mod.rs:1301	present	bindings/common/src/schema.rs::binding_schema	present	bindings/python/python/maxt/_generated_contract.py;bindings/dart/lib/src/generated_contract.dart;bindings/typescript/src/generated/contract.ts	present	bindings/python/python/maxt/adapters.py	present	bindings/dart/lib/src/generated_provider_methods.dart	present	bindings/typescript/src/generated/api.ts	LiveRead	orderbook_instruments	verified	none	Audited Rust contract, public bindings, and verification evidence are present.
Upbit	Quotation	Http	GET	/v1/ticker	list-tickers	documented_active	common_and_provider	general_adapter_or_provider	not_applicable	quotation.ticker	connected	bindings/common/src/coverage.rs::OPERATIONS	Implemented	present	src/adapter.rs:62;src/adapters/upbit/mod.rs:1268	present	bindings/common/src/schema.rs::binding_schema	present	bindings/python/python/maxt/_generated_contract.py;bindings/dart/lib/src/generated_contract.dart;bindings/typescript/src/generated/contract.ts	present	bindings/python/python/maxt/adapters.py	present	bindings/dart/lib/src/generated_provider_methods.dart	present	bindings/typescript/src/generated/api.ts	LiveRead	ticker;tickers	verified	none	Audited Rust contract, public bindings, and verification evidence are present.
Upbit	Quotation	Http	GET	/v1/ticker/all	list-quote-tickers	documented_active	provider_typed	general_adapter_or_provider	not_applicable	quotation.tickers_by_quote	connected	bindings/common/src/coverage.rs::OPERATIONS	Implemented	present	src/adapters/upbit/mod.rs:1277	present	bindings/common/src/schema.rs::binding_schema	present	bindings/python/python/maxt/_generated_contract.py;bindings/dart/lib/src/generated_contract.dart;bindings/typescript/src/generated/contract.ts	present	bindings/python/python/maxt/adapters.py	present	bindings/dart/lib/src/generated_provider_methods.dart	present	bindings/typescript/src/generated/api.ts	LiveRead	tickers_by_quote	verified	none	Audited Rust contract, public bindings, and verification evidence are present.
Upbit	Quotation	Http	GET	/v1/trades/ticks	list-pair-trades	documented_active	common_existing	general_adapter_or_provider	not_applicable	quotation.trades_ticks	connected	bindings/common/src/coverage.rs::OPERATIONS	Implemented	present	src/adapter.rs:50	present	bindings/common/src/schema.rs::binding_schema	present	bindings/python/python/maxt/_generated_contract.py;bindings/dart/lib/src/generated_contract.dart;bindings/typescript/src/generated/contract.ts	present	bindings/python/python/maxt/adapters.py	present	bindings/dart/lib/src/generated_provider_methods.dart	present	bindings/typescript/src/generated/api.ts	LiveRead	trades	verified	none	Audited Rust contract, public bindings, and verification evidence are present.
Upbit	Quotation	WebSocketRequest	LIST_SUBSCRIPTIONS	method=LIST_SUBSCRIPTIONS	LIST_SUBSCRIPTIONS	documented_active	provider_typed	general_adapter_or_provider	not_applicable	quotation.list_subscriptions	connected	bindings/common/src/coverage.rs::OPERATIONS	Implemented	present	src/adapters/upbit/mod.rs:1320	present	bindings/common/src/schema.rs::binding_schema	present	bindings/python/python/maxt/_generated_contract.py;bindings/dart/lib/src/generated_contract.dart;bindings/typescript/src/generated/contract.ts	present	bindings/python/python/maxt/adapters.py	present	bindings/dart/lib/src/generated_provider_methods.dart	present	bindings/typescript/src/generated/api.ts	Fixture	list_subscriptions	gap_found	needs_approval	The method creates a new public socket instead of querying the existing connection.
Upbit	Quotation	WebSocketStream	SUBSCRIBE	type=candle.{unit}	candle.{unit}	documented_active	common_existing	general_adapter_or_provider	not_applicable	quotation.candle_stream	connected	bindings/common/src/coverage.rs::OPERATIONS	Partial	present	src/adapter.rs:78	present	bindings/common/src/schema.rs::binding_schema	present	bindings/python/python/maxt/_generated_contract.py;bindings/dart/lib/src/generated_contract.dart;bindings/typescript/src/generated/contract.ts	present	bindings/python/python/maxt/adapters.py	present	bindings/dart/lib/src/generated_provider_methods.dart	present	bindings/typescript/src/generated/api.ts	LiveRead	subscribe	needs_evidence	continue_audit	The existing implementation scope is retained, but operation-level semantic audit evidence is incomplete.
Upbit	Quotation	WebSocketStream	SUBSCRIBE	type=orderbook	orderbook	documented_active	common_existing	general_adapter_or_provider	not_applicable	quotation.orderbook_stream	connected	bindings/common/src/coverage.rs::OPERATIONS	Partial	present	src/adapter.rs:78	present	bindings/common/src/schema.rs::binding_schema	present	bindings/python/python/maxt/_generated_contract.py;bindings/dart/lib/src/generated_contract.dart;bindings/typescript/src/generated/contract.ts	present	bindings/python/python/maxt/adapters.py	present	bindings/dart/lib/src/generated_provider_methods.dart	present	bindings/typescript/src/generated/api.ts	LiveRead	subscribe	needs_evidence	continue_audit	The existing implementation scope is retained, but operation-level semantic audit evidence is incomplete.
Upbit	Quotation	WebSocketStream	SUBSCRIBE	type=ticker	ticker	documented_active	common_existing	general_adapter_or_provider	not_applicable	quotation.ticker_stream	connected	bindings/common/src/coverage.rs::OPERATIONS	Partial	present	src/adapter.rs:78	present	bindings/common/src/schema.rs::binding_schema	present	bindings/python/python/maxt/_generated_contract.py;bindings/dart/lib/src/generated_contract.dart;bindings/typescript/src/generated/contract.ts	present	bindings/python/python/maxt/adapters.py	present	bindings/dart/lib/src/generated_provider_methods.dart	present	bindings/typescript/src/generated/api.ts	LiveRead	subscribe	needs_evidence	continue_audit	The existing implementation scope is retained, but operation-level semantic audit evidence is incomplete.
Upbit	Quotation	WebSocketStream	SUBSCRIBE	type=trade	trade	documented_active	common_existing	general_adapter_or_provider	not_applicable	quotation.trade_stream	connected	bindings/common/src/coverage.rs::OPERATIONS	Partial	present	src/adapter.rs:78	present	bindings/common/src/schema.rs::binding_schema	present	bindings/python/python/maxt/_generated_contract.py;bindings/dart/lib/src/generated_contract.dart;bindings/typescript/src/generated/contract.ts	present	bindings/python/python/maxt/adapters.py	present	bindings/dart/lib/src/generated_provider_methods.dart	present	bindings/typescript/src/generated/api.ts	LiveRead	subscribe	needs_evidence	continue_audit	The existing implementation scope is retained, but operation-level semantic audit evidence is incomplete.
Upbit	Travel Rule	Http	GET	/v1/travel_rule/vasps	list-travelrule-vasps	documented_active	provider_typed	general_adapter_or_provider	not_applicable	travel_rule.travel_rule_vasps	connected	bindings/common/src/coverage.rs::OPERATIONS	Implemented	present	src/adapters/upbit/mod.rs:1481	present	bindings/common/src/schema.rs::binding_schema	present	bindings/python/python/maxt/_generated_contract.py;bindings/dart/lib/src/generated_contract.dart;bindings/typescript/src/generated/contract.ts	present	bindings/python/python/maxt/adapters.py	present	bindings/dart/lib/src/generated_provider_methods.dart	present	bindings/typescript/src/generated/api.ts	Fixture	travel_rule_vasps	verified	none	Audited Rust contract, public bindings, and verification evidence are present.
Upbit	Travel Rule	Http	POST	/v1/travel_rule/deposit/txid	verify-travelrule-by-txid	documented_active	provider_typed	general_adapter_or_provider	not_applicable	travel_rule.travel_rule_verify_txid	connected	bindings/common/src/coverage.rs::OPERATIONS	Implemented	present	src/adapters/upbit/mod.rs:1516	present	bindings/common/src/schema.rs::binding_schema	present	bindings/python/python/maxt/_generated_contract.py;bindings/dart/lib/src/generated_contract.dart;bindings/typescript/src/generated/contract.ts	present	bindings/python/python/maxt/adapters.py	present	bindings/dart/lib/src/generated_provider_methods.dart	present	bindings/typescript/src/generated/api.ts	Fixture	verify_travel_rule_by_txid	verified	none	Audited Rust contract, public bindings, and verification evidence are present.
Upbit	Travel Rule	Http	POST	/v1/travel_rule/deposit/uuid	verify-travelrule-by-uuid	documented_active	provider_typed	general_adapter_or_provider	not_applicable	travel_rule.travel_rule_verify_uuid	connected	bindings/common/src/coverage.rs::OPERATIONS	Implemented	present	src/adapters/upbit/mod.rs:1493	present	bindings/common/src/schema.rs::binding_schema	present	bindings/python/python/maxt/_generated_contract.py;bindings/dart/lib/src/generated_contract.dart;bindings/typescript/src/generated/contract.ts	present	bindings/python/python/maxt/adapters.py	present	bindings/dart/lib/src/generated_provider_methods.dart	present	bindings/typescript/src/generated/api.ts	Fixture	verify_travel_rule_by_uuid	verified	none	Audited Rust contract, public bindings, and verification evidence are present.
