# mechanical audit baseline for all 1,374 active official rows; not a semantic completion audit
# deprecated source rows are retained but excluded from this active ledger
# Unlinked rows are Unreviewed, never automatically treated as unimplemented
# platform_limited rows remain in the ledger and are separated from general Adapter work
exchange	official_product	interface	method	path_or_message	operation_id	lifecycle	exposure	platform_boundary	platform_decision	local_operations	bridge_status	coverage_locator	coverage_state	rust_status	rust_locators	schema_status	schema_locator	codegen_status	codegen_locator	Python_status	Python_locator	Dart_status	Dart_locator	TypeScript_status	TypeScript_locator	verification	audit_status	mapping_names	next_batch
Binance	Algo Trading REST	Http	DELETE	/sapi/v1/algo/futures/order	cancelAlgoOrderFutureAlgo	documented_active	provider_typed	general_adapter_or_provider	해당 없음		not_connected		Unlinked	unreviewed		unreviewed		unreviewed		unreviewed		unreviewed		unreviewed			Unreviewed		원장/감사 queue에 유지; 새 발견은 다음 backlog
Binance	Algo Trading REST	Http	DELETE	/sapi/v1/algo/spot/order	cancelAlgoOrderSpotAlgo	documented_active	provider_typed	general_adapter_or_provider	해당 없음		not_connected		Unlinked	unreviewed		unreviewed		unreviewed		unreviewed		unreviewed		unreviewed			Unreviewed		원장/감사 queue에 유지; 새 발견은 다음 backlog
Binance	Algo Trading REST	Http	GET	/sapi/v1/algo/futures/historicalOrders	queryHistoricalAlgoOrdersFutureAlgo	documented_active	provider_typed	general_adapter_or_provider	해당 없음		not_connected		Unlinked	unreviewed		unreviewed		unreviewed		unreviewed		unreviewed		unreviewed			Unreviewed		원장/감사 queue에 유지; 새 발견은 다음 backlog
Binance	Algo Trading REST	Http	GET	/sapi/v1/algo/futures/openOrders	queryCurrentAlgoOpenOrdersFutureAlgo	documented_active	provider_typed	general_adapter_or_provider	해당 없음		not_connected		Unlinked	unreviewed		unreviewed		unreviewed		unreviewed		unreviewed		unreviewed			Unreviewed		원장/감사 queue에 유지; 새 발견은 다음 backlog
Binance	Algo Trading REST	Http	GET	/sapi/v1/algo/futures/subOrders	querySubOrdersFutureAlgo	documented_active	provider_typed	general_adapter_or_provider	해당 없음		not_connected		Unlinked	unreviewed		unreviewed		unreviewed		unreviewed		unreviewed		unreviewed			Unreviewed		원장/감사 queue에 유지; 새 발견은 다음 backlog
Binance	Algo Trading REST	Http	GET	/sapi/v1/algo/spot/historicalOrders	queryHistoricalAlgoOrdersSpotAlgo	documented_active	provider_typed	general_adapter_or_provider	해당 없음		not_connected		Unlinked	unreviewed		unreviewed		unreviewed		unreviewed		unreviewed		unreviewed			Unreviewed		원장/감사 queue에 유지; 새 발견은 다음 backlog
Binance	Algo Trading REST	Http	GET	/sapi/v1/algo/spot/openOrders	queryCurrentAlgoOpenOrdersSpotAlgo	documented_active	provider_typed	general_adapter_or_provider	해당 없음		not_connected		Unlinked	unreviewed		unreviewed		unreviewed		unreviewed		unreviewed		unreviewed			Unreviewed		원장/감사 queue에 유지; 새 발견은 다음 backlog
Binance	Algo Trading REST	Http	GET	/sapi/v1/algo/spot/subOrders	querySubOrdersSpotAlgo	documented_active	provider_typed	general_adapter_or_provider	해당 없음		not_connected		Unlinked	unreviewed		unreviewed		unreviewed		unreviewed		unreviewed		unreviewed			Unreviewed		원장/감사 queue에 유지; 새 발견은 다음 backlog
Binance	Algo Trading REST	Http	POST	/sapi/v1/algo/futures/newOrderTwap	timeWeightedAveragePriceFutureAlgo	documented_active	provider_typed	general_adapter_or_provider	해당 없음		not_connected		Unlinked	unreviewed		unreviewed		unreviewed		unreviewed		unreviewed		unreviewed			Unreviewed		원장/감사 queue에 유지; 새 발견은 다음 backlog
Binance	Algo Trading REST	Http	POST	/sapi/v1/algo/futures/newOrderVp	volumeParticipationFutureAlgo	documented_active	provider_typed	general_adapter_or_provider	해당 없음		not_connected		Unlinked	unreviewed		unreviewed		unreviewed		unreviewed		unreviewed		unreviewed			Unreviewed		원장/감사 queue에 유지; 새 발견은 다음 backlog
Binance	Algo Trading REST	Http	POST	/sapi/v1/algo/spot/newOrderTwap	timeWeightedAveragePriceSpotAlgo	documented_active	provider_typed	general_adapter_or_provider	해당 없음		not_connected		Unlinked	unreviewed		unreviewed		unreviewed		unreviewed		unreviewed		unreviewed			Unreviewed		원장/감사 queue에 유지; 새 발견은 다음 backlog
Binance	Alpha Trading REST	Http	GET	/bapi/defi/v1/public/alpha-trade/agg-trades	aggregatedTrades	documented_active	provider_typed	general_adapter_or_provider	해당 없음		not_connected		Unlinked	unreviewed		unreviewed		unreviewed		unreviewed		unreviewed		unreviewed			Unreviewed		원장/감사 queue에 유지; 새 발견은 다음 backlog
Binance	Alpha Trading REST	Http	GET	/bapi/defi/v1/public/alpha-trade/fullDepth	fullDepth	documented_active	provider_typed	general_adapter_or_provider	해당 없음		not_connected		Unlinked	unreviewed		unreviewed		unreviewed		unreviewed		unreviewed		unreviewed			Unreviewed		원장/감사 queue에 유지; 새 발견은 다음 backlog
Binance	Alpha Trading REST	Http	GET	/bapi/defi/v1/public/alpha-trade/get-exchange-info	getExchangeInfo	documented_active	provider_typed	general_adapter_or_provider	해당 없음		not_connected		Unlinked	unreviewed		unreviewed		unreviewed		unreviewed		unreviewed		unreviewed			Unreviewed		원장/감사 queue에 유지; 새 발견은 다음 backlog
Binance	Alpha Trading REST	Http	GET	/bapi/defi/v1/public/alpha-trade/klines	klines	documented_active	provider_typed	general_adapter_or_provider	해당 없음		not_connected		Unlinked	unreviewed		unreviewed		unreviewed		unreviewed		unreviewed		unreviewed			Unreviewed		원장/감사 queue에 유지; 새 발견은 다음 backlog
Binance	Alpha Trading REST	Http	GET	/bapi/defi/v1/public/alpha-trade/ticker	ticker	documented_active	provider_typed	general_adapter_or_provider	해당 없음		not_connected		Unlinked	unreviewed		unreviewed		unreviewed		unreviewed		unreviewed		unreviewed			Unreviewed		원장/감사 queue에 유지; 새 발견은 다음 backlog
Binance	Alpha Trading REST	Http	GET	/bapi/defi/v1/public/wallet-direct/buw/wallet/cex/alpha/all/token/list	tokenList	documented_active	provider_typed	general_adapter_or_provider	해당 없음		not_connected		Unlinked	unreviewed		unreviewed		unreviewed		unreviewed		unreviewed		unreviewed			Unreviewed		원장/감사 queue에 유지; 새 발견은 다음 backlog
Binance	Alpha WebSocket Market Streams	WebSocketStream	POST	/!bookTicker	allBookTickerStream	documented_active	provider_typed	general_adapter_or_provider	해당 없음		not_connected		Unlinked	unreviewed		unreviewed		unreviewed		unreviewed		unreviewed		unreviewed			Unreviewed		원장/감사 queue에 유지; 새 발견은 다음 backlog
Binance	Alpha WebSocket Market Streams	WebSocketStream	POST	/!miniTicker@arr	allMiniTickerStream	documented_active	provider_typed	general_adapter_or_provider	해당 없음		not_connected		Unlinked	unreviewed		unreviewed		unreviewed		unreviewed		unreviewed		unreviewed			Unreviewed		원장/감사 queue에 유지; 새 발견은 다음 backlog
Binance	Alpha WebSocket Market Streams	WebSocketStream	POST	/!ticker@arr	allTickerStream	documented_active	provider_typed	general_adapter_or_provider	해당 없음		not_connected		Unlinked	unreviewed		unreviewed		unreviewed		unreviewed		unreviewed		unreviewed			Unreviewed		원장/감사 queue에 유지; 새 발견은 다음 backlog
Binance	Alpha WebSocket Market Streams	WebSocketStream	POST	/came@allTokens@ticker24	allTokens24hTickerStream	documented_active	provider_typed	general_adapter_or_provider	해당 없음		not_connected		Unlinked	unreviewed		unreviewed		unreviewed		unreviewed		unreviewed		unreviewed			Unreviewed		원장/감사 queue에 유지; 새 발견은 다음 backlog
Binance	Alpha WebSocket Market Streams	WebSocketStream	POST	/came@{contractAddress}@{chainId}@kline_{interval}	contractKlineStream	documented_active	provider_typed	general_adapter_or_provider	해당 없음		not_connected		Unlinked	unreviewed		unreviewed		unreviewed		unreviewed		unreviewed		unreviewed			Unreviewed		원장/감사 queue에 유지; 새 발견은 다음 backlog
Binance	Alpha WebSocket Market Streams	WebSocketStream	POST	/{symbol}@aggTrade	aggregateTradeStream	documented_active	provider_typed	general_adapter_or_provider	해당 없음		not_connected		Unlinked	unreviewed		unreviewed		unreviewed		unreviewed		unreviewed		unreviewed			Unreviewed		원장/감사 queue에 유지; 새 발견은 다음 backlog
Binance	Alpha WebSocket Market Streams	WebSocketStream	POST	/{symbol}@bookTicker	bookTickerStream	documented_active	provider_typed	general_adapter_or_provider	해당 없음		not_connected		Unlinked	unreviewed		unreviewed		unreviewed		unreviewed		unreviewed		unreviewed			Unreviewed		원장/감사 queue에 유지; 새 발견은 다음 backlog
Binance	Alpha WebSocket Market Streams	WebSocketStream	POST	/{symbol}@depth{levels}@{interval}	partialDepthStream	documented_active	provider_typed	general_adapter_or_provider	해당 없음		not_connected		Unlinked	unreviewed		unreviewed		unreviewed		unreviewed		unreviewed		unreviewed			Unreviewed		원장/감사 queue에 유지; 새 발견은 다음 backlog
Binance	Alpha WebSocket Market Streams	WebSocketStream	POST	/{symbol}@fulldepth@{interval}	fullDepthStream	documented_active	provider_typed	general_adapter_or_provider	해당 없음		not_connected		Unlinked	unreviewed		unreviewed		unreviewed		unreviewed		unreviewed		unreviewed			Unreviewed		원장/감사 queue에 유지; 새 발견은 다음 backlog
Binance	Alpha WebSocket Market Streams	WebSocketStream	POST	/{symbol}@kline_{interval}	klineStream	documented_active	provider_typed	general_adapter_or_provider	해당 없음		not_connected		Unlinked	unreviewed		unreviewed		unreviewed		unreviewed		unreviewed		unreviewed			Unreviewed		원장/감사 queue에 유지; 새 발견은 다음 backlog
Binance	Alpha WebSocket Market Streams	WebSocketStream	POST	/{symbol}@miniTicker	miniTickerStream	documented_active	provider_typed	general_adapter_or_provider	해당 없음		not_connected		Unlinked	unreviewed		unreviewed		unreviewed		unreviewed		unreviewed		unreviewed			Unreviewed		원장/감사 queue에 유지; 새 발견은 다음 backlog
Binance	Alpha WebSocket Market Streams	WebSocketStream	POST	/{symbol}@ticker	tickerStream	documented_active	provider_typed	general_adapter_or_provider	해당 없음		not_connected		Unlinked	unreviewed		unreviewed		unreviewed		unreviewed		unreviewed		unreviewed			Unreviewed		원장/감사 queue에 유지; 새 발견은 다음 backlog
Binance	Alpha WebSocket Market Streams	WebSocketStream	POST	/{symbol}@trade	tradeStream	documented_active	provider_typed	general_adapter_or_provider	해당 없음		not_connected		Unlinked	unreviewed		unreviewed		unreviewed		unreviewed		unreviewed		unreviewed			Unreviewed		원장/감사 queue에 유지; 새 발견은 다음 backlog
Binance	Binance Pay REST	Http	GET	/sapi/v1/pay/transactions	getPayTradeHistory	documented_active	provider_typed	general_adapter_or_provider	해당 없음		not_connected		Unlinked	unreviewed		unreviewed		unreviewed		unreviewed		unreviewed		unreviewed			Unreviewed		원장/감사 queue에 유지; 새 발견은 다음 backlog
Binance	C2C REST	Http	GET	/sapi/v1/c2c/orderMatch/listUserOrderHistory	getC2CTradeHistory	documented_active	provider_typed	general_adapter_or_provider	해당 없음	c2c.c2c_trade_history	connected	bindings/common/src/coverage.rs::OPERATIONS	Implemented	present	src/adapters/binance/mod.rs:589	present	bindings/common/src/schema.rs::binding_schema	present	bindings/python/python/maxt/_generated_contract.py;bindings/dart/lib/src/generated_contract.dart;bindings/typescript/src/generated/contract.ts	present	bindings/python/python/maxt/adapters.py	present	bindings/dart/lib/src/generated_provider_methods.dart	present	bindings/typescript/src/generated/api.ts	Fixture	MechanicallyConnected	c2c_trade_history	감사 초안; 의미상 Complete 아님
Binance	Convert REST	Http	GET	/sapi/v1/convert/assetInfo	queryOrderQuantityPrecisionPerAsset	documented_active	provider_typed	general_adapter_or_provider	해당 없음		not_connected		Unlinked	unreviewed		unreviewed		unreviewed		unreviewed		unreviewed		unreviewed			Unreviewed		원장/감사 queue에 유지; 새 발견은 다음 backlog
Binance	Convert REST	Http	GET	/sapi/v1/convert/exchangeInfo	listAllConvertPairs	documented_active	provider_typed	general_adapter_or_provider	해당 없음		not_connected		Unlinked	unreviewed		unreviewed		unreviewed		unreviewed		unreviewed		unreviewed			Unreviewed		원장/감사 queue에 유지; 새 발견은 다음 backlog
Binance	Convert REST	Http	GET	/sapi/v1/convert/limit/queryOpenOrders	queryLimitOpenOrders	documented_active	provider_typed	general_adapter_or_provider	해당 없음		not_connected		Unlinked	unreviewed		unreviewed		unreviewed		unreviewed		unreviewed		unreviewed			Unreviewed		원장/감사 queue에 유지; 새 발견은 다음 backlog
Binance	Convert REST	Http	GET	/sapi/v1/convert/orderStatus	orderStatus	documented_active	provider_typed	general_adapter_or_provider	해당 없음		not_connected		Unlinked	unreviewed		unreviewed		unreviewed		unreviewed		unreviewed		unreviewed			Unreviewed		원장/감사 queue에 유지; 새 발견은 다음 backlog
Binance	Convert REST	Http	GET	/sapi/v1/convert/tradeFlow	getConvertTradeHistory	documented_active	provider_typed	general_adapter_or_provider	해당 없음		not_connected		Unlinked	unreviewed		unreviewed		unreviewed		unreviewed		unreviewed		unreviewed			Unreviewed		원장/감사 queue에 유지; 새 발견은 다음 backlog
Binance	Convert REST	Http	POST	/sapi/v1/convert/acceptQuote	acceptQuote	documented_active	provider_typed	general_adapter_or_provider	해당 없음		not_connected		Unlinked	unreviewed		unreviewed		unreviewed		unreviewed		unreviewed		unreviewed			Unreviewed		원장/감사 queue에 유지; 새 발견은 다음 backlog
Binance	Convert REST	Http	POST	/sapi/v1/convert/getQuote	sendQuoteRequest	documented_active	provider_typed	general_adapter_or_provider	해당 없음		not_connected		Unlinked	unreviewed		unreviewed		unreviewed		unreviewed		unreviewed		unreviewed			Unreviewed		원장/감사 queue에 유지; 새 발견은 다음 backlog
Binance	Convert REST	Http	POST	/sapi/v1/convert/limit/cancelOrder	cancelLimitOrder	documented_active	provider_typed	general_adapter_or_provider	해당 없음		not_connected		Unlinked	unreviewed		unreviewed		unreviewed		unreviewed		unreviewed		unreviewed			Unreviewed		원장/감사 queue에 유지; 새 발견은 다음 backlog
Binance	Convert REST	Http	POST	/sapi/v1/convert/limit/placeOrder	placeLimitOrder	documented_active	provider_typed	general_adapter_or_provider	해당 없음		not_connected		Unlinked	unreviewed		unreviewed		unreviewed		unreviewed		unreviewed		unreviewed			Unreviewed		원장/감사 queue에 유지; 새 발견은 다음 backlog
Binance	Copy Trading REST	Http	GET	/sapi/v1/copyTrading/futures/leadSymbol	getFuturesLeadTradingSymbolWhitelist	documented_active	platform_limited	separate_platform_or_protocol_service	이번 릴리스 보류(임시; 사용자 승인 필요)		not_connected		Unlinked	unreviewed		unreviewed		unreviewed		unreviewed		unreviewed		unreviewed			Unreviewed		별도 platform/protocol service 결정 대기; 사용자 승인 전 구현 재개 금지
Binance	Copy Trading REST	Http	GET	/sapi/v1/copyTrading/futures/userStatus	getFuturesLeadTraderStatus	documented_active	platform_limited	separate_platform_or_protocol_service	이번 릴리스 보류(임시; 사용자 승인 필요)		not_connected		Unlinked	unreviewed		unreviewed		unreviewed		unreviewed		unreviewed		unreviewed			Unreviewed		별도 platform/protocol service 결정 대기; 사용자 승인 전 구현 재개 금지
Binance	Crypto Loan REST	Http	GET	/sapi/v1/loan/borrow/history	getLoanBorrowHistory	documented_active	provider_typed	general_adapter_or_provider	해당 없음		not_connected		Unlinked	unreviewed		unreviewed		unreviewed		unreviewed		unreviewed		unreviewed			Unreviewed		원장/감사 queue에 유지; 새 발견은 다음 backlog
Binance	Crypto Loan REST	Http	GET	/sapi/v1/loan/income	getCryptoLoansIncomeHistory	documented_active	provider_typed	general_adapter_or_provider	해당 없음		not_connected		Unlinked	unreviewed		unreviewed		unreviewed		unreviewed		unreviewed		unreviewed			Unreviewed		원장/감사 queue에 유지; 새 발견은 다음 backlog
Binance	Crypto Loan REST	Http	GET	/sapi/v1/loan/ltv/adjustment/history	getLoanLtvAdjustmentHistory	documented_active	provider_typed	general_adapter_or_provider	해당 없음		not_connected		Unlinked	unreviewed		unreviewed		unreviewed		unreviewed		unreviewed		unreviewed			Unreviewed		원장/감사 queue에 유지; 새 발견은 다음 backlog
Binance	Crypto Loan REST	Http	GET	/sapi/v1/loan/repay/history	getLoanRepaymentHistory	documented_active	provider_typed	general_adapter_or_provider	해당 없음		not_connected		Unlinked	unreviewed		unreviewed		unreviewed		unreviewed		unreviewed		unreviewed			Unreviewed		원장/감사 queue에 유지; 새 발견은 다음 backlog
Binance	Crypto Loan REST	Http	GET	/sapi/v2/loan/flexible/borrow/history	getFlexibleLoanBorrowHistory	documented_active	provider_typed	general_adapter_or_provider	해당 없음		not_connected		Unlinked	unreviewed		unreviewed		unreviewed		unreviewed		unreviewed		unreviewed			Unreviewed		원장/감사 queue에 유지; 새 발견은 다음 backlog
Binance	Crypto Loan REST	Http	GET	/sapi/v2/loan/flexible/collateral/data	getFlexibleLoanCollateralAssetsData	documented_active	provider_typed	general_adapter_or_provider	해당 없음		not_connected		Unlinked	unreviewed		unreviewed		unreviewed		unreviewed		unreviewed		unreviewed			Unreviewed		원장/감사 queue에 유지; 새 발견은 다음 backlog
Binance	Crypto Loan REST	Http	GET	/sapi/v2/loan/flexible/liquidation/history	getFlexibleLoanLiquidationHistory	documented_active	provider_typed	general_adapter_or_provider	해당 없음		not_connected		Unlinked	unreviewed		unreviewed		unreviewed		unreviewed		unreviewed		unreviewed			Unreviewed		원장/감사 queue에 유지; 새 발견은 다음 backlog
Binance	Crypto Loan REST	Http	GET	/sapi/v2/loan/flexible/loanable/data	getFlexibleLoanAssetsData	documented_active	provider_typed	general_adapter_or_provider	해당 없음		not_connected		Unlinked	unreviewed		unreviewed		unreviewed		unreviewed		unreviewed		unreviewed			Unreviewed		원장/감사 queue에 유지; 새 발견은 다음 backlog
Binance	Crypto Loan REST	Http	GET	/sapi/v2/loan/flexible/ltv/adjustment/history	getFlexibleLoanLtvAdjustmentHistory	documented_active	provider_typed	general_adapter_or_provider	해당 없음		not_connected		Unlinked	unreviewed		unreviewed		unreviewed		unreviewed		unreviewed		unreviewed			Unreviewed		원장/감사 queue에 유지; 새 발견은 다음 backlog
Binance	Crypto Loan REST	Http	GET	/sapi/v2/loan/flexible/ongoing/orders	getFlexibleLoanOngoingOrders	documented_active	provider_typed	general_adapter_or_provider	해당 없음		not_connected		Unlinked	unreviewed		unreviewed		unreviewed		unreviewed		unreviewed		unreviewed			Unreviewed		원장/감사 queue에 유지; 새 발견은 다음 backlog
Binance	Crypto Loan REST	Http	GET	/sapi/v2/loan/flexible/repay/history	getFlexibleLoanRepaymentHistory	documented_active	provider_typed	general_adapter_or_provider	해당 없음		not_connected		Unlinked	unreviewed		unreviewed		unreviewed		unreviewed		unreviewed		unreviewed			Unreviewed		원장/감사 queue에 유지; 새 발견은 다음 backlog
Binance	Crypto Loan REST	Http	GET	/sapi/v2/loan/flexible/repay/rate	checkCollateralRepayRate	documented_active	provider_typed	general_adapter_or_provider	해당 없음		not_connected		Unlinked	unreviewed		unreviewed		unreviewed		unreviewed		unreviewed		unreviewed			Unreviewed		원장/감사 queue에 유지; 새 발견은 다음 backlog
Binance	Crypto Loan REST	Http	GET	/sapi/v2/loan/interestRateHistory	getFlexibleLoanInterestRateHistory	documented_active	provider_typed	general_adapter_or_provider	해당 없음		not_connected		Unlinked	unreviewed		unreviewed		unreviewed		unreviewed		unreviewed		unreviewed			Unreviewed		원장/감사 queue에 유지; 새 발견은 다음 backlog
Binance	Crypto Loan REST	Http	POST	/sapi/v2/loan/flexible/adjust/ltv	flexibleLoanAdjustLtv	documented_active	provider_typed	general_adapter_or_provider	해당 없음		not_connected		Unlinked	unreviewed		unreviewed		unreviewed		unreviewed		unreviewed		unreviewed			Unreviewed		원장/감사 queue에 유지; 새 발견은 다음 backlog
Binance	Crypto Loan REST	Http	POST	/sapi/v2/loan/flexible/borrow	flexibleLoanBorrow	documented_active	provider_typed	general_adapter_or_provider	해당 없음		not_connected		Unlinked	unreviewed		unreviewed		unreviewed		unreviewed		unreviewed		unreviewed			Unreviewed		원장/감사 queue에 유지; 새 발견은 다음 backlog
Binance	Crypto Loan REST	Http	POST	/sapi/v2/loan/flexible/repay	flexibleLoanRepay	documented_active	provider_typed	general_adapter_or_provider	해당 없음		not_connected		Unlinked	unreviewed		unreviewed		unreviewed		unreviewed		unreviewed		unreviewed			Unreviewed		원장/감사 queue에 유지; 새 발견은 다음 backlog
Binance	Discount Buy REST	Http	GET	/sapi/v1/accumulator/product/list	getDiscountBuyProductList	documented_active	provider_typed	general_adapter_or_provider	해당 없음		not_connected		Unlinked	unreviewed		unreviewed		unreviewed		unreviewed		unreviewed		unreviewed			Unreviewed		원장/감사 queue에 유지; 새 발견은 다음 backlog
Binance	Discount Buy REST	Http	GET	/sapi/v1/accumulator/product/position/list	getDiscountBuyPositions	documented_active	provider_typed	general_adapter_or_provider	해당 없음		not_connected		Unlinked	unreviewed		unreviewed		unreviewed		unreviewed		unreviewed		unreviewed			Unreviewed		원장/감사 queue에 유지; 새 발견은 다음 backlog
Binance	Discount Buy REST	Http	GET	/sapi/v1/accumulator/product/sum-holding	checkDiscountBuyAccounts	documented_active	provider_typed	general_adapter_or_provider	해당 없음		not_connected		Unlinked	unreviewed		unreviewed		unreviewed		unreviewed		unreviewed		unreviewed			Unreviewed		원장/감사 queue에 유지; 새 발견은 다음 backlog
Binance	Discount Buy REST	Http	POST	/sapi/v1/accumulator/product/subscribe	subscribeDiscountBuyProducts	documented_active	provider_typed	general_adapter_or_provider	해당 없음		not_connected		Unlinked	unreviewed		unreviewed		unreviewed		unreviewed		unreviewed		unreviewed			Unreviewed		원장/감사 queue에 유지; 새 발견은 다음 backlog
Binance	Dual Investment REST	Http	GET	/sapi/v1/dci/product/accounts	checkDualInvestmentAccounts	documented_active	provider_typed	general_adapter_or_provider	해당 없음		not_connected		Unlinked	unreviewed		unreviewed		unreviewed		unreviewed		unreviewed		unreviewed			Unreviewed		원장/감사 queue에 유지; 새 발견은 다음 backlog
Binance	Dual Investment REST	Http	GET	/sapi/v1/dci/product/list	getDualInvestmentProductList	documented_active	provider_typed	general_adapter_or_provider	해당 없음		not_connected		Unlinked	unreviewed		unreviewed		unreviewed		unreviewed		unreviewed		unreviewed			Unreviewed		원장/감사 queue에 유지; 새 발견은 다음 backlog
Binance	Dual Investment REST	Http	GET	/sapi/v1/dci/product/positions	getDualInvestmentPositions	documented_active	provider_typed	general_adapter_or_provider	해당 없음		not_connected		Unlinked	unreviewed		unreviewed		unreviewed		unreviewed		unreviewed		unreviewed			Unreviewed		원장/감사 queue에 유지; 새 발견은 다음 backlog
Binance	Dual Investment REST	Http	POST	/sapi/v1/dci/product/auto_compound/edit-status	changeAutoCompoundStatus	documented_active	provider_typed	general_adapter_or_provider	해당 없음		not_connected		Unlinked	unreviewed		unreviewed		unreviewed		unreviewed		unreviewed		unreviewed			Unreviewed		원장/감사 queue에 유지; 새 발견은 다음 backlog
Binance	Dual Investment REST	Http	POST	/sapi/v1/dci/product/subscribe	subscribeDualInvestmentProducts	documented_active	provider_typed	general_adapter_or_provider	해당 없음		not_connected		Unlinked	unreviewed		unreviewed		unreviewed		unreviewed		unreviewed		unreviewed			Unreviewed		원장/감사 queue에 유지; 새 발견은 다음 backlog
Binance	Exchange Link REST	Http	DELETE	/sapi/v1/broker/subAccount	deleteSubAccount	documented_active	platform_limited	separate_platform_or_protocol_service	이번 릴리스 보류(임시; 사용자 승인 필요)		not_connected		Unlinked	unreviewed		unreviewed		unreviewed		unreviewed		unreviewed		unreviewed			Unreviewed		별도 platform/protocol service 결정 대기; 사용자 승인 전 구현 재개 금지
Binance	Exchange Link REST	Http	DELETE	/sapi/v1/broker/subAccountApi	deleteSubAccountApiKey	documented_active	platform_limited	separate_platform_or_protocol_service	이번 릴리스 보류(임시; 사용자 승인 필요)		not_connected		Unlinked	unreviewed		unreviewed		unreviewed		unreviewed		unreviewed		unreviewed			Unreviewed		별도 platform/protocol service 결정 대기; 사용자 승인 전 구현 재개 금지
Binance	Exchange Link REST	Http	DELETE	/sapi/v1/broker/subAccountApi/ipRestriction/ipList	deleteIpRestrictionForSubAccountApiKey	documented_active	platform_limited	separate_platform_or_protocol_service	이번 릴리스 보류(임시; 사용자 승인 필요)		not_connected		Unlinked	unreviewed		unreviewed		unreviewed		unreviewed		unreviewed		unreviewed			Unreviewed		별도 platform/protocol service 결정 대기; 사용자 승인 전 구현 재개 금지
Binance	Exchange Link REST	Http	GET	/sapi/v1/broker/info	linkAccountInformation	documented_active	platform_limited	separate_platform_or_protocol_service	이번 릴리스 보류(임시; 사용자 승인 필요)		not_connected		Unlinked	unreviewed		unreviewed		unreviewed		unreviewed		unreviewed		unreviewed			Unreviewed		별도 platform/protocol service 결정 대기; 사용자 승인 전 구현 재개 금지
Binance	Exchange Link REST	Http	GET	/sapi/v1/broker/rebate/futures/recentRecord	queryBrokerFuturesCommissionRebateRecord	documented_active	platform_limited	separate_platform_or_protocol_service	이번 릴리스 보류(임시; 사용자 승인 필요)		not_connected		Unlinked	unreviewed		unreviewed		unreviewed		unreviewed		unreviewed		unreviewed			Unreviewed		별도 platform/protocol service 결정 대기; 사용자 승인 전 구현 재개 금지
Binance	Exchange Link REST	Http	GET	/sapi/v1/broker/rebate/recentRecord	querySpotCommissionRebateRecentRecord	documented_active	platform_limited	separate_platform_or_protocol_service	이번 릴리스 보류(임시; 사용자 승인 필요)		not_connected		Unlinked	unreviewed		unreviewed		unreviewed		unreviewed		unreviewed		unreviewed			Unreviewed		별도 platform/protocol service 결정 대기; 사용자 승인 전 구현 재개 금지
Binance	Exchange Link REST	Http	GET	/sapi/v1/broker/subAccount	querySubAccount	documented_active	platform_limited	separate_platform_or_protocol_service	이번 릴리스 보류(임시; 사용자 승인 필요)		not_connected		Unlinked	unreviewed		unreviewed		unreviewed		unreviewed		unreviewed		unreviewed			Unreviewed		별도 platform/protocol service 결정 대기; 사용자 승인 전 구현 재개 금지
Binance	Exchange Link REST	Http	GET	/sapi/v1/broker/subAccount/bnbBurn/status	getBnbBurnStatusForSubAccount	documented_active	platform_limited	separate_platform_or_protocol_service	이번 릴리스 보류(임시; 사용자 승인 필요)		not_connected		Unlinked	unreviewed		unreviewed		unreviewed		unreviewed		unreviewed		unreviewed			Unreviewed		별도 platform/protocol service 결정 대기; 사용자 승인 전 구현 재개 금지
Binance	Exchange Link REST	Http	GET	/sapi/v1/broker/subAccount/depositHist	getSubAccountDepositHistory	documented_active	platform_limited	separate_platform_or_protocol_service	이번 릴리스 보류(임시; 사용자 승인 필요)		not_connected		Unlinked	unreviewed		unreviewed		unreviewed		unreviewed		unreviewed		unreviewed			Unreviewed		별도 platform/protocol service 결정 대기; 사용자 승인 전 구현 재개 금지
Binance	Exchange Link REST	Http	GET	/sapi/v1/broker/subAccount/marginSummary	querySubAccountMarginAssetInfo	documented_active	platform_limited	separate_platform_or_protocol_service	이번 릴리스 보류(임시; 사용자 승인 필요)		not_connected		Unlinked	unreviewed		unreviewed		unreviewed		unreviewed		unreviewed		unreviewed			Unreviewed		별도 platform/protocol service 결정 대기; 사용자 승인 전 구현 재개 금지
Binance	Exchange Link REST	Http	GET	/sapi/v1/broker/subAccount/spotSummary	querySubAccountSpotAssetInfo	documented_active	platform_limited	separate_platform_or_protocol_service	이번 릴리스 보류(임시; 사용자 승인 필요)		not_connected		Unlinked	unreviewed		unreviewed		unreviewed		unreviewed		unreviewed		unreviewed			Unreviewed		별도 platform/protocol service 결정 대기; 사용자 승인 전 구현 재개 금지
Binance	Exchange Link REST	Http	GET	/sapi/v1/broker/subAccountApi	querySubAccountApiKey	documented_active	platform_limited	separate_platform_or_protocol_service	이번 릴리스 보류(임시; 사용자 승인 필요)		not_connected		Unlinked	unreviewed		unreviewed		unreviewed		unreviewed		unreviewed		unreviewed			Unreviewed		별도 platform/protocol service 결정 대기; 사용자 승인 전 구현 재개 금지
Binance	Exchange Link REST	Http	GET	/sapi/v1/broker/subAccountApi/commission/coinFutures	querySubAccountCoinFuturesCommissionAdjustment	documented_active	platform_limited	separate_platform_or_protocol_service	이번 릴리스 보류(임시; 사용자 승인 필요)		not_connected		Unlinked	unreviewed		unreviewed		unreviewed		unreviewed		unreviewed		unreviewed			Unreviewed		별도 platform/protocol service 결정 대기; 사용자 승인 전 구현 재개 금지
Binance	Exchange Link REST	Http	GET	/sapi/v1/broker/subAccountApi/commission/futures	querySubAccountUsdtFuturesCommissionAdjustment	documented_active	platform_limited	separate_platform_or_protocol_service	이번 릴리스 보류(임시; 사용자 승인 필요)		not_connected		Unlinked	unreviewed		unreviewed		unreviewed		unreviewed		unreviewed		unreviewed			Unreviewed		별도 platform/protocol service 결정 대기; 사용자 승인 전 구현 재개 금지
Binance	Exchange Link REST	Http	GET	/sapi/v1/broker/subAccountApi/ipRestriction	getIpRestrictionForSubAccountApiKey	documented_active	platform_limited	separate_platform_or_protocol_service	이번 릴리스 보류(임시; 사용자 승인 필요)		not_connected		Unlinked	unreviewed		unreviewed		unreviewed		unreviewed		unreviewed		unreviewed			Unreviewed		별도 platform/protocol service 결정 대기; 사용자 승인 전 구현 재개 금지
Binance	Exchange Link REST	Http	GET	/sapi/v1/broker/transfer	querySubAccountTransferHistorySpot	documented_active	platform_limited	separate_platform_or_protocol_service	이번 릴리스 보류(임시; 사용자 승인 필요)		not_connected		Unlinked	unreviewed		unreviewed		unreviewed		unreviewed		unreviewed		unreviewed			Unreviewed		별도 platform/protocol service 결정 대기; 사용자 승인 전 구현 재개 금지
Binance	Exchange Link REST	Http	GET	/sapi/v1/broker/transfer/futures	querySubAccountTransferHistoryFutures	documented_active	platform_limited	separate_platform_or_protocol_service	이번 릴리스 보류(임시; 사용자 승인 필요)		not_connected		Unlinked	unreviewed		unreviewed		unreviewed		unreviewed		unreviewed		unreviewed			Unreviewed		별도 platform/protocol service 결정 대기; 사용자 승인 전 구현 재개 금지
Binance	Exchange Link REST	Http	GET	/sapi/v1/broker/universalTransfer	queryUniversalTransferHistory	documented_active	platform_limited	separate_platform_or_protocol_service	이번 릴리스 보류(임시; 사용자 승인 필요)		not_connected		Unlinked	unreviewed		unreviewed		unreviewed		unreviewed		unreviewed		unreviewed			Unreviewed		별도 platform/protocol service 결정 대기; 사용자 승인 전 구현 재개 금지
Binance	Exchange Link REST	Http	GET	/sapi/v2/broker/subAccount/depositHist	getSubAccountDepositHistoryV2	documented_active	platform_limited	separate_platform_or_protocol_service	이번 릴리스 보류(임시; 사용자 승인 필요)		not_connected		Unlinked	unreviewed		unreviewed		unreviewed		unreviewed		unreviewed		unreviewed			Unreviewed		별도 platform/protocol service 결정 대기; 사용자 승인 전 구현 재개 금지
Binance	Exchange Link REST	Http	GET	/sapi/v3/broker/subAccount/futuresSummary	querySubAccountFuturesAssetInfo	documented_active	platform_limited	separate_platform_or_protocol_service	이번 릴리스 보류(임시; 사용자 승인 필요)		not_connected		Unlinked	unreviewed		unreviewed		unreviewed		unreviewed		unreviewed		unreviewed			Unreviewed		별도 platform/protocol service 결정 대기; 사용자 승인 전 구현 재개 금지
Binance	Exchange Link REST	Http	POST	/sapi/v1/broker/futures/accountTransfer	futuresTransferForLinkSubAccount	documented_active	platform_limited	separate_platform_or_protocol_service	이번 릴리스 보류(임시; 사용자 승인 필요)		not_connected		Unlinked	unreviewed		unreviewed		unreviewed		unreviewed		unreviewed		unreviewed			Unreviewed		별도 platform/protocol service 결정 대기; 사용자 승인 전 구현 재개 금지
Binance	Exchange Link REST	Http	POST	/sapi/v1/broker/subAccount	createASubAccount	documented_active	platform_limited	separate_platform_or_protocol_service	이번 릴리스 보류(임시; 사용자 승인 필요)		not_connected		Unlinked	unreviewed		unreviewed		unreviewed		unreviewed		unreviewed		unreviewed			Unreviewed		별도 platform/protocol service 결정 대기; 사용자 승인 전 구현 재개 금지
Binance	Exchange Link REST	Http	POST	/sapi/v1/broker/subAccount/bnbBurn/marginInterest	enableOrDisableBnbBurnForSubAccountMarginInterest	documented_active	platform_limited	separate_platform_or_protocol_service	이번 릴리스 보류(임시; 사용자 승인 필요)		not_connected		Unlinked	unreviewed		unreviewed		unreviewed		unreviewed		unreviewed		unreviewed			Unreviewed		별도 platform/protocol service 결정 대기; 사용자 승인 전 구현 재개 금지
Binance	Exchange Link REST	Http	POST	/sapi/v1/broker/subAccount/bnbBurn/spot	enableOrDisableBnbBurnForSubAccountSpotAndMargin	documented_active	platform_limited	separate_platform_or_protocol_service	이번 릴리스 보류(임시; 사용자 승인 필요)		not_connected		Unlinked	unreviewed		unreviewed		unreviewed		unreviewed		unreviewed		unreviewed			Unreviewed		별도 platform/protocol service 결정 대기; 사용자 승인 전 구현 재개 금지
Binance	Exchange Link REST	Http	POST	/sapi/v1/broker/subAccount/futures	enableFuturesForSubAccount	documented_active	platform_limited	separate_platform_or_protocol_service	이번 릴리스 보류(임시; 사용자 승인 필요)		not_connected		Unlinked	unreviewed		unreviewed		unreviewed		unreviewed		unreviewed		unreviewed			Unreviewed		별도 platform/protocol service 결정 대기; 사용자 승인 전 구현 재개 금지
Binance	Exchange Link REST	Http	POST	/sapi/v1/broker/subAccountApi	createApiKeyForSubAccount	documented_active	platform_limited	separate_platform_or_protocol_service	이번 릴리스 보류(임시; 사용자 승인 필요)		not_connected		Unlinked	unreviewed		unreviewed		unreviewed		unreviewed		unreviewed		unreviewed			Unreviewed		별도 platform/protocol service 결정 대기; 사용자 승인 전 구현 재개 금지
Binance	Exchange Link REST	Http	POST	/sapi/v1/broker/subAccountApi/commission	changeSubAccountCommission	documented_active	platform_limited	separate_platform_or_protocol_service	이번 릴리스 보류(임시; 사용자 승인 필요)		not_connected		Unlinked	unreviewed		unreviewed		unreviewed		unreviewed		unreviewed		unreviewed			Unreviewed		별도 platform/protocol service 결정 대기; 사용자 승인 전 구현 재개 금지
Binance	Exchange Link REST	Http	POST	/sapi/v1/broker/subAccountApi/commission/coinFutures	changeSubAccountCoinFuturesCommissionAdjustment	documented_active	platform_limited	separate_platform_or_protocol_service	이번 릴리스 보류(임시; 사용자 승인 필요)		not_connected		Unlinked	unreviewed		unreviewed		unreviewed		unreviewed		unreviewed		unreviewed			Unreviewed		별도 platform/protocol service 결정 대기; 사용자 승인 전 구현 재개 금지
Binance	Exchange Link REST	Http	POST	/sapi/v1/broker/subAccountApi/commission/futures	changeSubAccountUsdtFuturesCommissionAdjustment	documented_active	platform_limited	separate_platform_or_protocol_service	이번 릴리스 보류(임시; 사용자 승인 필요)		not_connected		Unlinked	unreviewed		unreviewed		unreviewed		unreviewed		unreviewed		unreviewed			Unreviewed		별도 platform/protocol service 결정 대기; 사용자 승인 전 구현 재개 금지
Binance	Exchange Link REST	Http	POST	/sapi/v1/broker/subAccountApi/permission	changeSubAccountApiPermission	documented_active	platform_limited	separate_platform_or_protocol_service	이번 릴리스 보류(임시; 사용자 승인 필요)		not_connected		Unlinked	unreviewed		unreviewed		unreviewed		unreviewed		unreviewed		unreviewed			Unreviewed		별도 platform/protocol service 결정 대기; 사용자 승인 전 구현 재개 금지
Binance	Exchange Link REST	Http	POST	/sapi/v1/broker/subAccountApi/permission/universalTransfer	enableUniversalTransferPermissionForSubAccountApiKey	documented_active	platform_limited	separate_platform_or_protocol_service	이번 릴리스 보류(임시; 사용자 승인 필요)		not_connected		Unlinked	unreviewed		unreviewed		unreviewed		unreviewed		unreviewed		unreviewed			Unreviewed		별도 platform/protocol service 결정 대기; 사용자 승인 전 구현 재개 금지
Binance	Exchange Link REST	Http	POST	/sapi/v1/broker/transfer	subAccountTransferSpot	documented_active	platform_limited	separate_platform_or_protocol_service	이번 릴리스 보류(임시; 사용자 승인 필요)		not_connected		Unlinked	unreviewed		unreviewed		unreviewed		unreviewed		unreviewed		unreviewed			Unreviewed		별도 platform/protocol service 결정 대기; 사용자 승인 전 구현 재개 금지
Binance	Exchange Link REST	Http	POST	/sapi/v1/broker/transfer/futures	subAccountTransferFutures	documented_active	platform_limited	separate_platform_or_protocol_service	이번 릴리스 보류(임시; 사용자 승인 필요)		not_connected		Unlinked	unreviewed		unreviewed		unreviewed		unreviewed		unreviewed		unreviewed			Unreviewed		별도 platform/protocol service 결정 대기; 사용자 승인 전 구현 재개 금지
Binance	Exchange Link REST	Http	POST	/sapi/v1/broker/universalTransfer	universalTransfer	documented_active	platform_limited	separate_platform_or_protocol_service	이번 릴리스 보류(임시; 사용자 승인 필요)		not_connected		Unlinked	unreviewed		unreviewed		unreviewed		unreviewed		unreviewed		unreviewed			Unreviewed		별도 platform/protocol service 결정 대기; 사용자 승인 전 구현 재개 금지
Binance	Exchange Link REST	Http	POST	/sapi/v2/broker/subAccountApi/ipRestriction	updateIpRestrictionForSubAccountApiKey	documented_active	platform_limited	separate_platform_or_protocol_service	이번 릴리스 보류(임시; 사용자 승인 필요)		not_connected		Unlinked	unreviewed		unreviewed		unreviewed		unreviewed		unreviewed		unreviewed			Unreviewed		별도 platform/protocol service 결정 대기; 사용자 승인 전 구현 재개 금지
Binance	Fiat REST	Http	GET	/sapi/v1/fiat/get-order-detail	getOrderDetail	documented_active	provider_typed	general_adapter_or_provider	해당 없음		not_connected		Unlinked	unreviewed		unreviewed		unreviewed		unreviewed		unreviewed		unreviewed			Unreviewed		원장/감사 queue에 유지; 새 발견은 다음 backlog
Binance	Fiat REST	Http	GET	/sapi/v1/fiat/orders	getFiatDepositWithdrawHistory	documented_active	provider_typed	general_adapter_or_provider	해당 없음		not_connected		Unlinked	unreviewed		unreviewed		unreviewed		unreviewed		unreviewed		unreviewed			Unreviewed		원장/감사 queue에 유지; 새 발견은 다음 backlog
Binance	Fiat REST	Http	GET	/sapi/v1/fiat/payments	getFiatPaymentsHistory	documented_active	provider_typed	general_adapter_or_provider	해당 없음		not_connected		Unlinked	unreviewed		unreviewed		unreviewed		unreviewed		unreviewed		unreviewed			Unreviewed		원장/감사 queue에 유지; 새 발견은 다음 backlog
Binance	Fiat REST	Http	POST	/sapi/v1/fiat/deposit	deposit	documented_active	provider_typed	general_adapter_or_provider	해당 없음		not_connected		Unlinked	unreviewed		unreviewed		unreviewed		unreviewed		unreviewed		unreviewed			Unreviewed		원장/감사 queue에 유지; 새 발견은 다음 backlog
Binance	Fiat REST	Http	POST	/sapi/v2/fiat/withdraw	fiatWithdraw	documented_active	provider_typed	general_adapter_or_provider	해당 없음		not_connected		Unlinked	unreviewed		unreviewed		unreviewed		unreviewed		unreviewed		unreviewed			Unreviewed		원장/감사 queue에 유지; 새 발견은 다음 backlog
Binance	Fund Account REST	Http	GET	/sapi/v1/capital-connect/redemption/calendar	redemptionCalendar	documented_active	platform_limited	separate_platform_or_protocol_service	이번 릴리스 보류(임시; 사용자 승인 필요)		not_connected		Unlinked	unreviewed		unreviewed		unreviewed		unreviewed		unreviewed		unreviewed			Unreviewed		별도 platform/protocol service 결정 대기; 사용자 승인 전 구현 재개 금지
Binance	Fund Account REST	Http	GET	/sapi/v1/vip/fund-info/fund-info-basic-info	queryFundInfoForFundManager	documented_active	platform_limited	separate_platform_or_protocol_service	이번 릴리스 보류(임시; 사용자 승인 필요)		not_connected		Unlinked	unreviewed		unreviewed		unreviewed		unreviewed		unreviewed		unreviewed			Unreviewed		별도 platform/protocol service 결정 대기; 사용자 승인 전 구현 재개 금지
Binance	Fund Account REST	Http	GET	/sapi/v1/vip/fund-info/fund-investor-his-info	queryInvestorOperationHistory	documented_active	platform_limited	separate_platform_or_protocol_service	이번 릴리스 보류(임시; 사용자 승인 필요)		not_connected		Unlinked	unreviewed		unreviewed		unreviewed		unreviewed		unreviewed		unreviewed			Unreviewed		별도 platform/protocol service 결정 대기; 사용자 승인 전 구현 재개 금지
Binance	Fund Account REST	Http	GET	/sapi/v1/vip/fund-info/fund-nav-info	queryFundNavHistory	documented_active	platform_limited	separate_platform_or_protocol_service	이번 릴리스 보류(임시; 사용자 승인 필요)		not_connected		Unlinked	unreviewed		unreviewed		unreviewed		unreviewed		unreviewed		unreviewed			Unreviewed		별도 platform/protocol service 결정 대기; 사용자 승인 전 구현 재개 금지
Binance	Futures (COIN-M) REST	Http	DELETE	/dapi/v1/allOpenOrders	cancelAllOpenOrders	documented_active	provider_typed	general_adapter_or_provider	해당 없음		not_connected		Unlinked	unreviewed		unreviewed		unreviewed		unreviewed		unreviewed		unreviewed			Unreviewed		원장/감사 queue에 유지; 새 발견은 다음 backlog
Binance	Futures (COIN-M) REST	Http	DELETE	/dapi/v1/batchOrders	cancelMultipleOrders	documented_active	provider_typed	general_adapter_or_provider	해당 없음		not_connected		Unlinked	unreviewed		unreviewed		unreviewed		unreviewed		unreviewed		unreviewed			Unreviewed		원장/감사 queue에 유지; 새 발견은 다음 backlog
Binance	Futures (COIN-M) REST	Http	DELETE	/dapi/v1/listenKey	closeUserDataStream	documented_active	provider_typed	general_adapter_or_provider	해당 없음		not_connected		Unlinked	unreviewed		unreviewed		unreviewed		unreviewed		unreviewed		unreviewed			Unreviewed		원장/감사 queue에 유지; 새 발견은 다음 backlog
Binance	Futures (COIN-M) REST	Http	DELETE	/dapi/v1/order	cancelOrder	documented_active	provider_typed	general_adapter_or_provider	해당 없음		not_connected		Unlinked	unreviewed		unreviewed		unreviewed		unreviewed		unreviewed		unreviewed			Unreviewed		원장/감사 queue에 유지; 새 발견은 다음 backlog
Binance	Futures (COIN-M) REST	Http	GET	/dapi/v1/account	accountInformation	documented_active	provider_typed	general_adapter_or_provider	해당 없음		not_connected		Unlinked	unreviewed		unreviewed		unreviewed		unreviewed		unreviewed		unreviewed			Unreviewed		원장/감사 queue에 유지; 새 발견은 다음 backlog
Binance	Futures (COIN-M) REST	Http	GET	/dapi/v1/adlQuantile	positionAdlQuantileEstimation	documented_active	provider_typed	general_adapter_or_provider	해당 없음		not_connected		Unlinked	unreviewed		unreviewed		unreviewed		unreviewed		unreviewed		unreviewed			Unreviewed		원장/감사 queue에 유지; 새 발견은 다음 backlog
Binance	Futures (COIN-M) REST	Http	GET	/dapi/v1/aggTrades	compressedAggregateTradesList	documented_active	provider_typed	general_adapter_or_provider	해당 없음		not_connected		Unlinked	unreviewed		unreviewed		unreviewed		unreviewed		unreviewed		unreviewed			Unreviewed		원장/감사 queue에 유지; 새 발견은 다음 backlog
Binance	Futures (COIN-M) REST	Http	GET	/dapi/v1/allOrders	allOrders	documented_active	provider_typed	general_adapter_or_provider	해당 없음		not_connected		Unlinked	unreviewed		unreviewed		unreviewed		unreviewed		unreviewed		unreviewed			Unreviewed		원장/감사 queue에 유지; 새 발견은 다음 backlog
Binance	Futures (COIN-M) REST	Http	GET	/dapi/v1/balance	futuresAccountBalance	documented_active	provider_typed	general_adapter_or_provider	해당 없음		not_connected		Unlinked	unreviewed		unreviewed		unreviewed		unreviewed		unreviewed		unreviewed			Unreviewed		원장/감사 queue에 유지; 새 발견은 다음 backlog
Binance	Futures (COIN-M) REST	Http	GET	/dapi/v1/commissionRate	userCommissionRate	documented_active	provider_typed	general_adapter_or_provider	해당 없음		not_connected		Unlinked	unreviewed		unreviewed		unreviewed		unreviewed		unreviewed		unreviewed			Unreviewed		원장/감사 queue에 유지; 새 발견은 다음 backlog
Binance	Futures (COIN-M) REST	Http	GET	/dapi/v1/constituents	queryIndexPriceConstituents	documented_active	provider_typed	general_adapter_or_provider	해당 없음		not_connected		Unlinked	unreviewed		unreviewed		unreviewed		unreviewed		unreviewed		unreviewed			Unreviewed		원장/감사 queue에 유지; 새 발견은 다음 backlog
Binance	Futures (COIN-M) REST	Http	GET	/dapi/v1/continuousKlines	continuousContractKlineCandlestickData	documented_active	provider_typed	general_adapter_or_provider	해당 없음		not_connected		Unlinked	unreviewed		unreviewed		unreviewed		unreviewed		unreviewed		unreviewed			Unreviewed		원장/감사 queue에 유지; 새 발견은 다음 backlog
Binance	Futures (COIN-M) REST	Http	GET	/dapi/v1/depth	orderBook	documented_active	provider_typed	general_adapter_or_provider	해당 없음		not_connected		Unlinked	unreviewed		unreviewed		unreviewed		unreviewed		unreviewed		unreviewed			Unreviewed		원장/감사 queue에 유지; 새 발견은 다음 backlog
Binance	Futures (COIN-M) REST	Http	GET	/dapi/v1/exchangeInfo	exchangeInformation	documented_active	provider_typed	general_adapter_or_provider	해당 없음		not_connected		Unlinked	unreviewed		unreviewed		unreviewed		unreviewed		unreviewed		unreviewed			Unreviewed		원장/감사 queue에 유지; 새 발견은 다음 backlog
Binance	Futures (COIN-M) REST	Http	GET	/dapi/v1/forceOrders	usersForceOrders	documented_active	provider_typed	general_adapter_or_provider	해당 없음		not_connected		Unlinked	unreviewed		unreviewed		unreviewed		unreviewed		unreviewed		unreviewed			Unreviewed		원장/감사 queue에 유지; 새 발견은 다음 backlog
Binance	Futures (COIN-M) REST	Http	GET	/dapi/v1/fundingInfo	getFundingRateInfo	documented_active	provider_typed	general_adapter_or_provider	해당 없음		not_connected		Unlinked	unreviewed		unreviewed		unreviewed		unreviewed		unreviewed		unreviewed			Unreviewed		원장/감사 queue에 유지; 새 발견은 다음 backlog
Binance	Futures (COIN-M) REST	Http	GET	/dapi/v1/fundingRate	getFundingRateHistoryOfPerpetualFutures	documented_active	provider_typed	general_adapter_or_provider	해당 없음		not_connected		Unlinked	unreviewed		unreviewed		unreviewed		unreviewed		unreviewed		unreviewed			Unreviewed		원장/감사 queue에 유지; 새 발견은 다음 backlog
Binance	Futures (COIN-M) REST	Http	GET	/dapi/v1/historicalTrades	oldTradesLookup	documented_active	provider_typed	general_adapter_or_provider	해당 없음		not_connected		Unlinked	unreviewed		unreviewed		unreviewed		unreviewed		unreviewed		unreviewed			Unreviewed		원장/감사 queue에 유지; 새 발견은 다음 backlog
Binance	Futures (COIN-M) REST	Http	GET	/dapi/v1/income	getIncomeHistory	documented_active	provider_typed	general_adapter_or_provider	해당 없음		not_connected		Unlinked	unreviewed		unreviewed		unreviewed		unreviewed		unreviewed		unreviewed			Unreviewed		원장/감사 queue에 유지; 새 발견은 다음 backlog
Binance	Futures (COIN-M) REST	Http	GET	/dapi/v1/income/asyn	getDownloadIdForFuturesTransactionHistory	documented_active	provider_typed	general_adapter_or_provider	해당 없음		not_connected		Unlinked	unreviewed		unreviewed		unreviewed		unreviewed		unreviewed		unreviewed			Unreviewed		원장/감사 queue에 유지; 새 발견은 다음 backlog
Binance	Futures (COIN-M) REST	Http	GET	/dapi/v1/income/asyn/id	getFuturesTransactionHistoryDownloadLinkById	documented_active	provider_typed	general_adapter_or_provider	해당 없음		not_connected		Unlinked	unreviewed		unreviewed		unreviewed		unreviewed		unreviewed		unreviewed			Unreviewed		원장/감사 queue에 유지; 새 발견은 다음 backlog
Binance	Futures (COIN-M) REST	Http	GET	/dapi/v1/indexPriceKlines	indexPriceKlineCandlestickData	documented_active	provider_typed	general_adapter_or_provider	해당 없음		not_connected		Unlinked	unreviewed		unreviewed		unreviewed		unreviewed		unreviewed		unreviewed			Unreviewed		원장/감사 queue에 유지; 새 발견은 다음 backlog
Binance	Futures (COIN-M) REST	Http	GET	/dapi/v1/klines	klineCandlestickData	documented_active	provider_typed	general_adapter_or_provider	해당 없음		not_connected		Unlinked	unreviewed		unreviewed		unreviewed		unreviewed		unreviewed		unreviewed			Unreviewed		원장/감사 queue에 유지; 새 발견은 다음 backlog
Binance	Futures (COIN-M) REST	Http	GET	/dapi/v1/leverageBracket	notionalBracketForPair	documented_active	provider_typed	general_adapter_or_provider	해당 없음		not_connected		Unlinked	unreviewed		unreviewed		unreviewed		unreviewed		unreviewed		unreviewed			Unreviewed		원장/감사 queue에 유지; 새 발견은 다음 backlog
Binance	Futures (COIN-M) REST	Http	GET	/dapi/v1/markPriceKlines	markPriceKlineCandlestickData	documented_active	provider_typed	general_adapter_or_provider	해당 없음		not_connected		Unlinked	unreviewed		unreviewed		unreviewed		unreviewed		unreviewed		unreviewed			Unreviewed		원장/감사 queue에 유지; 새 발견은 다음 backlog
Binance	Futures (COIN-M) REST	Http	GET	/dapi/v1/openInterest	openInterest	documented_active	provider_typed	general_adapter_or_provider	해당 없음		not_connected		Unlinked	unreviewed		unreviewed		unreviewed		unreviewed		unreviewed		unreviewed			Unreviewed		원장/감사 queue에 유지; 새 발견은 다음 backlog
Binance	Futures (COIN-M) REST	Http	GET	/dapi/v1/openOrder	queryCurrentOpenOrder	documented_active	provider_typed	general_adapter_or_provider	해당 없음		not_connected		Unlinked	unreviewed		unreviewed		unreviewed		unreviewed		unreviewed		unreviewed			Unreviewed		원장/감사 queue에 유지; 새 발견은 다음 backlog
Binance	Futures (COIN-M) REST	Http	GET	/dapi/v1/openOrders	currentAllOpenOrders	documented_active	provider_typed	general_adapter_or_provider	해당 없음		not_connected		Unlinked	unreviewed		unreviewed		unreviewed		unreviewed		unreviewed		unreviewed			Unreviewed		원장/감사 queue에 유지; 새 발견은 다음 backlog
Binance	Futures (COIN-M) REST	Http	GET	/dapi/v1/order	queryOrder	documented_active	provider_typed	general_adapter_or_provider	해당 없음		not_connected		Unlinked	unreviewed		unreviewed		unreviewed		unreviewed		unreviewed		unreviewed			Unreviewed		원장/감사 queue에 유지; 새 발견은 다음 backlog
Binance	Futures (COIN-M) REST	Http	GET	/dapi/v1/order/asyn	getDownloadIdForFuturesOrderHistory	documented_active	provider_typed	general_adapter_or_provider	해당 없음		not_connected		Unlinked	unreviewed		unreviewed		unreviewed		unreviewed		unreviewed		unreviewed			Unreviewed		원장/감사 queue에 유지; 새 발견은 다음 backlog
Binance	Futures (COIN-M) REST	Http	GET	/dapi/v1/order/asyn/id	getFuturesOrderHistoryDownloadLinkById	documented_active	provider_typed	general_adapter_or_provider	해당 없음		not_connected		Unlinked	unreviewed		unreviewed		unreviewed		unreviewed		unreviewed		unreviewed			Unreviewed		원장/감사 queue에 유지; 새 발견은 다음 backlog
Binance	Futures (COIN-M) REST	Http	GET	/dapi/v1/orderAmendment	getOrderModifyHistory	documented_active	provider_typed	general_adapter_or_provider	해당 없음		not_connected		Unlinked	unreviewed		unreviewed		unreviewed		unreviewed		unreviewed		unreviewed			Unreviewed		원장/감사 queue에 유지; 새 발견은 다음 backlog
Binance	Futures (COIN-M) REST	Http	GET	/dapi/v1/ping	testConnectivity	documented_active	provider_typed	general_adapter_or_provider	해당 없음		not_connected		Unlinked	unreviewed		unreviewed		unreviewed		unreviewed		unreviewed		unreviewed			Unreviewed		원장/감사 queue에 유지; 새 발견은 다음 backlog
Binance	Futures (COIN-M) REST	Http	GET	/dapi/v1/positionMargin/history	getPositionMarginChangeHistory	documented_active	provider_typed	general_adapter_or_provider	해당 없음		not_connected		Unlinked	unreviewed		unreviewed		unreviewed		unreviewed		unreviewed		unreviewed			Unreviewed		원장/감사 queue에 유지; 새 발견은 다음 backlog
Binance	Futures (COIN-M) REST	Http	GET	/dapi/v1/positionRisk	positionInformation	documented_active	provider_typed	general_adapter_or_provider	해당 없음		not_connected		Unlinked	unreviewed		unreviewed		unreviewed		unreviewed		unreviewed		unreviewed			Unreviewed		원장/감사 queue에 유지; 새 발견은 다음 backlog
Binance	Futures (COIN-M) REST	Http	GET	/dapi/v1/positionSide/dual	getCurrentPositionMode	documented_active	provider_typed	general_adapter_or_provider	해당 없음		not_connected		Unlinked	unreviewed		unreviewed		unreviewed		unreviewed		unreviewed		unreviewed			Unreviewed		원장/감사 queue에 유지; 새 발견은 다음 backlog
Binance	Futures (COIN-M) REST	Http	GET	/dapi/v1/premiumIndex	indexPriceAndMarkPrice	documented_active	provider_typed	general_adapter_or_provider	해당 없음		not_connected		Unlinked	unreviewed		unreviewed		unreviewed		unreviewed		unreviewed		unreviewed			Unreviewed		원장/감사 queue에 유지; 새 발견은 다음 backlog
Binance	Futures (COIN-M) REST	Http	GET	/dapi/v1/premiumIndexKlines	premiumIndexKlineData	documented_active	provider_typed	general_adapter_or_provider	해당 없음		not_connected		Unlinked	unreviewed		unreviewed		unreviewed		unreviewed		unreviewed		unreviewed			Unreviewed		원장/감사 queue에 유지; 새 발견은 다음 backlog
Binance	Futures (COIN-M) REST	Http	GET	/dapi/v1/ticker/24hr	ticker24hrPriceChangeStatistics	documented_active	provider_typed	general_adapter_or_provider	해당 없음		not_connected		Unlinked	unreviewed		unreviewed		unreviewed		unreviewed		unreviewed		unreviewed			Unreviewed		원장/감사 queue에 유지; 새 발견은 다음 backlog
Binance	Futures (COIN-M) REST	Http	GET	/dapi/v1/ticker/bookTicker	symbolOrderBookTicker	documented_active	provider_typed	general_adapter_or_provider	해당 없음		not_connected		Unlinked	unreviewed		unreviewed		unreviewed		unreviewed		unreviewed		unreviewed			Unreviewed		원장/감사 queue에 유지; 새 발견은 다음 backlog
Binance	Futures (COIN-M) REST	Http	GET	/dapi/v1/ticker/price	symbolPriceTicker	documented_active	provider_typed	general_adapter_or_provider	해당 없음		not_connected		Unlinked	unreviewed		unreviewed		unreviewed		unreviewed		unreviewed		unreviewed			Unreviewed		원장/감사 queue에 유지; 새 발견은 다음 backlog
Binance	Futures (COIN-M) REST	Http	GET	/dapi/v1/time	checkServerTime	documented_active	provider_typed	general_adapter_or_provider	해당 없음		not_connected		Unlinked	unreviewed		unreviewed		unreviewed		unreviewed		unreviewed		unreviewed			Unreviewed		원장/감사 queue에 유지; 새 발견은 다음 backlog
Binance	Futures (COIN-M) REST	Http	GET	/dapi/v1/trade/asyn	getDownloadIdForFuturesTradeHistory	documented_active	provider_typed	general_adapter_or_provider	해당 없음		not_connected		Unlinked	unreviewed		unreviewed		unreviewed		unreviewed		unreviewed		unreviewed			Unreviewed		원장/감사 queue에 유지; 새 발견은 다음 backlog
Binance	Futures (COIN-M) REST	Http	GET	/dapi/v1/trade/asyn/id	getFuturesTradeDownloadLinkById	documented_active	provider_typed	general_adapter_or_provider	해당 없음		not_connected		Unlinked	unreviewed		unreviewed		unreviewed		unreviewed		unreviewed		unreviewed			Unreviewed		원장/감사 queue에 유지; 새 발견은 다음 backlog
Binance	Futures (COIN-M) REST	Http	GET	/dapi/v1/trades	recentTradesList	documented_active	provider_typed	general_adapter_or_provider	해당 없음		not_connected		Unlinked	unreviewed		unreviewed		unreviewed		unreviewed		unreviewed		unreviewed			Unreviewed		원장/감사 queue에 유지; 새 발견은 다음 backlog
Binance	Futures (COIN-M) REST	Http	GET	/dapi/v1/userTrades	accountTradeList	documented_active	provider_typed	general_adapter_or_provider	해당 없음		not_connected		Unlinked	unreviewed		unreviewed		unreviewed		unreviewed		unreviewed		unreviewed			Unreviewed		원장/감사 queue에 유지; 새 발견은 다음 backlog
Binance	Futures (COIN-M) REST	Http	GET	/dapi/v2/leverageBracket	notionalBracketForSymbol	documented_active	provider_typed	general_adapter_or_provider	해당 없음		not_connected		Unlinked	unreviewed		unreviewed		unreviewed		unreviewed		unreviewed		unreviewed			Unreviewed		원장/감사 queue에 유지; 새 발견은 다음 backlog
Binance	Futures (COIN-M) REST	Http	GET	/futures/data/basis	basis	documented_active	provider_typed	general_adapter_or_provider	해당 없음		not_connected		Unlinked	unreviewed		unreviewed		unreviewed		unreviewed		unreviewed		unreviewed			Unreviewed		원장/감사 queue에 유지; 새 발견은 다음 backlog
Binance	Futures (COIN-M) REST	Http	GET	/futures/data/globalLongShortAccountRatio	longShortRatio	documented_active	provider_typed	general_adapter_or_provider	해당 없음		not_connected		Unlinked	unreviewed		unreviewed		unreviewed		unreviewed		unreviewed		unreviewed			Unreviewed		원장/감사 queue에 유지; 새 발견은 다음 backlog
Binance	Futures (COIN-M) REST	Http	GET	/futures/data/openInterestHist	openInterestStatistics	documented_active	provider_typed	general_adapter_or_provider	해당 없음		not_connected		Unlinked	unreviewed		unreviewed		unreviewed		unreviewed		unreviewed		unreviewed			Unreviewed		원장/감사 queue에 유지; 새 발견은 다음 backlog
Binance	Futures (COIN-M) REST	Http	GET	/futures/data/takerBuySellVol	takerBuySellVolume	documented_active	provider_typed	general_adapter_or_provider	해당 없음		not_connected		Unlinked	unreviewed		unreviewed		unreviewed		unreviewed		unreviewed		unreviewed			Unreviewed		원장/감사 queue에 유지; 새 발견은 다음 backlog
Binance	Futures (COIN-M) REST	Http	GET	/futures/data/topLongShortAccountRatio	topTraderLongShortRatioAccounts	documented_active	provider_typed	general_adapter_or_provider	해당 없음		not_connected		Unlinked	unreviewed		unreviewed		unreviewed		unreviewed		unreviewed		unreviewed			Unreviewed		원장/감사 queue에 유지; 새 발견은 다음 backlog
Binance	Futures (COIN-M) REST	Http	GET	/futures/data/topLongShortPositionRatio	topTraderLongShortRatioPositions	documented_active	provider_typed	general_adapter_or_provider	해당 없음		not_connected		Unlinked	unreviewed		unreviewed		unreviewed		unreviewed		unreviewed		unreviewed			Unreviewed		원장/감사 queue에 유지; 새 발견은 다음 backlog
Binance	Futures (COIN-M) REST	Http	POST	/dapi/v1/batchOrders	placeMultipleOrders	documented_active	provider_typed	general_adapter_or_provider	해당 없음		not_connected		Unlinked	unreviewed		unreviewed		unreviewed		unreviewed		unreviewed		unreviewed			Unreviewed		원장/감사 queue에 유지; 새 발견은 다음 backlog
Binance	Futures (COIN-M) REST	Http	POST	/dapi/v1/countdownCancelAll	autoCancelAllOpenOrders	documented_active	provider_typed	general_adapter_or_provider	해당 없음		not_connected		Unlinked	unreviewed		unreviewed		unreviewed		unreviewed		unreviewed		unreviewed			Unreviewed		원장/감사 queue에 유지; 새 발견은 다음 backlog
Binance	Futures (COIN-M) REST	Http	POST	/dapi/v1/leverage	changeInitialLeverage	documented_active	provider_typed	general_adapter_or_provider	해당 없음		not_connected		Unlinked	unreviewed		unreviewed		unreviewed		unreviewed		unreviewed		unreviewed			Unreviewed		원장/감사 queue에 유지; 새 발견은 다음 backlog
Binance	Futures (COIN-M) REST	Http	POST	/dapi/v1/listenKey	startUserDataStream	documented_active	provider_typed	general_adapter_or_provider	해당 없음		not_connected		Unlinked	unreviewed		unreviewed		unreviewed		unreviewed		unreviewed		unreviewed			Unreviewed		원장/감사 queue에 유지; 새 발견은 다음 backlog
Binance	Futures (COIN-M) REST	Http	POST	/dapi/v1/marginType	changeMarginType	documented_active	provider_typed	general_adapter_or_provider	해당 없음		not_connected		Unlinked	unreviewed		unreviewed		unreviewed		unreviewed		unreviewed		unreviewed			Unreviewed		원장/감사 queue에 유지; 새 발견은 다음 backlog
Binance	Futures (COIN-M) REST	Http	POST	/dapi/v1/order	newOrder	documented_active	provider_typed	general_adapter_or_provider	해당 없음		not_connected		Unlinked	unreviewed		unreviewed		unreviewed		unreviewed		unreviewed		unreviewed			Unreviewed		원장/감사 queue에 유지; 새 발견은 다음 backlog
Binance	Futures (COIN-M) REST	Http	POST	/dapi/v1/positionMargin	modifyIsolatedPositionMargin	documented_active	provider_typed	general_adapter_or_provider	해당 없음		not_connected		Unlinked	unreviewed		unreviewed		unreviewed		unreviewed		unreviewed		unreviewed			Unreviewed		원장/감사 queue에 유지; 새 발견은 다음 backlog
Binance	Futures (COIN-M) REST	Http	POST	/dapi/v1/positionSide/dual	changePositionMode	documented_active	provider_typed	general_adapter_or_provider	해당 없음		not_connected		Unlinked	unreviewed		unreviewed		unreviewed		unreviewed		unreviewed		unreviewed			Unreviewed		원장/감사 queue에 유지; 새 발견은 다음 backlog
Binance	Futures (COIN-M) REST	Http	PUT	/dapi/v1/batchOrders	modifyMultipleOrders	documented_active	provider_typed	general_adapter_or_provider	해당 없음		not_connected		Unlinked	unreviewed		unreviewed		unreviewed		unreviewed		unreviewed		unreviewed			Unreviewed		원장/감사 queue에 유지; 새 발견은 다음 backlog
Binance	Futures (COIN-M) REST	Http	PUT	/dapi/v1/listenKey	keepaliveUserDataStream	documented_active	provider_typed	general_adapter_or_provider	해당 없음		not_connected		Unlinked	unreviewed		unreviewed		unreviewed		unreviewed		unreviewed		unreviewed			Unreviewed		원장/감사 queue에 유지; 새 발견은 다음 backlog
Binance	Futures (COIN-M) REST	Http	PUT	/dapi/v1/order	modifyOrder	documented_active	provider_typed	general_adapter_or_provider	해당 없음		not_connected		Unlinked	unreviewed		unreviewed		unreviewed		unreviewed		unreviewed		unreviewed			Unreviewed		원장/감사 queue에 유지; 새 발견은 다음 backlog
Binance	Futures (COIN-M) WebSocket	WebSocketRequest	POST	/account.balance	futuresAccountBalance	documented_active	provider_typed	general_adapter_or_provider	해당 없음		not_connected		Unlinked	unreviewed		unreviewed		unreviewed		unreviewed		unreviewed		unreviewed			Unreviewed		원장/감사 queue에 유지; 새 발견은 다음 backlog
Binance	Futures (COIN-M) WebSocket	WebSocketRequest	POST	/account.position	positionInformation	documented_active	provider_typed	general_adapter_or_provider	해당 없음		not_connected		Unlinked	unreviewed		unreviewed		unreviewed		unreviewed		unreviewed		unreviewed			Unreviewed		원장/감사 queue에 유지; 새 발견은 다음 backlog
Binance	Futures (COIN-M) WebSocket	WebSocketRequest	POST	/account.status	accountInformation	documented_active	provider_typed	general_adapter_or_provider	해당 없음		not_connected		Unlinked	unreviewed		unreviewed		unreviewed		unreviewed		unreviewed		unreviewed			Unreviewed		원장/감사 queue에 유지; 새 발견은 다음 backlog
Binance	Futures (COIN-M) WebSocket	WebSocketRequest	POST	/order.cancel	cancelOrder	documented_active	provider_typed	general_adapter_or_provider	해당 없음		not_connected		Unlinked	unreviewed		unreviewed		unreviewed		unreviewed		unreviewed		unreviewed			Unreviewed		원장/감사 queue에 유지; 새 발견은 다음 backlog
Binance	Futures (COIN-M) WebSocket	WebSocketRequest	POST	/order.modify	modifyOrder	documented_active	provider_typed	general_adapter_or_provider	해당 없음		not_connected		Unlinked	unreviewed		unreviewed		unreviewed		unreviewed		unreviewed		unreviewed			Unreviewed		원장/감사 queue에 유지; 새 발견은 다음 backlog
Binance	Futures (COIN-M) WebSocket	WebSocketRequest	POST	/order.place	newOrder	documented_active	provider_typed	general_adapter_or_provider	해당 없음		not_connected		Unlinked	unreviewed		unreviewed		unreviewed		unreviewed		unreviewed		unreviewed			Unreviewed		원장/감사 queue에 유지; 새 발견은 다음 backlog
Binance	Futures (COIN-M) WebSocket	WebSocketRequest	POST	/order.status	queryOrder	documented_active	provider_typed	general_adapter_or_provider	해당 없음		not_connected		Unlinked	unreviewed		unreviewed		unreviewed		unreviewed		unreviewed		unreviewed			Unreviewed		원장/감사 queue에 유지; 새 발견은 다음 backlog
Binance	Futures (COIN-M) WebSocket	WebSocketRequest	POST	/userDataStream.ping	keepaliveUserDataStream	documented_active	provider_typed	general_adapter_or_provider	해당 없음		not_connected		Unlinked	unreviewed		unreviewed		unreviewed		unreviewed		unreviewed		unreviewed			Unreviewed		원장/감사 queue에 유지; 새 발견은 다음 backlog
Binance	Futures (COIN-M) WebSocket	WebSocketRequest	POST	/userDataStream.start	startUserDataStream	documented_active	provider_typed	general_adapter_or_provider	해당 없음		not_connected		Unlinked	unreviewed		unreviewed		unreviewed		unreviewed		unreviewed		unreviewed			Unreviewed		원장/감사 queue에 유지; 새 발견은 다음 backlog
Binance	Futures (COIN-M) WebSocket	WebSocketRequest	POST	/userDataStream.stop	closeUserDataStream	documented_active	provider_typed	general_adapter_or_provider	해당 없음		not_connected		Unlinked	unreviewed		unreviewed		unreviewed		unreviewed		unreviewed		unreviewed			Unreviewed		원장/감사 queue에 유지; 새 발견은 다음 backlog
Binance	Futures (COIN-M) WebSocket Market Streams	WebSocketStream	POST	/!bookTicker	allBookTickersStream	documented_active	provider_typed	general_adapter_or_provider	해당 없음		not_connected		Unlinked	unreviewed		unreviewed		unreviewed		unreviewed		unreviewed		unreviewed			Unreviewed		원장/감사 queue에 유지; 새 발견은 다음 backlog
Binance	Futures (COIN-M) WebSocket Market Streams	WebSocketStream	POST	/!contractInfo	contractInfoStream	documented_active	provider_typed	general_adapter_or_provider	해당 없음		not_connected		Unlinked	unreviewed		unreviewed		unreviewed		unreviewed		unreviewed		unreviewed			Unreviewed		원장/감사 queue에 유지; 새 발견은 다음 backlog
Binance	Futures (COIN-M) WebSocket Market Streams	WebSocketStream	POST	/!forceOrder@arr	allMarketLiquidationOrderStreams	documented_active	provider_typed	general_adapter_or_provider	해당 없음		not_connected		Unlinked	unreviewed		unreviewed		unreviewed		unreviewed		unreviewed		unreviewed			Unreviewed		원장/감사 queue에 유지; 새 발견은 다음 backlog
Binance	Futures (COIN-M) WebSocket Market Streams	WebSocketStream	POST	/!miniTicker@arr	allMarketMiniTickersStream	documented_active	provider_typed	general_adapter_or_provider	해당 없음		not_connected		Unlinked	unreviewed		unreviewed		unreviewed		unreviewed		unreviewed		unreviewed			Unreviewed		원장/감사 queue에 유지; 새 발견은 다음 backlog
Binance	Futures (COIN-M) WebSocket Market Streams	WebSocketStream	POST	/!ticker@arr	allMarketTickersStreams	documented_active	provider_typed	general_adapter_or_provider	해당 없음		not_connected		Unlinked	unreviewed		unreviewed		unreviewed		unreviewed		unreviewed		unreviewed			Unreviewed		원장/감사 queue에 유지; 새 발견은 다음 backlog
Binance	Futures (COIN-M) WebSocket Market Streams	WebSocketStream	POST	/{pair}@indexPrice@{updateSpeed}	indexPriceStream	documented_active	provider_typed	general_adapter_or_provider	해당 없음		not_connected		Unlinked	unreviewed		unreviewed		unreviewed		unreviewed		unreviewed		unreviewed			Unreviewed		원장/감사 queue에 유지; 새 발견은 다음 backlog
Binance	Futures (COIN-M) WebSocket Market Streams	WebSocketStream	POST	/{pair}@indexPriceKline_{interval}	indexKlineCandlestickStreams	documented_active	provider_typed	general_adapter_or_provider	해당 없음		not_connected		Unlinked	unreviewed		unreviewed		unreviewed		unreviewed		unreviewed		unreviewed			Unreviewed		원장/감사 queue에 유지; 새 발견은 다음 backlog
Binance	Futures (COIN-M) WebSocket Market Streams	WebSocketStream	POST	/{pair}@markPrice@{updateSpeed}	markPriceOfAllSymbolsOfAPair	documented_active	provider_typed	general_adapter_or_provider	해당 없음		not_connected		Unlinked	unreviewed		unreviewed		unreviewed		unreviewed		unreviewed		unreviewed			Unreviewed		원장/감사 queue에 유지; 새 발견은 다음 backlog
Binance	Futures (COIN-M) WebSocket Market Streams	WebSocketStream	POST	/{pair}_{contractType}@continuousKline_{interval}	continuousContractKlineCandlestickStreams	documented_active	provider_typed	general_adapter_or_provider	해당 없음		not_connected		Unlinked	unreviewed		unreviewed		unreviewed		unreviewed		unreviewed		unreviewed			Unreviewed		원장/감사 queue에 유지; 새 발견은 다음 backlog
Binance	Futures (COIN-M) WebSocket Market Streams	WebSocketStream	POST	/{symbol}@aggTrade	aggregateTradeStreams	documented_active	provider_typed	general_adapter_or_provider	해당 없음		not_connected		Unlinked	unreviewed		unreviewed		unreviewed		unreviewed		unreviewed		unreviewed			Unreviewed		원장/감사 queue에 유지; 새 발견은 다음 backlog
Binance	Futures (COIN-M) WebSocket Market Streams	WebSocketStream	POST	/{symbol}@bookTicker	individualSymbolBookTickerStreams	documented_active	provider_typed	general_adapter_or_provider	해당 없음		not_connected		Unlinked	unreviewed		unreviewed		unreviewed		unreviewed		unreviewed		unreviewed			Unreviewed		원장/감사 queue에 유지; 새 발견은 다음 backlog
Binance	Futures (COIN-M) WebSocket Market Streams	WebSocketStream	POST	/{symbol}@depth@{updateSpeed}	diffBookDepthStreams	documented_active	provider_typed	general_adapter_or_provider	해당 없음		not_connected		Unlinked	unreviewed		unreviewed		unreviewed		unreviewed		unreviewed		unreviewed			Unreviewed		원장/감사 queue에 유지; 새 발견은 다음 backlog
Binance	Futures (COIN-M) WebSocket Market Streams	WebSocketStream	POST	/{symbol}@depth{levels}@{updateSpeed}	partialBookDepthStreams	documented_active	provider_typed	general_adapter_or_provider	해당 없음		not_connected		Unlinked	unreviewed		unreviewed		unreviewed		unreviewed		unreviewed		unreviewed			Unreviewed		원장/감사 queue에 유지; 새 발견은 다음 backlog
Binance	Futures (COIN-M) WebSocket Market Streams	WebSocketStream	POST	/{symbol}@forceOrder	marketLiquidationOrderStreams	documented_active	provider_typed	general_adapter_or_provider	해당 없음		not_connected		Unlinked	unreviewed		unreviewed		unreviewed		unreviewed		unreviewed		unreviewed			Unreviewed		원장/감사 queue에 유지; 새 발견은 다음 backlog
Binance	Futures (COIN-M) WebSocket Market Streams	WebSocketStream	POST	/{symbol}@kline_{interval}	klineCandlestickStreams	documented_active	provider_typed	general_adapter_or_provider	해당 없음		not_connected		Unlinked	unreviewed		unreviewed		unreviewed		unreviewed		unreviewed		unreviewed			Unreviewed		원장/감사 queue에 유지; 새 발견은 다음 backlog
Binance	Futures (COIN-M) WebSocket Market Streams	WebSocketStream	POST	/{symbol}@markPrice@{updateSpeed}	markPriceStream	documented_active	provider_typed	general_adapter_or_provider	해당 없음		not_connected		Unlinked	unreviewed		unreviewed		unreviewed		unreviewed		unreviewed		unreviewed			Unreviewed		원장/감사 queue에 유지; 새 발견은 다음 backlog
Binance	Futures (COIN-M) WebSocket Market Streams	WebSocketStream	POST	/{symbol}@markPriceKline_{interval}	markPriceKlineCandlestickStreams	documented_active	provider_typed	general_adapter_or_provider	해당 없음		not_connected		Unlinked	unreviewed		unreviewed		unreviewed		unreviewed		unreviewed		unreviewed			Unreviewed		원장/감사 queue에 유지; 새 발견은 다음 backlog
Binance	Futures (COIN-M) WebSocket Market Streams	WebSocketStream	POST	/{symbol}@miniTicker	individualSymbolMiniTickerStream	documented_active	provider_typed	general_adapter_or_provider	해당 없음		not_connected		Unlinked	unreviewed		unreviewed		unreviewed		unreviewed		unreviewed		unreviewed			Unreviewed		원장/감사 queue에 유지; 새 발견은 다음 backlog
Binance	Futures (COIN-M) WebSocket Market Streams	WebSocketStream	POST	/{symbol}@ticker	individualSymbolTickerStreams	documented_active	provider_typed	general_adapter_or_provider	해당 없음		not_connected		Unlinked	unreviewed		unreviewed		unreviewed		unreviewed		unreviewed		unreviewed			Unreviewed		원장/감사 queue에 유지; 새 발견은 다음 backlog
Binance	Futures (USDⓈ-M) REST	Http	DELETE	/fapi/v1/algoOpenOrders	cancelAllAlgoOpenOrders	documented_active	provider_typed	general_adapter_or_provider	해당 없음		not_connected		Unlinked	unreviewed		unreviewed		unreviewed		unreviewed		unreviewed		unreviewed			Unreviewed		원장/감사 queue에 유지; 새 발견은 다음 backlog
Binance	Futures (USDⓈ-M) REST	Http	DELETE	/fapi/v1/algoOrder	cancelAlgoOrder	documented_active	provider_typed	general_adapter_or_provider	해당 없음		not_connected		Unlinked	unreviewed		unreviewed		unreviewed		unreviewed		unreviewed		unreviewed			Unreviewed		원장/감사 queue에 유지; 새 발견은 다음 backlog
Binance	Futures (USDⓈ-M) REST	Http	DELETE	/fapi/v1/allOpenOrders	cancelAllOpenOrders	documented_active	provider_typed	general_adapter_or_provider	해당 없음	usd_m.cancel_all_open_orders	connected	bindings/common/src/coverage.rs::OPERATIONS	Implemented	present	src/adapters/binance/mod.rs:610	present	bindings/common/src/schema.rs::binding_schema	present	bindings/python/python/maxt/_generated_contract.py;bindings/dart/lib/src/generated_contract.dart;bindings/typescript/src/generated/contract.ts	present	bindings/python/python/maxt/adapters.py	present	bindings/dart/lib/src/generated_provider_methods.dart	present	bindings/typescript/src/generated/api.ts	Fixture	MechanicallyConnected	cancel_all_open_orders	감사 초안; 의미상 Complete 아님
Binance	Futures (USDⓈ-M) REST	Http	DELETE	/fapi/v1/batchOrders	cancelMultipleOrders	documented_active	provider_typed	general_adapter_or_provider	해당 없음		not_connected		Unlinked	unreviewed		unreviewed		unreviewed		unreviewed		unreviewed		unreviewed			Unreviewed		원장/감사 queue에 유지; 새 발견은 다음 backlog
Binance	Futures (USDⓈ-M) REST	Http	DELETE	/fapi/v1/listenKey	closeUserDataStream	documented_active	provider_typed	general_adapter_or_provider	해당 없음	usd_m.close_user_data_stream	connected	bindings/common/src/coverage.rs::OPERATIONS	Implemented	present	src/adapters/binance/mod.rs:670	present	bindings/common/src/schema.rs::binding_schema	present	bindings/python/python/maxt/_generated_contract.py;bindings/dart/lib/src/generated_contract.dart;bindings/typescript/src/generated/contract.ts	present	bindings/python/python/maxt/adapters.py	present	bindings/dart/lib/src/generated_provider_methods.dart	present	bindings/typescript/src/generated/api.ts	Fixture	MechanicallyConnected	usd_m_close_listen_key	감사 초안; 의미상 Complete 아님
Binance	Futures (USDⓈ-M) REST	Http	DELETE	/fapi/v1/order	cancelOrder	documented_active	common_existing	general_adapter_or_provider	해당 없음	usd_m.cancel_order	connected	bindings/common/src/coverage.rs::OPERATIONS	Partial	present	src/adapter.rs:250;src/adapter.rs:256	present	bindings/common/src/schema.rs::binding_schema	present	bindings/python/python/maxt/_generated_contract.py;bindings/dart/lib/src/generated_contract.dart;bindings/typescript/src/generated/contract.ts	present	bindings/python/python/maxt/adapters.py	present	bindings/dart/lib/src/generated_provider_methods.dart	present	bindings/typescript/src/generated/api.ts	Fixture	Partial	cancel_order;cancel_order_by_client_id	원장/감사 queue에 유지; 새 발견은 다음 backlog
Binance	Futures (USDⓈ-M) REST	Http	GET	/fapi/v1/accountConfig	futuresAccountConfiguration	documented_active	provider_typed	general_adapter_or_provider	해당 없음		not_connected		Unlinked	unreviewed		unreviewed		unreviewed		unreviewed		unreviewed		unreviewed			Unreviewed		원장/감사 queue에 유지; 새 발견은 다음 backlog
Binance	Futures (USDⓈ-M) REST	Http	GET	/fapi/v1/adlQuantile	positionAdlQuantileEstimation	documented_active	provider_typed	general_adapter_or_provider	해당 없음		not_connected		Unlinked	unreviewed		unreviewed		unreviewed		unreviewed		unreviewed		unreviewed			Unreviewed		원장/감사 queue에 유지; 새 발견은 다음 backlog
Binance	Futures (USDⓈ-M) REST	Http	GET	/fapi/v1/aggTrades	compressedAggregateTradesList	documented_active	provider_typed	general_adapter_or_provider	해당 없음	usd_m.aggregate_trades	connected	bindings/common/src/coverage.rs::OPERATIONS	Partial	present	src/adapters/binance/mod.rs:644	present	bindings/common/src/schema.rs::binding_schema	present	bindings/python/python/maxt/_generated_contract.py;bindings/dart/lib/src/generated_contract.dart;bindings/typescript/src/generated/contract.ts	present	bindings/python/python/maxt/adapters.py	present	bindings/dart/lib/src/generated_provider_methods.dart	present	bindings/typescript/src/generated/api.ts	Fixture	Partial	aggregate_trades	원장/감사 queue에 유지; 새 발견은 다음 backlog
Binance	Futures (USDⓈ-M) REST	Http	GET	/fapi/v1/algoOrder	queryAlgoOrder	documented_active	provider_typed	general_adapter_or_provider	해당 없음		not_connected		Unlinked	unreviewed		unreviewed		unreviewed		unreviewed		unreviewed		unreviewed			Unreviewed		원장/감사 queue에 유지; 새 발견은 다음 backlog
Binance	Futures (USDⓈ-M) REST	Http	GET	/fapi/v1/allAlgoOrders	queryAllAlgoOrders	documented_active	provider_typed	general_adapter_or_provider	해당 없음		not_connected		Unlinked	unreviewed		unreviewed		unreviewed		unreviewed		unreviewed		unreviewed			Unreviewed		원장/감사 queue에 유지; 새 발견은 다음 backlog
Binance	Futures (USDⓈ-M) REST	Http	GET	/fapi/v1/allOrders	allOrders	documented_active	provider_typed	general_adapter_or_provider	해당 없음		not_connected		Unlinked	unreviewed		unreviewed		unreviewed		unreviewed		unreviewed		unreviewed			Unreviewed		원장/감사 queue에 유지; 새 발견은 다음 backlog
Binance	Futures (USDⓈ-M) REST	Http	GET	/fapi/v1/apiTradingStatus	futuresTradingQuantitativeRulesIndicators	documented_active	provider_typed	general_adapter_or_provider	해당 없음		not_connected		Unlinked	unreviewed		unreviewed		unreviewed		unreviewed		unreviewed		unreviewed			Unreviewed		원장/감사 queue에 유지; 새 발견은 다음 backlog
Binance	Futures (USDⓈ-M) REST	Http	GET	/fapi/v1/assetIndex	assetIndex	documented_active	provider_typed	general_adapter_or_provider	해당 없음		not_connected		Unlinked	unreviewed		unreviewed		unreviewed		unreviewed		unreviewed		unreviewed			Unreviewed		원장/감사 queue에 유지; 새 발견은 다음 backlog
Binance	Futures (USDⓈ-M) REST	Http	GET	/fapi/v1/commissionRate	userCommissionRate	documented_active	provider_typed	general_adapter_or_provider	해당 없음		not_connected		Unlinked	unreviewed		unreviewed		unreviewed		unreviewed		unreviewed		unreviewed			Unreviewed		원장/감사 queue에 유지; 새 발견은 다음 backlog
Binance	Futures (USDⓈ-M) REST	Http	GET	/fapi/v1/constituents	queryIndexPriceConstituents	documented_active	provider_typed	general_adapter_or_provider	해당 없음		not_connected		Unlinked	unreviewed		unreviewed		unreviewed		unreviewed		unreviewed		unreviewed			Unreviewed		원장/감사 queue에 유지; 새 발견은 다음 backlog
Binance	Futures (USDⓈ-M) REST	Http	GET	/fapi/v1/continuousKlines	continuousContractKlineCandlestickData	documented_active	provider_typed	general_adapter_or_provider	해당 없음		not_connected		Unlinked	unreviewed		unreviewed		unreviewed		unreviewed		unreviewed		unreviewed			Unreviewed		원장/감사 queue에 유지; 새 발견은 다음 backlog
Binance	Futures (USDⓈ-M) REST	Http	GET	/fapi/v1/convert/exchangeInfo	listAllConvertPairs	documented_active	provider_typed	general_adapter_or_provider	해당 없음		not_connected		Unlinked	unreviewed		unreviewed		unreviewed		unreviewed		unreviewed		unreviewed			Unreviewed		원장/감사 queue에 유지; 새 발견은 다음 backlog
Binance	Futures (USDⓈ-M) REST	Http	GET	/fapi/v1/convert/orderStatus	orderStatus	documented_active	provider_typed	general_adapter_or_provider	해당 없음		not_connected		Unlinked	unreviewed		unreviewed		unreviewed		unreviewed		unreviewed		unreviewed			Unreviewed		원장/감사 queue에 유지; 새 발견은 다음 backlog
Binance	Futures (USDⓈ-M) REST	Http	GET	/fapi/v1/depth	orderBook	documented_active	common_existing	general_adapter_or_provider	해당 없음	usd_m.order_book	connected	bindings/common/src/coverage.rs::OPERATIONS	Implemented	present	src/adapter.rs:56	present	bindings/common/src/schema.rs::binding_schema	present	bindings/python/python/maxt/_generated_contract.py;bindings/dart/lib/src/generated_contract.dart;bindings/typescript/src/generated/contract.ts	present	bindings/python/python/maxt/adapters.py	present	bindings/dart/lib/src/generated_provider_methods.dart	present	bindings/typescript/src/generated/api.ts	LiveRead	MechanicallyConnected	order_book	감사 초안; 의미상 Complete 아님
Binance	Futures (USDⓈ-M) REST	Http	GET	/fapi/v1/exchangeInfo	exchangeInformation	documented_active	common_existing	general_adapter_or_provider	해당 없음	usd_m.exchange_info	connected	bindings/common/src/coverage.rs::OPERATIONS	Implemented	present	src/adapter.rs:44	present	bindings/common/src/schema.rs::binding_schema	present	bindings/python/python/maxt/_generated_contract.py;bindings/dart/lib/src/generated_contract.dart;bindings/typescript/src/generated/contract.ts	present	bindings/python/python/maxt/adapters.py	present	bindings/dart/lib/src/generated_provider_methods.dart	present	bindings/typescript/src/generated/api.ts	LiveRead	MechanicallyConnected	markets	감사 초안; 의미상 Complete 아님
Binance	Futures (USDⓈ-M) REST	Http	GET	/fapi/v1/feeBurn	getBnbBurnStatus	documented_active	provider_typed	general_adapter_or_provider	해당 없음		not_connected		Unlinked	unreviewed		unreviewed		unreviewed		unreviewed		unreviewed		unreviewed			Unreviewed		원장/감사 queue에 유지; 새 발견은 다음 backlog
Binance	Futures (USDⓈ-M) REST	Http	GET	/fapi/v1/forceOrders	usersForceOrders	documented_active	provider_typed	general_adapter_or_provider	해당 없음		not_connected		Unlinked	unreviewed		unreviewed		unreviewed		unreviewed		unreviewed		unreviewed			Unreviewed		원장/감사 queue에 유지; 새 발견은 다음 backlog
Binance	Futures (USDⓈ-M) REST	Http	GET	/fapi/v1/fundingInfo	getFundingRateInfo	documented_active	provider_typed	general_adapter_or_provider	해당 없음		not_connected		Unlinked	unreviewed		unreviewed		unreviewed		unreviewed		unreviewed		unreviewed			Unreviewed		원장/감사 queue에 유지; 새 발견은 다음 backlog
Binance	Futures (USDⓈ-M) REST	Http	GET	/fapi/v1/fundingRate	getFundingRateHistory	documented_active	common_existing	general_adapter_or_provider	해당 없음	usd_m.funding_rate_history	connected	bindings/common/src/coverage.rs::OPERATIONS	Implemented	present	src/adapter.rs:286	present	bindings/common/src/schema.rs::binding_schema	present	bindings/python/python/maxt/_generated_contract.py;bindings/dart/lib/src/generated_contract.dart;bindings/typescript/src/generated/contract.ts	present	bindings/python/python/maxt/adapters.py	present	bindings/dart/lib/src/generated_provider_methods.dart	present	bindings/typescript/src/generated/api.ts	LiveRead	MechanicallyConnected	funding_rates	감사 초안; 의미상 Complete 아님
Binance	Futures (USDⓈ-M) REST	Http	GET	/fapi/v1/historicalTrades	oldTradesLookup	documented_active	provider_typed	general_adapter_or_provider	해당 없음		not_connected		Unlinked	unreviewed		unreviewed		unreviewed		unreviewed		unreviewed		unreviewed			Unreviewed		원장/감사 queue에 유지; 새 발견은 다음 backlog
Binance	Futures (USDⓈ-M) REST	Http	GET	/fapi/v1/income	getIncomeHistory	documented_active	common_existing	general_adapter_or_provider	해당 없음	usd_m.income_history	connected	bindings/common/src/coverage.rs::OPERATIONS	Implemented	present	src/adapter.rs:292	present	bindings/common/src/schema.rs::binding_schema	present	bindings/python/python/maxt/_generated_contract.py;bindings/dart/lib/src/generated_contract.dart;bindings/typescript/src/generated/contract.ts	present	bindings/python/python/maxt/adapters.py	present	bindings/dart/lib/src/generated_provider_methods.dart	present	bindings/typescript/src/generated/api.ts	Fixture	MechanicallyConnected	funding_payments	감사 초안; 의미상 Complete 아님
Binance	Futures (USDⓈ-M) REST	Http	GET	/fapi/v1/income/asyn	getDownloadIdForFuturesTransactionHistory	documented_active	provider_typed	general_adapter_or_provider	해당 없음		not_connected		Unlinked	unreviewed		unreviewed		unreviewed		unreviewed		unreviewed		unreviewed			Unreviewed		원장/감사 queue에 유지; 새 발견은 다음 backlog
Binance	Futures (USDⓈ-M) REST	Http	GET	/fapi/v1/income/asyn/id	getFuturesTransactionHistoryDownloadLinkById	documented_active	provider_typed	general_adapter_or_provider	해당 없음		not_connected		Unlinked	unreviewed		unreviewed		unreviewed		unreviewed		unreviewed		unreviewed			Unreviewed		원장/감사 queue에 유지; 새 발견은 다음 backlog
Binance	Futures (USDⓈ-M) REST	Http	GET	/fapi/v1/indexInfo	compositeIndexSymbolInformation	documented_active	provider_typed	general_adapter_or_provider	해당 없음		not_connected		Unlinked	unreviewed		unreviewed		unreviewed		unreviewed		unreviewed		unreviewed			Unreviewed		원장/감사 queue에 유지; 새 발견은 다음 backlog
Binance	Futures (USDⓈ-M) REST	Http	GET	/fapi/v1/indexPriceKlines	indexPriceKlineCandlestickData	documented_active	provider_typed	general_adapter_or_provider	해당 없음		not_connected		Unlinked	unreviewed		unreviewed		unreviewed		unreviewed		unreviewed		unreviewed			Unreviewed		원장/감사 queue에 유지; 새 발견은 다음 backlog
Binance	Futures (USDⓈ-M) REST	Http	GET	/fapi/v1/insuranceBalance	queryInsuranceFundBalanceSnapshot	documented_active	provider_typed	general_adapter_or_provider	해당 없음		not_connected		Unlinked	unreviewed		unreviewed		unreviewed		unreviewed		unreviewed		unreviewed			Unreviewed		원장/감사 queue에 유지; 새 발견은 다음 backlog
Binance	Futures (USDⓈ-M) REST	Http	GET	/fapi/v1/klines	klineCandlestickData	documented_active	common_existing	general_adapter_or_provider	해당 없음	usd_m.klines	connected	bindings/common/src/coverage.rs::OPERATIONS	Implemented	present	src/adapter.rs:68	present	bindings/common/src/schema.rs::binding_schema	present	bindings/python/python/maxt/_generated_contract.py;bindings/dart/lib/src/generated_contract.dart;bindings/typescript/src/generated/contract.ts	present	bindings/python/python/maxt/adapters.py	present	bindings/dart/lib/src/generated_provider_methods.dart	present	bindings/typescript/src/generated/api.ts	LiveRead	MechanicallyConnected	candles	감사 초안; 의미상 Complete 아님
Binance	Futures (USDⓈ-M) REST	Http	GET	/fapi/v1/leverageBracket	notionalAndLeverageBrackets	documented_active	provider_typed	general_adapter_or_provider	해당 없음		not_connected		Unlinked	unreviewed		unreviewed		unreviewed		unreviewed		unreviewed		unreviewed			Unreviewed		원장/감사 queue에 유지; 새 발견은 다음 backlog
Binance	Futures (USDⓈ-M) REST	Http	GET	/fapi/v1/markPriceKlines	markPriceKlineCandlestickData	documented_active	provider_typed	general_adapter_or_provider	해당 없음		not_connected		Unlinked	unreviewed		unreviewed		unreviewed		unreviewed		unreviewed		unreviewed			Unreviewed		원장/감사 queue에 유지; 새 발견은 다음 backlog
Binance	Futures (USDⓈ-M) REST	Http	GET	/fapi/v1/multiAssetsMargin	getCurrentMultiAssetsMode	documented_active	provider_typed	general_adapter_or_provider	해당 없음		not_connected		Unlinked	unreviewed		unreviewed		unreviewed		unreviewed		unreviewed		unreviewed			Unreviewed		원장/감사 queue에 유지; 새 발견은 다음 backlog
Binance	Futures (USDⓈ-M) REST	Http	GET	/fapi/v1/openAlgoOrders	currentAllAlgoOpenOrders	documented_active	provider_typed	general_adapter_or_provider	해당 없음		not_connected		Unlinked	unreviewed		unreviewed		unreviewed		unreviewed		unreviewed		unreviewed			Unreviewed		원장/감사 queue에 유지; 새 발견은 다음 backlog
Binance	Futures (USDⓈ-M) REST	Http	GET	/fapi/v1/openInterest	openInterest	documented_active	provider_typed	general_adapter_or_provider	해당 없음	usd_m.open_interest	connected	bindings/common/src/coverage.rs::OPERATIONS	Implemented	present	src/adapters/binance/mod.rs:636	present	bindings/common/src/schema.rs::binding_schema	present	bindings/python/python/maxt/_generated_contract.py;bindings/dart/lib/src/generated_contract.dart;bindings/typescript/src/generated/contract.ts	present	bindings/python/python/maxt/adapters.py	present	bindings/dart/lib/src/generated_provider_methods.dart	present	bindings/typescript/src/generated/api.ts	Fixture	MechanicallyConnected	open_interest	감사 초안; 의미상 Complete 아님
Binance	Futures (USDⓈ-M) REST	Http	GET	/fapi/v1/openOrder	queryCurrentOpenOrder	documented_active	provider_typed	general_adapter_or_provider	해당 없음		not_connected		Unlinked	unreviewed		unreviewed		unreviewed		unreviewed		unreviewed		unreviewed			Unreviewed		원장/감사 queue에 유지; 새 발견은 다음 backlog
Binance	Futures (USDⓈ-M) REST	Http	GET	/fapi/v1/openOrders	currentAllOpenOrders	documented_active	common_existing	general_adapter_or_provider	해당 없음	usd_m.open_orders	connected	bindings/common/src/coverage.rs::OPERATIONS	Implemented	present	src/adapter.rs:205	present	bindings/common/src/schema.rs::binding_schema	present	bindings/python/python/maxt/_generated_contract.py;bindings/dart/lib/src/generated_contract.dart;bindings/typescript/src/generated/contract.ts	present	bindings/python/python/maxt/adapters.py	present	bindings/dart/lib/src/generated_provider_methods.dart	present	bindings/typescript/src/generated/api.ts	Fixture	MechanicallyConnected	open_orders	감사 초안; 의미상 Complete 아님
Binance	Futures (USDⓈ-M) REST	Http	GET	/fapi/v1/order	queryOrder	documented_active	provider_typed	general_adapter_or_provider	해당 없음		not_connected		Unlinked	unreviewed		unreviewed		unreviewed		unreviewed		unreviewed		unreviewed			Unreviewed		원장/감사 queue에 유지; 새 발견은 다음 backlog
Binance	Futures (USDⓈ-M) REST	Http	GET	/fapi/v1/order/asyn	getDownloadIdForFuturesOrderHistory	documented_active	provider_typed	general_adapter_or_provider	해당 없음		not_connected		Unlinked	unreviewed		unreviewed		unreviewed		unreviewed		unreviewed		unreviewed			Unreviewed		원장/감사 queue에 유지; 새 발견은 다음 backlog
Binance	Futures (USDⓈ-M) REST	Http	GET	/fapi/v1/order/asyn/id	getFuturesOrderHistoryDownloadLinkById	documented_active	provider_typed	general_adapter_or_provider	해당 없음		not_connected		Unlinked	unreviewed		unreviewed		unreviewed		unreviewed		unreviewed		unreviewed			Unreviewed		원장/감사 queue에 유지; 새 발견은 다음 backlog
Binance	Futures (USDⓈ-M) REST	Http	GET	/fapi/v1/orderAmendment	getOrderModifyHistory	documented_active	provider_typed	general_adapter_or_provider	해당 없음		not_connected		Unlinked	unreviewed		unreviewed		unreviewed		unreviewed		unreviewed		unreviewed			Unreviewed		원장/감사 queue에 유지; 새 발견은 다음 backlog
Binance	Futures (USDⓈ-M) REST	Http	GET	/fapi/v1/ping	testConnectivity	documented_active	provider_typed	general_adapter_or_provider	해당 없음		not_connected		Unlinked	unreviewed		unreviewed		unreviewed		unreviewed		unreviewed		unreviewed			Unreviewed		원장/감사 queue에 유지; 새 발견은 다음 backlog
Binance	Futures (USDⓈ-M) REST	Http	GET	/fapi/v1/pmAccountInfo	classicPortfolioMarginAccountInformation	documented_active	provider_typed	general_adapter_or_provider	해당 없음		not_connected		Unlinked	unreviewed		unreviewed		unreviewed		unreviewed		unreviewed		unreviewed			Unreviewed		원장/감사 queue에 유지; 새 발견은 다음 backlog
Binance	Futures (USDⓈ-M) REST	Http	GET	/fapi/v1/positionMargin/history	getPositionMarginChangeHistory	documented_active	provider_typed	general_adapter_or_provider	해당 없음		not_connected		Unlinked	unreviewed		unreviewed		unreviewed		unreviewed		unreviewed		unreviewed			Unreviewed		원장/감사 queue에 유지; 새 발견은 다음 backlog
Binance	Futures (USDⓈ-M) REST	Http	GET	/fapi/v1/positionSide/dual	getCurrentPositionMode	documented_active	provider_typed	general_adapter_or_provider	해당 없음		not_connected		Unlinked	unreviewed		unreviewed		unreviewed		unreviewed		unreviewed		unreviewed			Unreviewed		원장/감사 queue에 유지; 새 발견은 다음 backlog
Binance	Futures (USDⓈ-M) REST	Http	GET	/fapi/v1/premiumIndex	markPrice	documented_active	provider_typed	general_adapter_or_provider	해당 없음	usd_m.mark_price;usd_m.mark_prices	connected	bindings/common/src/coverage.rs::OPERATIONS	Implemented	present	src/adapters/binance/mod.rs:623;src/adapters/binance/mod.rs:631	present	bindings/common/src/schema.rs::binding_schema	present	bindings/python/python/maxt/_generated_contract.py;bindings/dart/lib/src/generated_contract.dart;bindings/typescript/src/generated/contract.ts	present	bindings/python/python/maxt/adapters.py	present	bindings/dart/lib/src/generated_provider_methods.dart	present	bindings/typescript/src/generated/api.ts	Fixture	MechanicallyConnected	mark_price;mark_prices	감사 초안; 의미상 Complete 아님
Binance	Futures (USDⓈ-M) REST	Http	GET	/fapi/v1/premiumIndexKlines	premiumIndexKlineData	documented_active	provider_typed	general_adapter_or_provider	해당 없음		not_connected		Unlinked	unreviewed		unreviewed		unreviewed		unreviewed		unreviewed		unreviewed			Unreviewed		원장/감사 queue에 유지; 새 발견은 다음 backlog
Binance	Futures (USDⓈ-M) REST	Http	GET	/fapi/v1/rateLimit/order	queryUserRateLimit	documented_active	provider_typed	general_adapter_or_provider	해당 없음		not_connected		Unlinked	unreviewed		unreviewed		unreviewed		unreviewed		unreviewed		unreviewed			Unreviewed		원장/감사 queue에 유지; 새 발견은 다음 backlog
Binance	Futures (USDⓈ-M) REST	Http	GET	/fapi/v1/rpiDepth	rpiOrderBook	documented_active	provider_typed	general_adapter_or_provider	해당 없음		not_connected		Unlinked	unreviewed		unreviewed		unreviewed		unreviewed		unreviewed		unreviewed			Unreviewed		원장/감사 queue에 유지; 새 발견은 다음 backlog
Binance	Futures (USDⓈ-M) REST	Http	GET	/fapi/v1/symbolAdlRisk	adlRisk	documented_active	provider_typed	general_adapter_or_provider	해당 없음		not_connected		Unlinked	unreviewed		unreviewed		unreviewed		unreviewed		unreviewed		unreviewed			Unreviewed		원장/감사 queue에 유지; 새 발견은 다음 backlog
Binance	Futures (USDⓈ-M) REST	Http	GET	/fapi/v1/symbolConfig	symbolConfiguration	documented_active	provider_typed	general_adapter_or_provider	해당 없음		not_connected		Unlinked	unreviewed		unreviewed		unreviewed		unreviewed		unreviewed		unreviewed			Unreviewed		원장/감사 queue에 유지; 새 발견은 다음 backlog
Binance	Futures (USDⓈ-M) REST	Http	GET	/fapi/v1/ticker/24hr	ticker24hrPriceChangeStatistics	documented_active	common_existing	general_adapter_or_provider	해당 없음	usd_m.ticker_24hr	connected	bindings/common/src/coverage.rs::OPERATIONS	Implemented	present	src/adapter.rs:62	present	bindings/common/src/schema.rs::binding_schema	present	bindings/python/python/maxt/_generated_contract.py;bindings/dart/lib/src/generated_contract.dart;bindings/typescript/src/generated/contract.ts	present	bindings/python/python/maxt/adapters.py	present	bindings/dart/lib/src/generated_provider_methods.dart	present	bindings/typescript/src/generated/api.ts	LiveRead	MechanicallyConnected	ticker	감사 초안; 의미상 Complete 아님
Binance	Futures (USDⓈ-M) REST	Http	GET	/fapi/v1/ticker/bookTicker	symbolOrderBookTicker	documented_active	provider_typed	general_adapter_or_provider	해당 없음		not_connected		Unlinked	unreviewed		unreviewed		unreviewed		unreviewed		unreviewed		unreviewed			Unreviewed		원장/감사 queue에 유지; 새 발견은 다음 backlog
Binance	Futures (USDⓈ-M) REST	Http	GET	/fapi/v1/ticker/price	symbolPriceTicker	documented_active	provider_typed	general_adapter_or_provider	해당 없음		not_connected		Unlinked	unreviewed		unreviewed		unreviewed		unreviewed		unreviewed		unreviewed			Unreviewed		원장/감사 queue에 유지; 새 발견은 다음 backlog
Binance	Futures (USDⓈ-M) REST	Http	GET	/fapi/v1/time	checkServerTime	documented_active	provider_typed	general_adapter_or_provider	해당 없음		not_connected		Unlinked	unreviewed		unreviewed		unreviewed		unreviewed		unreviewed		unreviewed			Unreviewed		원장/감사 queue에 유지; 새 발견은 다음 backlog
Binance	Futures (USDⓈ-M) REST	Http	GET	/fapi/v1/trade/asyn	getDownloadIdForFuturesTradeHistory	documented_active	provider_typed	general_adapter_or_provider	해당 없음		not_connected		Unlinked	unreviewed		unreviewed		unreviewed		unreviewed		unreviewed		unreviewed			Unreviewed		원장/감사 queue에 유지; 새 발견은 다음 backlog
Binance	Futures (USDⓈ-M) REST	Http	GET	/fapi/v1/trade/asyn/id	getFuturesTradeDownloadLinkById	documented_active	provider_typed	general_adapter_or_provider	해당 없음		not_connected		Unlinked	unreviewed		unreviewed		unreviewed		unreviewed		unreviewed		unreviewed			Unreviewed		원장/감사 queue에 유지; 새 발견은 다음 backlog
Binance	Futures (USDⓈ-M) REST	Http	GET	/fapi/v1/trades	recentTradesList	documented_active	common_existing	general_adapter_or_provider	해당 없음	usd_m.recent_trades	connected	bindings/common/src/coverage.rs::OPERATIONS	Implemented	present	src/adapter.rs:50	present	bindings/common/src/schema.rs::binding_schema	present	bindings/python/python/maxt/_generated_contract.py;bindings/dart/lib/src/generated_contract.dart;bindings/typescript/src/generated/contract.ts	present	bindings/python/python/maxt/adapters.py	present	bindings/dart/lib/src/generated_provider_methods.dart	present	bindings/typescript/src/generated/api.ts	LiveRead	MechanicallyConnected	trades	감사 초안; 의미상 Complete 아님
Binance	Futures (USDⓈ-M) REST	Http	GET	/fapi/v1/tradingSchedule	tradingSchedule	documented_active	provider_typed	general_adapter_or_provider	해당 없음		not_connected		Unlinked	unreviewed		unreviewed		unreviewed		unreviewed		unreviewed		unreviewed			Unreviewed		원장/감사 queue에 유지; 새 발견은 다음 backlog
Binance	Futures (USDⓈ-M) REST	Http	GET	/fapi/v1/userTrades	accountTradeList	documented_active	provider_typed	general_adapter_or_provider	해당 없음	usd_m.account_trades	connected	bindings/common/src/coverage.rs::OPERATIONS	Implemented	present	src/adapters/binance/mod.rs:575	present	bindings/common/src/schema.rs::binding_schema	present	bindings/python/python/maxt/_generated_contract.py;bindings/dart/lib/src/generated_contract.dart;bindings/typescript/src/generated/contract.ts	present	bindings/python/python/maxt/adapters.py	present	bindings/dart/lib/src/generated_provider_methods.dart	present	bindings/typescript/src/generated/api.ts	Fixture	MechanicallyConnected	account_trades	감사 초안; 의미상 Complete 아님
Binance	Futures (USDⓈ-M) REST	Http	GET	/fapi/v2/account	accountInformationV2	documented_active	provider_typed	general_adapter_or_provider	해당 없음		not_connected		Unlinked	unreviewed		unreviewed		unreviewed		unreviewed		unreviewed		unreviewed			Unreviewed		원장/감사 queue에 유지; 새 발견은 다음 backlog
Binance	Futures (USDⓈ-M) REST	Http	GET	/fapi/v2/balance	futuresAccountBalanceV2	documented_active	provider_typed	general_adapter_or_provider	해당 없음		not_connected		Unlinked	unreviewed		unreviewed		unreviewed		unreviewed		unreviewed		unreviewed			Unreviewed		원장/감사 queue에 유지; 새 발견은 다음 backlog
Binance	Futures (USDⓈ-M) REST	Http	GET	/fapi/v2/positionRisk	positionInformationV2	documented_active	provider_typed	general_adapter_or_provider	해당 없음		not_connected		Unlinked	unreviewed		unreviewed		unreviewed		unreviewed		unreviewed		unreviewed			Unreviewed		원장/감사 queue에 유지; 새 발견은 다음 backlog
Binance	Futures (USDⓈ-M) REST	Http	GET	/fapi/v2/ticker/price	symbolPriceTickerV2	documented_active	provider_typed	general_adapter_or_provider	해당 없음		not_connected		Unlinked	unreviewed		unreviewed		unreviewed		unreviewed		unreviewed		unreviewed			Unreviewed		원장/감사 queue에 유지; 새 발견은 다음 backlog
Binance	Futures (USDⓈ-M) REST	Http	GET	/fapi/v3/account	accountInformationV3	documented_active	common_existing	general_adapter_or_provider	해당 없음	usd_m.account_information_v3	connected	bindings/common/src/coverage.rs::OPERATIONS	Implemented	present	src/adapter.rs:110;src/adapter.rs:281	present	bindings/common/src/schema.rs::binding_schema	present	bindings/python/python/maxt/_generated_contract.py;bindings/dart/lib/src/generated_contract.dart;bindings/typescript/src/generated/contract.ts	present	bindings/python/python/maxt/adapters.py	present	bindings/dart/lib/src/generated_provider_methods.dart	present	bindings/typescript/src/generated/api.ts	Fixture	MechanicallyConnected	balances;margin_summary	감사 초안; 의미상 Complete 아님
Binance	Futures (USDⓈ-M) REST	Http	GET	/fapi/v3/balance	futuresAccountBalanceV3	documented_active	provider_typed	general_adapter_or_provider	해당 없음		not_connected		Unlinked	unreviewed		unreviewed		unreviewed		unreviewed		unreviewed		unreviewed			Unreviewed		원장/감사 queue에 유지; 새 발견은 다음 backlog
Binance	Futures (USDⓈ-M) REST	Http	GET	/fapi/v3/positionRisk	positionInformationV3	documented_active	common_existing	general_adapter_or_provider	해당 없음	usd_m.position_information_v3	connected	bindings/common/src/coverage.rs::OPERATIONS	Implemented	present	src/adapter.rs:275	present	bindings/common/src/schema.rs::binding_schema	present	bindings/python/python/maxt/_generated_contract.py;bindings/dart/lib/src/generated_contract.dart;bindings/typescript/src/generated/contract.ts	present	bindings/python/python/maxt/adapters.py	present	bindings/dart/lib/src/generated_provider_methods.dart	present	bindings/typescript/src/generated/api.ts	Fixture	MechanicallyConnected	positions	감사 초안; 의미상 Complete 아님
Binance	Futures (USDⓈ-M) REST	Http	GET	/futures/data/basis	basis	documented_active	provider_typed	general_adapter_or_provider	해당 없음		not_connected		Unlinked	unreviewed		unreviewed		unreviewed		unreviewed		unreviewed		unreviewed			Unreviewed		원장/감사 queue에 유지; 새 발견은 다음 backlog
Binance	Futures (USDⓈ-M) REST	Http	GET	/futures/data/delivery-price	quarterlyContractSettlementPrice	documented_active	provider_typed	general_adapter_or_provider	해당 없음		not_connected		Unlinked	unreviewed		unreviewed		unreviewed		unreviewed		unreviewed		unreviewed			Unreviewed		원장/감사 queue에 유지; 새 발견은 다음 backlog
Binance	Futures (USDⓈ-M) REST	Http	GET	/futures/data/globalLongShortAccountRatio	longShortRatio	documented_active	provider_typed	general_adapter_or_provider	해당 없음		not_connected		Unlinked	unreviewed		unreviewed		unreviewed		unreviewed		unreviewed		unreviewed			Unreviewed		원장/감사 queue에 유지; 새 발견은 다음 backlog
Binance	Futures (USDⓈ-M) REST	Http	GET	/futures/data/openInterestHist	openInterestStatistics	documented_active	provider_typed	general_adapter_or_provider	해당 없음		not_connected		Unlinked	unreviewed		unreviewed		unreviewed		unreviewed		unreviewed		unreviewed			Unreviewed		원장/감사 queue에 유지; 새 발견은 다음 backlog
Binance	Futures (USDⓈ-M) REST	Http	GET	/futures/data/takerlongshortRatio	takerBuySellVolume	documented_active	provider_typed	general_adapter_or_provider	해당 없음		not_connected		Unlinked	unreviewed		unreviewed		unreviewed		unreviewed		unreviewed		unreviewed			Unreviewed		원장/감사 queue에 유지; 새 발견은 다음 backlog
Binance	Futures (USDⓈ-M) REST	Http	GET	/futures/data/topLongShortAccountRatio	topTraderLongShortRatioAccounts	documented_active	provider_typed	general_adapter_or_provider	해당 없음		not_connected		Unlinked	unreviewed		unreviewed		unreviewed		unreviewed		unreviewed		unreviewed			Unreviewed		원장/감사 queue에 유지; 새 발견은 다음 backlog
Binance	Futures (USDⓈ-M) REST	Http	GET	/futures/data/topLongShortPositionRatio	topTraderLongShortRatioPositions	documented_active	provider_typed	general_adapter_or_provider	해당 없음		not_connected		Unlinked	unreviewed		unreviewed		unreviewed		unreviewed		unreviewed		unreviewed			Unreviewed		원장/감사 queue에 유지; 새 발견은 다음 backlog
Binance	Futures (USDⓈ-M) REST	Http	POST	/fapi/v1/algoOrder	newAlgoOrder	documented_active	provider_typed	general_adapter_or_provider	해당 없음		not_connected		Unlinked	unreviewed		unreviewed		unreviewed		unreviewed		unreviewed		unreviewed			Unreviewed		원장/감사 queue에 유지; 새 발견은 다음 backlog
Binance	Futures (USDⓈ-M) REST	Http	POST	/fapi/v1/batchOrders	placeMultipleOrders	documented_active	provider_typed	general_adapter_or_provider	해당 없음		not_connected		Unlinked	unreviewed		unreviewed		unreviewed		unreviewed		unreviewed		unreviewed			Unreviewed		원장/감사 queue에 유지; 새 발견은 다음 backlog
Binance	Futures (USDⓈ-M) REST	Http	POST	/fapi/v1/convert/acceptQuote	acceptTheOfferedQuote	documented_active	provider_typed	general_adapter_or_provider	해당 없음		not_connected		Unlinked	unreviewed		unreviewed		unreviewed		unreviewed		unreviewed		unreviewed			Unreviewed		원장/감사 queue에 유지; 새 발견은 다음 backlog
Binance	Futures (USDⓈ-M) REST	Http	POST	/fapi/v1/convert/getQuote	sendQuoteRequest	documented_active	provider_typed	general_adapter_or_provider	해당 없음		not_connected		Unlinked	unreviewed		unreviewed		unreviewed		unreviewed		unreviewed		unreviewed			Unreviewed		원장/감사 queue에 유지; 새 발견은 다음 backlog
Binance	Futures (USDⓈ-M) REST	Http	POST	/fapi/v1/countdownCancelAll	autoCancelAllOpenOrders	documented_active	provider_typed	general_adapter_or_provider	해당 없음		not_connected		Unlinked	unreviewed		unreviewed		unreviewed		unreviewed		unreviewed		unreviewed			Unreviewed		원장/감사 queue에 유지; 새 발견은 다음 backlog
Binance	Futures (USDⓈ-M) REST	Http	POST	/fapi/v1/feeBurn	toggleBnbBurnOnFuturesTrade	documented_active	provider_typed	general_adapter_or_provider	해당 없음		not_connected		Unlinked	unreviewed		unreviewed		unreviewed		unreviewed		unreviewed		unreviewed			Unreviewed		원장/감사 queue에 유지; 새 발견은 다음 backlog
Binance	Futures (USDⓈ-M) REST	Http	POST	/fapi/v1/leverage	changeInitialLeverage	documented_active	common_existing	general_adapter_or_provider	해당 없음	usd_m.change_initial_leverage	connected	bindings/common/src/coverage.rs::OPERATIONS	Implemented	present	src/adapter.rs:301	present	bindings/common/src/schema.rs::binding_schema	present	bindings/python/python/maxt/_generated_contract.py;bindings/dart/lib/src/generated_contract.dart;bindings/typescript/src/generated/contract.ts	present	bindings/python/python/maxt/adapters.py	present	bindings/dart/lib/src/generated_provider_methods.dart	present	bindings/typescript/src/generated/api.ts	Fixture	MechanicallyConnected	set_margin	감사 초안; 의미상 Complete 아님
Binance	Futures (USDⓈ-M) REST	Http	POST	/fapi/v1/listenKey	startUserDataStream	documented_active	provider_typed	general_adapter_or_provider	해당 없음	usd_m.start_user_data_stream	connected	bindings/common/src/coverage.rs::OPERATIONS	Implemented	present	src/adapters/binance/mod.rs:655	present	bindings/common/src/schema.rs::binding_schema	present	bindings/python/python/maxt/_generated_contract.py;bindings/dart/lib/src/generated_contract.dart;bindings/typescript/src/generated/contract.ts	present	bindings/python/python/maxt/adapters.py	present	bindings/dart/lib/src/generated_provider_methods.dart	present	bindings/typescript/src/generated/api.ts	Fixture	MechanicallyConnected	usd_m_create_listen_key	감사 초안; 의미상 Complete 아님
Binance	Futures (USDⓈ-M) REST	Http	POST	/fapi/v1/marginType	changeMarginType	documented_active	common_existing	general_adapter_or_provider	해당 없음	usd_m.change_margin_type	connected	bindings/common/src/coverage.rs::OPERATIONS	Implemented	present	src/adapter.rs:301	present	bindings/common/src/schema.rs::binding_schema	present	bindings/python/python/maxt/_generated_contract.py;bindings/dart/lib/src/generated_contract.dart;bindings/typescript/src/generated/contract.ts	present	bindings/python/python/maxt/adapters.py	present	bindings/dart/lib/src/generated_provider_methods.dart	present	bindings/typescript/src/generated/api.ts	Fixture	MechanicallyConnected	set_margin	감사 초안; 의미상 Complete 아님
Binance	Futures (USDⓈ-M) REST	Http	POST	/fapi/v1/multiAssetsMargin	changeMultiAssetsMode	documented_active	provider_typed	general_adapter_or_provider	해당 없음		not_connected		Unlinked	unreviewed		unreviewed		unreviewed		unreviewed		unreviewed		unreviewed			Unreviewed		원장/감사 queue에 유지; 새 발견은 다음 backlog
Binance	Futures (USDⓈ-M) REST	Http	POST	/fapi/v1/order	newOrder	documented_active	common_existing	general_adapter_or_provider	해당 없음	usd_m.new_order	connected	bindings/common/src/coverage.rs::OPERATIONS	Partial	present	src/adapter.rs:244	present	bindings/common/src/schema.rs::binding_schema	present	bindings/python/python/maxt/_generated_contract.py;bindings/dart/lib/src/generated_contract.dart;bindings/typescript/src/generated/contract.ts	present	bindings/python/python/maxt/adapters.py	present	bindings/dart/lib/src/generated_provider_methods.dart	present	bindings/typescript/src/generated/api.ts	Fixture	Partial	place_order	원장/감사 queue에 유지; 새 발견은 다음 backlog
Binance	Futures (USDⓈ-M) REST	Http	POST	/fapi/v1/order/test	testOrder	documented_active	provider_typed	general_adapter_or_provider	해당 없음	usd_m.test_order	connected	bindings/common/src/coverage.rs::OPERATIONS	Implemented	present	src/adapters/binance/mod.rs:601	present	bindings/common/src/schema.rs::binding_schema	present	bindings/python/python/maxt/_generated_contract.py;bindings/dart/lib/src/generated_contract.dart;bindings/typescript/src/generated/contract.ts	present	bindings/python/python/maxt/adapters.py	present	bindings/dart/lib/src/generated_provider_methods.dart	present	bindings/typescript/src/generated/api.ts	Fixture	MechanicallyConnected	test_order	감사 초안; 의미상 Complete 아님
Binance	Futures (USDⓈ-M) REST	Http	POST	/fapi/v1/positionMargin	modifyIsolatedPositionMargin	documented_active	provider_typed	general_adapter_or_provider	해당 없음		not_connected		Unlinked	unreviewed		unreviewed		unreviewed		unreviewed		unreviewed		unreviewed			Unreviewed		원장/감사 queue에 유지; 새 발견은 다음 backlog
Binance	Futures (USDⓈ-M) REST	Http	POST	/fapi/v1/positionSide/dual	changePositionMode	documented_active	provider_typed	general_adapter_or_provider	해당 없음		not_connected		Unlinked	unreviewed		unreviewed		unreviewed		unreviewed		unreviewed		unreviewed			Unreviewed		원장/감사 queue에 유지; 새 발견은 다음 backlog
Binance	Futures (USDⓈ-M) REST	Http	POST	/fapi/v1/stock/contract	futuresTradfiPerpsContract	documented_active	provider_typed	general_adapter_or_provider	해당 없음		not_connected		Unlinked	unreviewed		unreviewed		unreviewed		unreviewed		unreviewed		unreviewed			Unreviewed		원장/감사 queue에 유지; 새 발견은 다음 backlog
Binance	Futures (USDⓈ-M) REST	Http	PUT	/fapi/v1/batchOrders	modifyMultipleOrders	documented_active	provider_typed	general_adapter_or_provider	해당 없음		not_connected		Unlinked	unreviewed		unreviewed		unreviewed		unreviewed		unreviewed		unreviewed			Unreviewed		원장/감사 queue에 유지; 새 발견은 다음 backlog
Binance	Futures (USDⓈ-M) REST	Http	PUT	/fapi/v1/listenKey	keepaliveUserDataStream	documented_active	provider_typed	general_adapter_or_provider	해당 없음	usd_m.keepalive_user_data_stream	connected	bindings/common/src/coverage.rs::OPERATIONS	Implemented	present	src/adapters/binance/mod.rs:664	present	bindings/common/src/schema.rs::binding_schema	present	bindings/python/python/maxt/_generated_contract.py;bindings/dart/lib/src/generated_contract.dart;bindings/typescript/src/generated/contract.ts	present	bindings/python/python/maxt/adapters.py	present	bindings/dart/lib/src/generated_provider_methods.dart	present	bindings/typescript/src/generated/api.ts	Fixture	MechanicallyConnected	usd_m_keepalive_listen_key	감사 초안; 의미상 Complete 아님
Binance	Futures (USDⓈ-M) REST	Http	PUT	/fapi/v1/order	modifyOrder	documented_active	provider_typed	general_adapter_or_provider	해당 없음		not_connected		Unlinked	unreviewed		unreviewed		unreviewed		unreviewed		unreviewed		unreviewed			Unreviewed		원장/감사 queue에 유지; 새 발견은 다음 backlog
Binance	Futures (USDⓈ-M) WebSocket	WebSocketRequest	POST	/account.balance	futuresAccountBalance	documented_active	provider_typed	general_adapter_or_provider	해당 없음		not_connected		Unlinked	unreviewed		unreviewed		unreviewed		unreviewed		unreviewed		unreviewed			Unreviewed		원장/감사 queue에 유지; 새 발견은 다음 backlog
Binance	Futures (USDⓈ-M) WebSocket	WebSocketRequest	POST	/account.position	positionInformation	documented_active	provider_typed	general_adapter_or_provider	해당 없음		not_connected		Unlinked	unreviewed		unreviewed		unreviewed		unreviewed		unreviewed		unreviewed			Unreviewed		원장/감사 queue에 유지; 새 발견은 다음 backlog
Binance	Futures (USDⓈ-M) WebSocket	WebSocketRequest	POST	/account.status	accountInformation	documented_active	provider_typed	general_adapter_or_provider	해당 없음		not_connected		Unlinked	unreviewed		unreviewed		unreviewed		unreviewed		unreviewed		unreviewed			Unreviewed		원장/감사 queue에 유지; 새 발견은 다음 backlog
Binance	Futures (USDⓈ-M) WebSocket	WebSocketRequest	POST	/algoOrder.cancel	cancelAlgoOrder	documented_active	provider_typed	general_adapter_or_provider	해당 없음		not_connected		Unlinked	unreviewed		unreviewed		unreviewed		unreviewed		unreviewed		unreviewed			Unreviewed		원장/감사 queue에 유지; 새 발견은 다음 backlog
Binance	Futures (USDⓈ-M) WebSocket	WebSocketRequest	POST	/algoOrder.place	newAlgoOrder	documented_active	provider_typed	general_adapter_or_provider	해당 없음		not_connected		Unlinked	unreviewed		unreviewed		unreviewed		unreviewed		unreviewed		unreviewed			Unreviewed		원장/감사 queue에 유지; 새 발견은 다음 backlog
Binance	Futures (USDⓈ-M) WebSocket	WebSocketRequest	POST	/depth	orderBook	documented_active	provider_typed	general_adapter_or_provider	해당 없음		not_connected		Unlinked	unreviewed		unreviewed		unreviewed		unreviewed		unreviewed		unreviewed			Unreviewed		원장/감사 queue에 유지; 새 발견은 다음 backlog
Binance	Futures (USDⓈ-M) WebSocket	WebSocketRequest	POST	/order.cancel	cancelOrder	documented_active	provider_typed	general_adapter_or_provider	해당 없음		not_connected		Unlinked	unreviewed		unreviewed		unreviewed		unreviewed		unreviewed		unreviewed			Unreviewed		원장/감사 queue에 유지; 새 발견은 다음 backlog
Binance	Futures (USDⓈ-M) WebSocket	WebSocketRequest	POST	/order.modify	modifyOrder	documented_active	provider_typed	general_adapter_or_provider	해당 없음		not_connected		Unlinked	unreviewed		unreviewed		unreviewed		unreviewed		unreviewed		unreviewed			Unreviewed		원장/감사 queue에 유지; 새 발견은 다음 backlog
Binance	Futures (USDⓈ-M) WebSocket	WebSocketRequest	POST	/order.place	newOrder	documented_active	provider_typed	general_adapter_or_provider	해당 없음		not_connected		Unlinked	unreviewed		unreviewed		unreviewed		unreviewed		unreviewed		unreviewed			Unreviewed		원장/감사 queue에 유지; 새 발견은 다음 backlog
Binance	Futures (USDⓈ-M) WebSocket	WebSocketRequest	POST	/order.status	queryOrder	documented_active	provider_typed	general_adapter_or_provider	해당 없음		not_connected		Unlinked	unreviewed		unreviewed		unreviewed		unreviewed		unreviewed		unreviewed			Unreviewed		원장/감사 queue에 유지; 새 발견은 다음 backlog
Binance	Futures (USDⓈ-M) WebSocket	WebSocketRequest	POST	/ticker.book	symbolOrderBookTicker	documented_active	provider_typed	general_adapter_or_provider	해당 없음		not_connected		Unlinked	unreviewed		unreviewed		unreviewed		unreviewed		unreviewed		unreviewed			Unreviewed		원장/감사 queue에 유지; 새 발견은 다음 backlog
Binance	Futures (USDⓈ-M) WebSocket	WebSocketRequest	POST	/ticker.price	symbolPriceTicker	documented_active	provider_typed	general_adapter_or_provider	해당 없음		not_connected		Unlinked	unreviewed		unreviewed		unreviewed		unreviewed		unreviewed		unreviewed			Unreviewed		원장/감사 queue에 유지; 새 발견은 다음 backlog
Binance	Futures (USDⓈ-M) WebSocket	WebSocketRequest	POST	/userDataStream.ping	keepaliveUserDataStream	documented_active	provider_typed	general_adapter_or_provider	해당 없음		not_connected		Unlinked	unreviewed		unreviewed		unreviewed		unreviewed		unreviewed		unreviewed			Unreviewed		원장/감사 queue에 유지; 새 발견은 다음 backlog
Binance	Futures (USDⓈ-M) WebSocket	WebSocketRequest	POST	/userDataStream.start	startUserDataStream	documented_active	provider_typed	general_adapter_or_provider	해당 없음		not_connected		Unlinked	unreviewed		unreviewed		unreviewed		unreviewed		unreviewed		unreviewed			Unreviewed		원장/감사 queue에 유지; 새 발견은 다음 backlog
Binance	Futures (USDⓈ-M) WebSocket	WebSocketRequest	POST	/userDataStream.stop	closeUserDataStream	documented_active	provider_typed	general_adapter_or_provider	해당 없음		not_connected		Unlinked	unreviewed		unreviewed		unreviewed		unreviewed		unreviewed		unreviewed			Unreviewed		원장/감사 queue에 유지; 새 발견은 다음 backlog
Binance	Futures (USDⓈ-M) WebSocket	WebSocketRequest	POST	/v2/account.balance	futuresAccountBalanceV2	documented_active	provider_typed	general_adapter_or_provider	해당 없음		not_connected		Unlinked	unreviewed		unreviewed		unreviewed		unreviewed		unreviewed		unreviewed			Unreviewed		원장/감사 queue에 유지; 새 발견은 다음 backlog
Binance	Futures (USDⓈ-M) WebSocket	WebSocketRequest	POST	/v2/account.position	positionInformationV2	documented_active	provider_typed	general_adapter_or_provider	해당 없음		not_connected		Unlinked	unreviewed		unreviewed		unreviewed		unreviewed		unreviewed		unreviewed			Unreviewed		원장/감사 queue에 유지; 새 발견은 다음 backlog
Binance	Futures (USDⓈ-M) WebSocket	WebSocketRequest	POST	/v2/account.status	accountInformationV2	documented_active	provider_typed	general_adapter_or_provider	해당 없음		not_connected		Unlinked	unreviewed		unreviewed		unreviewed		unreviewed		unreviewed		unreviewed			Unreviewed		원장/감사 queue에 유지; 새 발견은 다음 backlog
Binance	Futures (USDⓈ-M) WebSocket Market Streams	WebSocketStream	POST	/!assetIndex@arr	assetIndex	documented_active	provider_typed	general_adapter_or_provider	해당 없음		not_connected		Unlinked	unreviewed		unreviewed		unreviewed		unreviewed		unreviewed		unreviewed			Unreviewed		원장/감사 queue에 유지; 새 발견은 다음 backlog
Binance	Futures (USDⓈ-M) WebSocket Market Streams	WebSocketStream	POST	/!bookTicker	allBookTickersStream	documented_active	provider_typed	general_adapter_or_provider	해당 없음		not_connected		Unlinked	unreviewed		unreviewed		unreviewed		unreviewed		unreviewed		unreviewed			Unreviewed		원장/감사 queue에 유지; 새 발견은 다음 backlog
Binance	Futures (USDⓈ-M) WebSocket Market Streams	WebSocketStream	POST	/!contractInfo	contractInfoStream	documented_active	provider_typed	general_adapter_or_provider	해당 없음		not_connected		Unlinked	unreviewed		unreviewed		unreviewed		unreviewed		unreviewed		unreviewed			Unreviewed		원장/감사 queue에 유지; 새 발견은 다음 backlog
Binance	Futures (USDⓈ-M) WebSocket Market Streams	WebSocketStream	POST	/!forceOrder@arr	allMarketLiquidationOrderStreams	documented_active	provider_typed	general_adapter_or_provider	해당 없음		not_connected		Unlinked	unreviewed		unreviewed		unreviewed		unreviewed		unreviewed		unreviewed			Unreviewed		원장/감사 queue에 유지; 새 발견은 다음 backlog
Binance	Futures (USDⓈ-M) WebSocket Market Streams	WebSocketStream	POST	/!markPrice@arr@{updateSpeed}	markPriceStreamForAllMarket	documented_active	provider_typed	general_adapter_or_provider	해당 없음		not_connected		Unlinked	unreviewed		unreviewed		unreviewed		unreviewed		unreviewed		unreviewed			Unreviewed		원장/감사 queue에 유지; 새 발견은 다음 backlog
Binance	Futures (USDⓈ-M) WebSocket Market Streams	WebSocketStream	POST	/!miniTicker@arr	allMarketMiniTickersStream	documented_active	provider_typed	general_adapter_or_provider	해당 없음		not_connected		Unlinked	unreviewed		unreviewed		unreviewed		unreviewed		unreviewed		unreviewed			Unreviewed		원장/감사 queue에 유지; 새 발견은 다음 backlog
Binance	Futures (USDⓈ-M) WebSocket Market Streams	WebSocketStream	POST	/!ticker@arr	allMarketTickersStreams	documented_active	provider_typed	general_adapter_or_provider	해당 없음		not_connected		Unlinked	unreviewed		unreviewed		unreviewed		unreviewed		unreviewed		unreviewed			Unreviewed		원장/감사 queue에 유지; 새 발견은 다음 backlog
Binance	Futures (USDⓈ-M) WebSocket Market Streams	WebSocketStream	POST	/tradingSession	tradingSessionStream	documented_active	provider_typed	general_adapter_or_provider	해당 없음		not_connected		Unlinked	unreviewed		unreviewed		unreviewed		unreviewed		unreviewed		unreviewed			Unreviewed		원장/감사 queue에 유지; 새 발견은 다음 backlog
Binance	Futures (USDⓈ-M) WebSocket Market Streams	WebSocketStream	POST	/{pair}_{contractType}@continuousKline_{interval}	continuousContractKlineCandlestickStreams	documented_active	provider_typed	general_adapter_or_provider	해당 없음		not_connected		Unlinked	unreviewed		unreviewed		unreviewed		unreviewed		unreviewed		unreviewed			Unreviewed		원장/감사 queue에 유지; 새 발견은 다음 backlog
Binance	Futures (USDⓈ-M) WebSocket Market Streams	WebSocketStream	POST	/{symbol}@aggTrade	aggregateTradeStreams	documented_active	provider_typed	general_adapter_or_provider	해당 없음	usd_m.aggregate_trade_stream	connected	bindings/common/src/coverage.rs::OPERATIONS	Planned	present	src/adapters/binance/mod.rs:644	present	bindings/common/src/schema.rs::binding_schema	present	bindings/python/python/maxt/_generated_contract.py;bindings/dart/lib/src/generated_contract.dart;bindings/typescript/src/generated/contract.ts	present	bindings/python/python/maxt/adapters.py	present	bindings/dart/lib/src/generated_provider_methods.dart	present	bindings/typescript/src/generated/api.ts	Documented	Blocked	aggregate_trades	공용 MarketEvent가 집계 체결의 fill ID 범위를 보존하지 못함; 억지 변환·새 공개 API 금지
Binance	Futures (USDⓈ-M) WebSocket Market Streams	WebSocketStream	POST	/{symbol}@bookTicker	individualSymbolBookTickerStreams	documented_active	provider_typed	general_adapter_or_provider	해당 없음		not_connected		Unlinked	unreviewed		unreviewed		unreviewed		unreviewed		unreviewed		unreviewed			Unreviewed		원장/감사 queue에 유지; 새 발견은 다음 backlog
Binance	Futures (USDⓈ-M) WebSocket Market Streams	WebSocketStream	POST	/{symbol}@compositeIndex	compositeIndexSymbolInformationStreams	documented_active	provider_typed	general_adapter_or_provider	해당 없음		not_connected		Unlinked	unreviewed		unreviewed		unreviewed		unreviewed		unreviewed		unreviewed			Unreviewed		원장/감사 queue에 유지; 새 발견은 다음 backlog
Binance	Futures (USDⓈ-M) WebSocket Market Streams	WebSocketStream	POST	/{symbol}@depth@{updateSpeed}	diffBookDepthStreams	documented_active	provider_typed	general_adapter_or_provider	해당 없음		not_connected		Unlinked	unreviewed		unreviewed		unreviewed		unreviewed		unreviewed		unreviewed			Unreviewed		원장/감사 queue에 유지; 새 발견은 다음 backlog
Binance	Futures (USDⓈ-M) WebSocket Market Streams	WebSocketStream	POST	/{symbol}@depth{levels}@{updateSpeed}	partialBookDepthStreams	documented_active	common_existing	general_adapter_or_provider	해당 없음	usd_m.partial_book_depth_stream	connected	bindings/common/src/coverage.rs::OPERATIONS	Partial	present	src/adapter.rs:78	present	bindings/common/src/schema.rs::binding_schema	present	bindings/python/python/maxt/_generated_contract.py;bindings/dart/lib/src/generated_contract.dart;bindings/typescript/src/generated/contract.ts	present	bindings/python/python/maxt/adapters.py	present	bindings/dart/lib/src/generated_provider_methods.dart	present	bindings/typescript/src/generated/api.ts	LiveRead	Partial	subscribe	원장/감사 queue에 유지; 새 발견은 다음 backlog
Binance	Futures (USDⓈ-M) WebSocket Market Streams	WebSocketStream	POST	/{symbol}@forceOrder	liquidationOrderStreams	documented_active	provider_typed	general_adapter_or_provider	해당 없음		not_connected		Unlinked	unreviewed		unreviewed		unreviewed		unreviewed		unreviewed		unreviewed			Unreviewed		원장/감사 queue에 유지; 새 발견은 다음 backlog
Binance	Futures (USDⓈ-M) WebSocket Market Streams	WebSocketStream	POST	/{symbol}@kline_{interval}	klineCandlestickStreams	documented_active	common_existing	general_adapter_or_provider	해당 없음	usd_m.kline_stream	connected	bindings/common/src/coverage.rs::OPERATIONS	Partial	present	src/adapter.rs:78	present	bindings/common/src/schema.rs::binding_schema	present	bindings/python/python/maxt/_generated_contract.py;bindings/dart/lib/src/generated_contract.dart;bindings/typescript/src/generated/contract.ts	present	bindings/python/python/maxt/adapters.py	present	bindings/dart/lib/src/generated_provider_methods.dart	present	bindings/typescript/src/generated/api.ts	LiveRead	Partial	subscribe	원장/감사 queue에 유지; 새 발견은 다음 backlog
Binance	Futures (USDⓈ-M) WebSocket Market Streams	WebSocketStream	POST	/{symbol}@markPrice@{updateSpeed}	markPriceStream	documented_active	provider_typed	general_adapter_or_provider	해당 없음		not_connected		Unlinked	unreviewed		unreviewed		unreviewed		unreviewed		unreviewed		unreviewed			Unreviewed		원장/감사 queue에 유지; 새 발견은 다음 backlog
Binance	Futures (USDⓈ-M) WebSocket Market Streams	WebSocketStream	POST	/{symbol}@miniTicker	individualSymbolMiniTickerStream	documented_active	provider_typed	general_adapter_or_provider	해당 없음		not_connected		Unlinked	unreviewed		unreviewed		unreviewed		unreviewed		unreviewed		unreviewed			Unreviewed		원장/감사 queue에 유지; 새 발견은 다음 backlog
Binance	Futures (USDⓈ-M) WebSocket Market Streams	WebSocketStream	POST	/{symbol}@rpiDepth@500ms	rpiDiffBookDepthStreams	documented_active	provider_typed	general_adapter_or_provider	해당 없음		not_connected		Unlinked	unreviewed		unreviewed		unreviewed		unreviewed		unreviewed		unreviewed			Unreviewed		원장/감사 queue에 유지; 새 발견은 다음 backlog
Binance	Futures (USDⓈ-M) WebSocket Market Streams	WebSocketStream	POST	/{symbol}@ticker	individualSymbolTickerStreams	documented_active	common_existing	general_adapter_or_provider	해당 없음	usd_m.ticker_stream	connected	bindings/common/src/coverage.rs::OPERATIONS	Partial	present	src/adapter.rs:78	present	bindings/common/src/schema.rs::binding_schema	present	bindings/python/python/maxt/_generated_contract.py;bindings/dart/lib/src/generated_contract.dart;bindings/typescript/src/generated/contract.ts	present	bindings/python/python/maxt/adapters.py	present	bindings/dart/lib/src/generated_provider_methods.dart	present	bindings/typescript/src/generated/api.ts	LiveRead	Partial	subscribe	원장/감사 queue에 유지; 새 발견은 다음 backlog
Binance	Gift Card REST	Http	GET	/sapi/v1/giftcard/buyCode/token-limit	fetchTokenLimit	documented_active	provider_typed	general_adapter_or_provider	해당 없음		not_connected		Unlinked	unreviewed		unreviewed		unreviewed		unreviewed		unreviewed		unreviewed			Unreviewed		원장/감사 queue에 유지; 새 발견은 다음 backlog
Binance	Gift Card REST	Http	GET	/sapi/v1/giftcard/cryptography/rsa-public-key	fetchRsaPublicKey	documented_active	provider_typed	general_adapter_or_provider	해당 없음		not_connected		Unlinked	unreviewed		unreviewed		unreviewed		unreviewed		unreviewed		unreviewed			Unreviewed		원장/감사 queue에 유지; 새 발견은 다음 backlog
Binance	Gift Card REST	Http	GET	/sapi/v1/giftcard/verify	verifyBinanceGiftCardByGiftCardNumber	documented_active	provider_typed	general_adapter_or_provider	해당 없음		not_connected		Unlinked	unreviewed		unreviewed		unreviewed		unreviewed		unreviewed		unreviewed			Unreviewed		원장/감사 queue에 유지; 새 발견은 다음 backlog
Binance	Gift Card REST	Http	POST	/sapi/v1/giftcard/buyCode	createADualTokenGiftCard	documented_active	provider_typed	general_adapter_or_provider	해당 없음		not_connected		Unlinked	unreviewed		unreviewed		unreviewed		unreviewed		unreviewed		unreviewed			Unreviewed		원장/감사 queue에 유지; 새 발견은 다음 backlog
Binance	Gift Card REST	Http	POST	/sapi/v1/giftcard/createCode	createASingleTokenGiftCard	documented_active	provider_typed	general_adapter_or_provider	해당 없음		not_connected		Unlinked	unreviewed		unreviewed		unreviewed		unreviewed		unreviewed		unreviewed			Unreviewed		원장/감사 queue에 유지; 새 발견은 다음 backlog
Binance	Gift Card REST	Http	POST	/sapi/v1/giftcard/redeemCode	redeemABinanceGiftCard	documented_active	provider_typed	general_adapter_or_provider	해당 없음		not_connected		Unlinked	unreviewed		unreviewed		unreviewed		unreviewed		unreviewed		unreviewed			Unreviewed		원장/감사 queue에 유지; 새 발견은 다음 backlog
Binance	Institutional Loan REST	Http	DELETE	/sapi/v1/margin/loan-group	closeRiskUnit	documented_active	platform_limited	separate_platform_or_protocol_service	이번 릴리스 보류(임시; 사용자 승인 필요)		not_connected		Unlinked	unreviewed		unreviewed		unreviewed		unreviewed		unreviewed		unreviewed			Unreviewed		별도 platform/protocol service 결정 대기; 사용자 승인 전 구현 재개 금지
Binance	Institutional Loan REST	Http	GET	/sapi/v1/margin/loan-group	queryOneRiskUnitDetail	documented_active	platform_limited	separate_platform_or_protocol_service	이번 릴리스 보류(임시; 사용자 승인 필요)		not_connected		Unlinked	unreviewed		unreviewed		unreviewed		unreviewed		unreviewed		unreviewed			Unreviewed		별도 platform/protocol service 결정 대기; 사용자 승인 전 구현 재개 금지
Binance	Institutional Loan REST	Http	GET	/sapi/v1/margin/loan-group/borrow-repay	riskUnitBorrowRepayRecords	documented_active	platform_limited	separate_platform_or_protocol_service	이번 릴리스 보류(임시; 사용자 승인 필요)		not_connected		Unlinked	unreviewed		unreviewed		unreviewed		unreviewed		unreviewed		unreviewed			Unreviewed		별도 platform/protocol service 결정 대기; 사용자 승인 전 구현 재개 금지
Binance	Institutional Loan REST	Http	GET	/sapi/v1/margin/loan-group/force-liquidation	getRiskUnitForceLiquidationRecord	documented_active	platform_limited	separate_platform_or_protocol_service	이번 릴리스 보류(임시; 사용자 승인 필요)		not_connected		Unlinked	unreviewed		unreviewed		unreviewed		unreviewed		unreviewed		unreviewed			Unreviewed		별도 platform/protocol service 결정 대기; 사용자 승인 전 구현 재개 금지
Binance	Institutional Loan REST	Http	GET	/sapi/v1/margin/loan-group/force-liquidation-transfer-record	queryRiskUnitForcedLiquidationTransferRecords	documented_active	platform_limited	separate_platform_or_protocol_service	이번 릴리스 보류(임시; 사용자 승인 필요)		not_connected		Unlinked	unreviewed		unreviewed		unreviewed		unreviewed		unreviewed		unreviewed			Unreviewed		별도 platform/protocol service 결정 대기; 사용자 승인 전 구현 재개 금지
Binance	Institutional Loan REST	Http	GET	/sapi/v1/margin/loan-group/interest-history	riskUnitInterestHistory	documented_active	platform_limited	separate_platform_or_protocol_service	이번 릴리스 보류(임시; 사용자 승인 필요)		not_connected		Unlinked	unreviewed		unreviewed		unreviewed		unreviewed		unreviewed		unreviewed			Unreviewed		별도 platform/protocol service 결정 대기; 사용자 승인 전 구현 재개 금지
Binance	Institutional Loan REST	Http	GET	/sapi/v1/margin/loan-group/interest-rebate-balance	queryInterestRebateBalance	documented_active	platform_limited	separate_platform_or_protocol_service	이번 릴리스 보류(임시; 사용자 승인 필요)		not_connected		Unlinked	unreviewed		unreviewed		unreviewed		unreviewed		unreviewed		unreviewed			Unreviewed		별도 platform/protocol service 결정 대기; 사용자 승인 전 구현 재개 금지
Binance	Institutional Loan REST	Http	GET	/sapi/v1/margin/loan-group/interest-rebate-balance/records	queryInterestRebateBalanceRecords	documented_active	platform_limited	separate_platform_or_protocol_service	이번 릴리스 보류(임시; 사용자 승인 필요)		not_connected		Unlinked	unreviewed		unreviewed		unreviewed		unreviewed		unreviewed		unreviewed			Unreviewed		별도 platform/protocol service 결정 대기; 사용자 승인 전 구현 재개 금지
Binance	Institutional Loan REST	Http	GET	/sapi/v1/margin/loan-group/ltv-details	queryRiskUnitDetails	documented_active	platform_limited	separate_platform_or_protocol_service	이번 릴리스 보류(임시; 사용자 승인 필요)		not_connected		Unlinked	unreviewed		unreviewed		unreviewed		unreviewed		unreviewed		unreviewed			Unreviewed		별도 platform/protocol service 결정 대기; 사용자 승인 전 구현 재개 금지
Binance	Institutional Loan REST	Http	GET	/sapi/v1/margin/loan-group/max-borrowable	queryLoanGroupMaxBorrowable	documented_active	platform_limited	separate_platform_or_protocol_service	이번 릴리스 보류(임시; 사용자 승인 필요)		not_connected		Unlinked	unreviewed		unreviewed		unreviewed		unreviewed		unreviewed		unreviewed			Unreviewed		별도 platform/protocol service 결정 대기; 사용자 승인 전 구현 재개 금지
Binance	Institutional Loan REST	Http	GET	/sapi/v1/margin/loan-groups/activated	queryActiveRiskUnits	documented_active	platform_limited	separate_platform_or_protocol_service	이번 릴리스 보류(임시; 사용자 승인 필요)		not_connected		Unlinked	unreviewed		unreviewed		unreviewed		unreviewed		unreviewed		unreviewed			Unreviewed		별도 platform/protocol service 결정 대기; 사용자 승인 전 구현 재개 금지
Binance	Institutional Loan REST	Http	GET	/sapi/v1/margin/loan-groups/closed	queryClosedRiskUnitRecord	documented_active	platform_limited	separate_platform_or_protocol_service	이번 릴리스 보류(임시; 사용자 승인 필요)		not_connected		Unlinked	unreviewed		unreviewed		unreviewed		unreviewed		unreviewed		unreviewed			Unreviewed		별도 platform/protocol service 결정 대기; 사용자 승인 전 구현 재개 금지
Binance	Institutional Loan REST	Http	POST	/sapi/v1/margin/loan-group/borrow	riskUnitBorrow	documented_active	platform_limited	separate_platform_or_protocol_service	이번 릴리스 보류(임시; 사용자 승인 필요)		not_connected		Unlinked	unreviewed		unreviewed		unreviewed		unreviewed		unreviewed		unreviewed			Unreviewed		별도 platform/protocol service 결정 대기; 사용자 승인 전 구현 재개 금지
Binance	Institutional Loan REST	Http	POST	/sapi/v1/margin/loan-group/edit-member	addCollateralAccounts	documented_active	platform_limited	separate_platform_or_protocol_service	이번 릴리스 보류(임시; 사용자 승인 필요)		not_connected		Unlinked	unreviewed		unreviewed		unreviewed		unreviewed		unreviewed		unreviewed			Unreviewed		별도 platform/protocol service 결정 대기; 사용자 승인 전 구현 재개 금지
Binance	Institutional Loan REST	Http	POST	/sapi/v1/margin/loan-group/repay	riskUnitRepay	documented_active	platform_limited	separate_platform_or_protocol_service	이번 릴리스 보류(임시; 사용자 승인 필요)		not_connected		Unlinked	unreviewed		unreviewed		unreviewed		unreviewed		unreviewed		unreviewed			Unreviewed		별도 platform/protocol service 결정 대기; 사용자 승인 전 구현 재개 금지
Binance	Institutional Loan REST	Http	POST	/sapi/v1/margin/loan-group/transfer-out	riskUnitTransfer	documented_active	platform_limited	separate_platform_or_protocol_service	이번 릴리스 보류(임시; 사용자 승인 필요)		not_connected		Unlinked	unreviewed		unreviewed		unreviewed		unreviewed		unreviewed		unreviewed			Unreviewed		별도 platform/protocol service 결정 대기; 사용자 승인 전 구현 재개 금지
Binance	KYC SaaS REST	Http	POST	/bapi/ekyc/v2/public/ekyc/customer/add-account-info-list	linkMultipleAccounts	documented_active	platform_limited	separate_platform_or_protocol_service	이번 릴리스 보류(임시; 사용자 승인 필요)		not_connected		Unlinked	unreviewed		unreviewed		unreviewed		unreviewed		unreviewed		unreviewed			Unreviewed		별도 platform/protocol service 결정 대기; 사용자 승인 전 구현 재개 금지
Binance	KYC SaaS REST	Http	POST	/bapi/ekyc/v2/public/ekyc/customer/check-kyc-status	checkKycStatus	documented_active	platform_limited	separate_platform_or_protocol_service	이번 릴리스 보류(임시; 사용자 승인 필요)		not_connected		Unlinked	unreviewed		unreviewed		unreviewed		unreviewed		unreviewed		unreviewed			Unreviewed		별도 platform/protocol service 결정 대기; 사용자 승인 전 구현 재개 금지
Binance	KYC SaaS REST	Http	POST	/bapi/ekyc/v2/public/ekyc/customer/inner-query-kyc-status	queryKycStatusByBrokerSubAccountId	documented_active	platform_limited	separate_platform_or_protocol_service	이번 릴리스 보류(임시; 사용자 승인 필요)		not_connected		Unlinked	unreviewed		unreviewed		unreviewed		unreviewed		unreviewed		unreviewed			Unreviewed		별도 platform/protocol service 결정 대기; 사용자 승인 전 구현 재개 금지
Binance	KYC SaaS REST	Http	POST	/bapi/ekyc/v2/public/ekyc/customer/page-query-rfi-records	kycRfiRecordsQueryApi	documented_active	platform_limited	separate_platform_or_protocol_service	이번 릴리스 보류(임시; 사용자 승인 필요)		not_connected		Unlinked	unreviewed		unreviewed		unreviewed		unreviewed		unreviewed		unreviewed			Unreviewed		별도 platform/protocol service 결정 대기; 사용자 승인 전 구현 재개 금지
Binance	KYC SaaS REST	Http	POST	/bapi/ekyc/v2/public/ekyc/customer/query-kyc-info	queryKycStatusByEntityCustomerId	documented_active	platform_limited	separate_platform_or_protocol_service	이번 릴리스 보류(임시; 사용자 승인 필요)		not_connected		Unlinked	unreviewed		unreviewed		unreviewed		unreviewed		unreviewed		unreviewed			Unreviewed		별도 platform/protocol service 결정 대기; 사용자 승인 전 구현 재개 금지
Binance	KYC SaaS REST	Http	POST	/bapi/ekyc/v2/public/ekyc/customer/query-linked-accounts	queryLinkedAccountsInfo	documented_active	platform_limited	separate_platform_or_protocol_service	이번 릴리스 보류(임시; 사용자 승인 필요)		not_connected		Unlinked	unreviewed		unreviewed		unreviewed		unreviewed		unreviewed		unreviewed			Unreviewed		별도 platform/protocol service 결정 대기; 사용자 승인 전 구현 재개 금지
Binance	KYC SaaS REST	Http	POST	/bapi/ekyc/v2/public/ekyc/customer/query-share-data-status	queryShareKycInfoStatusApi	documented_active	platform_limited	separate_platform_or_protocol_service	이번 릴리스 보류(임시; 사용자 승인 필요)		not_connected		Unlinked	unreviewed		unreviewed		unreviewed		unreviewed		unreviewed		unreviewed			Unreviewed		별도 platform/protocol service 결정 대기; 사용자 승인 전 구현 재개 금지
Binance	KYC SaaS REST	Http	POST	/bapi/ekyc/v2/public/ekyc/customer/query-submit-rfi-result	queryKycRfiRecordSubmitResultApi	documented_active	platform_limited	separate_platform_or_protocol_service	이번 릴리스 보류(임시; 사용자 승인 필요)		not_connected		Unlinked	unreviewed		unreviewed		unreviewed		unreviewed		unreviewed		unreviewed			Unreviewed		별도 platform/protocol service 결정 대기; 사용자 승인 전 구현 재개 금지
Binance	KYC SaaS REST	Http	POST	/bapi/ekyc/v2/public/ekyc/customer/refused-kyc-data	refusedUserKycData	documented_active	platform_limited	separate_platform_or_protocol_service	이번 릴리스 보류(임시; 사용자 승인 필요)		not_connected		Unlinked	unreviewed		unreviewed		unreviewed		unreviewed		unreviewed		unreviewed			Unreviewed		별도 platform/protocol service 결정 대기; 사용자 승인 전 구현 재개 금지
Binance	KYC SaaS REST	Http	POST	/bapi/ekyc/v2/public/ekyc/customer/share-kyc-data	kycSharing	documented_active	platform_limited	separate_platform_or_protocol_service	이번 릴리스 보류(임시; 사용자 승인 필요)		not_connected		Unlinked	unreviewed		unreviewed		unreviewed		unreviewed		unreviewed		unreviewed			Unreviewed		별도 platform/protocol service 결정 대기; 사용자 승인 전 구현 재개 금지
Binance	KYC SaaS REST	Http	POST	/bapi/ekyc/v2/public/ekyc/customer/submit-rfi-record	kycRfiRecordSubmitApi	documented_active	platform_limited	separate_platform_or_protocol_service	이번 릴리스 보류(임시; 사용자 승인 필요)		not_connected		Unlinked	unreviewed		unreviewed		unreviewed		unreviewed		unreviewed		unreviewed			Unreviewed		별도 platform/protocol service 결정 대기; 사용자 승인 전 구현 재개 금지
Binance	KYC SaaS REST	Http	POST	/bapi/ekyc/v2/public/ekyc/customer/unlink-kyc-data	unlinkUserKycData	documented_active	platform_limited	separate_platform_or_protocol_service	이번 릴리스 보류(임시; 사용자 승인 필요)		not_connected		Unlinked	unreviewed		unreviewed		unreviewed		unreviewed		unreviewed		unreviewed			Unreviewed		별도 platform/protocol service 결정 대기; 사용자 승인 전 구현 재개 금지
Binance	Link Plus REST	Http	GET	/sapi/v1/vip/link-plus/overview	queryLinkPlusOverview	documented_active	platform_limited	separate_platform_or_protocol_service	이번 릴리스 보류(임시; 사용자 승인 필요)		not_connected		Unlinked	unreviewed		unreviewed		unreviewed		unreviewed		unreviewed		unreviewed			Unreviewed		별도 platform/protocol service 결정 대기; 사용자 승인 전 구현 재개 금지
Binance	Link Plus REST	Http	GET	/sapi/v1/vip/link-plus/subgroups/detail	querySubGroupsDetails	documented_active	platform_limited	separate_platform_or_protocol_service	이번 릴리스 보류(임시; 사용자 승인 필요)		not_connected		Unlinked	unreviewed		unreviewed		unreviewed		unreviewed		unreviewed		unreviewed			Unreviewed		별도 platform/protocol service 결정 대기; 사용자 승인 전 구현 재개 금지
Binance	Link Plus REST	Http	GET	/sapi/v1/vip/liquidity-programs/subgroups/overview	queryLiquidityProgramOverviewForSubGroups	documented_active	platform_limited	separate_platform_or_protocol_service	이번 릴리스 보류(임시; 사용자 승인 필요)		not_connected		Unlinked	unreviewed		unreviewed		unreviewed		unreviewed		unreviewed		unreviewed			Unreviewed		별도 platform/protocol service 결정 대기; 사용자 승인 전 구현 재개 금지
Binance	Link Plus REST	Http	GET	/sapi/v1/vip/liquidity-programs/subgroups/performance	queryLiquidityProgramPerformanceForSubGroups	documented_active	platform_limited	separate_platform_or_protocol_service	이번 릴리스 보류(임시; 사용자 승인 필요)		not_connected		Unlinked	unreviewed		unreviewed		unreviewed		unreviewed		unreviewed		unreviewed			Unreviewed		별도 platform/protocol service 결정 대기; 사용자 승인 전 구현 재개 금지
Binance	Link Plus REST	Http	GET	/sapi/v1/vip/liquidity-programs/subgroups/weekly-result	queryLiquidityProgramWeeklyResultsForSubGroups	documented_active	platform_limited	separate_platform_or_protocol_service	이번 릴리스 보류(임시; 사용자 승인 필요)		not_connected		Unlinked	unreviewed		unreviewed		unreviewed		unreviewed		unreviewed		unreviewed			Unreviewed		별도 platform/protocol service 결정 대기; 사용자 승인 전 구현 재개 금지
Binance	Link Plus REST	Http	POST	/sapi/v1/vip/link-plus/subgroups	createNewSubGroups	documented_active	platform_limited	separate_platform_or_protocol_service	이번 릴리스 보류(임시; 사용자 승인 필요)		not_connected		Unlinked	unreviewed		unreviewed		unreviewed		unreviewed		unreviewed		unreviewed			Unreviewed		별도 platform/protocol service 결정 대기; 사용자 승인 전 구현 재개 금지
Binance	Link Plus REST	Http	POST	/sapi/v1/vip/link-plus/subgroups/{groupId}/accounts	addAccountsToSubGroups	documented_active	platform_limited	separate_platform_or_protocol_service	이번 릴리스 보류(임시; 사용자 승인 필요)		not_connected		Unlinked	unreviewed		unreviewed		unreviewed		unreviewed		unreviewed		unreviewed			Unreviewed		별도 platform/protocol service 결정 대기; 사용자 승인 전 구현 재개 금지
Binance	Link Plus REST	Http	PUT	/sapi/v1/vip/link-plus/subgroups/{groupId}/name	updateNameOfSubGroups	documented_active	platform_limited	separate_platform_or_protocol_service	이번 릴리스 보류(임시; 사용자 승인 필요)		not_connected		Unlinked	unreviewed		unreviewed		unreviewed		unreviewed		unreviewed		unreviewed			Unreviewed		별도 platform/protocol service 결정 대기; 사용자 승인 전 구현 재개 금지
Binance	Link and Trade REST	Http	GET	/fapi/v1/apiReferral/customization	getFuturesClientEmailCustomizedId	documented_active	platform_limited	separate_platform_or_protocol_service	이번 릴리스 보류(임시; 사용자 승인 필요)		not_connected		Unlinked	unreviewed		unreviewed		unreviewed		unreviewed		unreviewed		unreviewed			Unreviewed		별도 platform/protocol service 결정 대기; 사용자 승인 전 구현 재개 금지
Binance	Link and Trade REST	Http	GET	/fapi/v1/apiReferral/ifNewUser	queryFuturesClientNewUserStatus	documented_active	platform_limited	separate_platform_or_protocol_service	이번 릴리스 보류(임시; 사용자 승인 필요)		not_connected		Unlinked	unreviewed		unreviewed		unreviewed		unreviewed		unreviewed		unreviewed			Unreviewed		별도 platform/protocol service 결정 대기; 사용자 승인 전 구현 재개 금지
Binance	Link and Trade REST	Http	GET	/fapi/v1/apiReferral/overview	getRebateDataOverview	documented_active	platform_limited	separate_platform_or_protocol_service	이번 릴리스 보류(임시; 사용자 승인 필요)		not_connected		Unlinked	unreviewed		unreviewed		unreviewed		unreviewed		unreviewed		unreviewed			Unreviewed		별도 platform/protocol service 결정 대기; 사용자 승인 전 구현 재개 금지
Binance	Link and Trade REST	Http	GET	/fapi/v1/apiReferral/rebateVol	getRebateVolume	documented_active	platform_limited	separate_platform_or_protocol_service	이번 릴리스 보류(임시; 사용자 승인 필요)		not_connected		Unlinked	unreviewed		unreviewed		unreviewed		unreviewed		unreviewed		unreviewed			Unreviewed		별도 platform/protocol service 결정 대기; 사용자 승인 전 구현 재개 금지
Binance	Link and Trade REST	Http	GET	/fapi/v1/apiReferral/tradeVol	getUserTradeVolume	documented_active	platform_limited	separate_platform_or_protocol_service	이번 릴리스 보류(임시; 사용자 승인 필요)		not_connected		Unlinked	unreviewed		unreviewed		unreviewed		unreviewed		unreviewed		unreviewed			Unreviewed		별도 platform/protocol service 결정 대기; 사용자 승인 전 구현 재개 금지
Binance	Link and Trade REST	Http	GET	/fapi/v1/apiReferral/traderNum	getTraderNumber	documented_active	platform_limited	separate_platform_or_protocol_service	이번 릴리스 보류(임시; 사용자 승인 필요)		not_connected		Unlinked	unreviewed		unreviewed		unreviewed		unreviewed		unreviewed		unreviewed			Unreviewed		별도 platform/protocol service 결정 대기; 사용자 승인 전 구현 재개 금지
Binance	Link and Trade REST	Http	GET	/fapi/v1/apiReferral/traderSummary	getTraderDetail	documented_active	platform_limited	separate_platform_or_protocol_service	이번 릴리스 보류(임시; 사용자 승인 필요)		not_connected		Unlinked	unreviewed		unreviewed		unreviewed		unreviewed		unreviewed		unreviewed			Unreviewed		별도 platform/protocol service 결정 대기; 사용자 승인 전 구현 재개 금지
Binance	Link and Trade REST	Http	GET	/fapi/v1/apiReferral/userCustomization	getUsersCustomizeId	documented_active	platform_limited	separate_platform_or_protocol_service	이번 릴리스 보류(임시; 사용자 승인 필요)		not_connected		Unlinked	unreviewed		unreviewed		unreviewed		unreviewed		unreviewed		unreviewed			Unreviewed		별도 platform/protocol service 결정 대기; 사용자 승인 전 구현 재개 금지
Binance	Link and Trade REST	Http	GET	/fapi/v1/income	getIncomeHistory	documented_active	platform_limited	separate_platform_or_protocol_service	이번 릴리스 보류(임시; 사용자 승인 필요)		not_connected		Unlinked	unreviewed		unreviewed		unreviewed		unreviewed		unreviewed		unreviewed			Unreviewed		별도 platform/protocol service 결정 대기; 사용자 승인 전 구현 재개 금지
Binance	Link and Trade REST	Http	GET	/papi/v1/apiReferral/ifNewUser	queryPapiClientNewUserStatus	documented_active	platform_limited	separate_platform_or_protocol_service	이번 릴리스 보류(임시; 사용자 승인 필요)		not_connected		Unlinked	unreviewed		unreviewed		unreviewed		unreviewed		unreviewed		unreviewed			Unreviewed		별도 platform/protocol service 결정 대기; 사용자 승인 전 구현 재개 금지
Binance	Link and Trade REST	Http	GET	/papi/v1/apiReferral/userCustomization	getUserCustomizeId	documented_active	platform_limited	separate_platform_or_protocol_service	이번 릴리스 보류(임시; 사용자 승인 필요)		not_connected		Unlinked	unreviewed		unreviewed		unreviewed		unreviewed		unreviewed		unreviewed			Unreviewed		별도 platform/protocol service 결정 대기; 사용자 승인 전 구현 재개 금지
Binance	Link and Trade REST	Http	GET	/sapi/v1/apiReferral/customization	getClientEmailCustomizedId	documented_active	platform_limited	separate_platform_or_protocol_service	이번 릴리스 보류(임시; 사용자 승인 필요)		not_connected		Unlinked	unreviewed		unreviewed		unreviewed		unreviewed		unreviewed		unreviewed			Unreviewed		별도 platform/protocol service 결정 대기; 사용자 승인 전 구현 재개 금지
Binance	Link and Trade REST	Http	GET	/sapi/v1/apiReferral/ifNewUser	queryClientIfTheNewUser	documented_active	platform_limited	separate_platform_or_protocol_service	이번 릴리스 보류(임시; 사용자 승인 필요)		not_connected		Unlinked	unreviewed		unreviewed		unreviewed		unreviewed		unreviewed		unreviewed			Unreviewed		별도 platform/protocol service 결정 대기; 사용자 승인 전 구현 재개 금지
Binance	Link and Trade REST	Http	GET	/sapi/v1/apiReferral/kickback/recentRecord	queryRebateRecentRecord	documented_active	platform_limited	separate_platform_or_protocol_service	이번 릴리스 보류(임시; 사용자 승인 필요)		not_connected		Unlinked	unreviewed		unreviewed		unreviewed		unreviewed		unreviewed		unreviewed			Unreviewed		별도 platform/protocol service 결정 대기; 사용자 승인 전 구현 재개 금지
Binance	Link and Trade REST	Http	GET	/sapi/v1/apiReferral/rebate/recentRecord	queryPartnerRebateRecentRecord	documented_active	platform_limited	separate_platform_or_protocol_service	이번 릴리스 보류(임시; 사용자 승인 필요)		not_connected		Unlinked	unreviewed		unreviewed		unreviewed		unreviewed		unreviewed		unreviewed			Unreviewed		별도 platform/protocol service 결정 대기; 사용자 승인 전 구현 재개 금지
Binance	Link and Trade REST	Http	GET	/sapi/v1/apiReferral/userCustomization	getUserSCustomizeId	documented_active	platform_limited	separate_platform_or_protocol_service	이번 릴리스 보류(임시; 사용자 승인 필요)		not_connected		Unlinked	unreviewed		unreviewed		unreviewed		unreviewed		unreviewed		unreviewed			Unreviewed		별도 platform/protocol service 결정 대기; 사용자 승인 전 구현 재개 금지
Binance	Link and Trade REST	Http	GET	/v1/api-key/user-status	getUserStatus	documented_active	platform_limited	separate_platform_or_protocol_service	이번 릴리스 보류(임시; 사용자 승인 필요)		not_connected		Unlinked	unreviewed		unreviewed		unreviewed		unreviewed		unreviewed		unreviewed			Unreviewed		별도 platform/protocol service 결정 대기; 사용자 승인 전 구현 재개 금지
Binance	Link and Trade REST	Http	POST	/fapi/v1/apiReferral/customization	partnerCustomizeIdForFuturesClient	documented_active	platform_limited	separate_platform_or_protocol_service	이번 릴리스 보류(임시; 사용자 승인 필요)		not_connected		Unlinked	unreviewed		unreviewed		unreviewed		unreviewed		unreviewed		unreviewed			Unreviewed		별도 platform/protocol service 결정 대기; 사용자 승인 전 구현 재개 금지
Binance	Link and Trade REST	Http	POST	/fapi/v1/apiReferral/userCustomization	customizeIdForFuturesClient	documented_active	platform_limited	separate_platform_or_protocol_service	이번 릴리스 보류(임시; 사용자 승인 필요)		not_connected		Unlinked	unreviewed		unreviewed		unreviewed		unreviewed		unreviewed		unreviewed			Unreviewed		별도 platform/protocol service 결정 대기; 사용자 승인 전 구현 재개 금지
Binance	Link and Trade REST	Http	POST	/papi/v1/apiReferral/userCustomization	customizeIdForPapiClient	documented_active	platform_limited	separate_platform_or_protocol_service	이번 릴리스 보류(임시; 사용자 승인 필요)		not_connected		Unlinked	unreviewed		unreviewed		unreviewed		unreviewed		unreviewed		unreviewed			Unreviewed		별도 platform/protocol service 결정 대기; 사용자 승인 전 구현 재개 금지
Binance	Link and Trade REST	Http	POST	/sapi/v1/apiReferral/customization	partnerCustomizeIdForClient	documented_active	platform_limited	separate_platform_or_protocol_service	이번 릴리스 보류(임시; 사용자 승인 필요)		not_connected		Unlinked	unreviewed		unreviewed		unreviewed		unreviewed		unreviewed		unreviewed			Unreviewed		별도 platform/protocol service 결정 대기; 사용자 승인 전 구현 재개 금지
Binance	Link and Trade REST	Http	POST	/sapi/v1/apiReferral/userCustomization	customizeIdForSpotClient	documented_active	platform_limited	separate_platform_or_protocol_service	이번 릴리스 보류(임시; 사용자 승인 필요)		not_connected		Unlinked	unreviewed		unreviewed		unreviewed		unreviewed		unreviewed		unreviewed			Unreviewed		별도 platform/protocol service 결정 대기; 사용자 승인 전 구현 재개 금지
Binance	Link and Trade REST	Http	POST	/v1/api-key/create	createApiKeyForUser	documented_active	platform_limited	separate_platform_or_protocol_service	이번 릴리스 보류(임시; 사용자 승인 필요)		not_connected		Unlinked	unreviewed		unreviewed		unreviewed		unreviewed		unreviewed		unreviewed			Unreviewed		별도 platform/protocol service 결정 대기; 사용자 승인 전 구현 재개 금지
Binance	Margin REST	Http	DELETE	/sapi/v1/margin/apiKey	deleteSpecialKey	documented_active	provider_typed	general_adapter_or_provider	해당 없음		not_connected		Unlinked	unreviewed		unreviewed		unreviewed		unreviewed		unreviewed		unreviewed			Unreviewed		원장/감사 queue에 유지; 새 발견은 다음 backlog
Binance	Margin REST	Http	DELETE	/sapi/v1/margin/isolated/account	disableIsolatedMarginAccount	documented_active	provider_typed	general_adapter_or_provider	해당 없음		not_connected		Unlinked	unreviewed		unreviewed		unreviewed		unreviewed		unreviewed		unreviewed			Unreviewed		원장/감사 queue에 유지; 새 발견은 다음 backlog
Binance	Margin REST	Http	DELETE	/sapi/v1/margin/listen-key	closeUserDataStream	documented_active	provider_typed	general_adapter_or_provider	해당 없음		not_connected		Unlinked	unreviewed		unreviewed		unreviewed		unreviewed		unreviewed		unreviewed			Unreviewed		원장/감사 queue에 유지; 새 발견은 다음 backlog
Binance	Margin REST	Http	DELETE	/sapi/v1/margin/openOrders	marginAccountCancelAllOpenOrdersOnASymbol	documented_active	provider_typed	general_adapter_or_provider	해당 없음		not_connected		Unlinked	unreviewed		unreviewed		unreviewed		unreviewed		unreviewed		unreviewed			Unreviewed		원장/감사 queue에 유지; 새 발견은 다음 backlog
Binance	Margin REST	Http	DELETE	/sapi/v1/margin/order	marginAccountCancelOrder	documented_active	provider_typed	general_adapter_or_provider	해당 없음		not_connected		Unlinked	unreviewed		unreviewed		unreviewed		unreviewed		unreviewed		unreviewed			Unreviewed		원장/감사 queue에 유지; 새 발견은 다음 backlog
Binance	Margin REST	Http	DELETE	/sapi/v1/margin/orderList	marginAccountCancelOco	documented_active	provider_typed	general_adapter_or_provider	해당 없음		not_connected		Unlinked	unreviewed		unreviewed		unreviewed		unreviewed		unreviewed		unreviewed			Unreviewed		원장/감사 queue에 유지; 새 발견은 다음 backlog
Binance	Margin REST	Http	GET	/sapi/v1/bnbBurn	getBnbBurnStatus	documented_active	provider_typed	general_adapter_or_provider	해당 없음		not_connected		Unlinked	unreviewed		unreviewed		unreviewed		unreviewed		unreviewed		unreviewed			Unreviewed		원장/감사 queue에 유지; 새 발견은 다음 backlog
Binance	Margin REST	Http	GET	/sapi/v1/margin/account	queryCrossMarginAccountDetails	documented_active	provider_typed	general_adapter_or_provider	해당 없음		not_connected		Unlinked	unreviewed		unreviewed		unreviewed		unreviewed		unreviewed		unreviewed			Unreviewed		원장/감사 queue에 유지; 새 발견은 다음 backlog
Binance	Margin REST	Http	GET	/sapi/v1/margin/allAssets	getAllMarginAssets	documented_active	provider_typed	general_adapter_or_provider	해당 없음		not_connected		Unlinked	unreviewed		unreviewed		unreviewed		unreviewed		unreviewed		unreviewed			Unreviewed		원장/감사 queue에 유지; 새 발견은 다음 backlog
Binance	Margin REST	Http	GET	/sapi/v1/margin/allOrderList	queryMarginAccountsAllOco	documented_active	provider_typed	general_adapter_or_provider	해당 없음		not_connected		Unlinked	unreviewed		unreviewed		unreviewed		unreviewed		unreviewed		unreviewed			Unreviewed		원장/감사 queue에 유지; 새 발견은 다음 backlog
Binance	Margin REST	Http	GET	/sapi/v1/margin/allOrders	queryMarginAccountsAllOrders	documented_active	provider_typed	general_adapter_or_provider	해당 없음		not_connected		Unlinked	unreviewed		unreviewed		unreviewed		unreviewed		unreviewed		unreviewed			Unreviewed		원장/감사 queue에 유지; 새 발견은 다음 backlog
Binance	Margin REST	Http	GET	/sapi/v1/margin/allPairs	getAllCrossMarginPairs	documented_active	provider_typed	general_adapter_or_provider	해당 없음		not_connected		Unlinked	unreviewed		unreviewed		unreviewed		unreviewed		unreviewed		unreviewed			Unreviewed		원장/감사 queue에 유지; 새 발견은 다음 backlog
Binance	Margin REST	Http	GET	/sapi/v1/margin/api-key-list	querySpecialKeyList	documented_active	provider_typed	general_adapter_or_provider	해당 없음		not_connected		Unlinked	unreviewed		unreviewed		unreviewed		unreviewed		unreviewed		unreviewed			Unreviewed		원장/감사 queue에 유지; 새 발견은 다음 backlog
Binance	Margin REST	Http	GET	/sapi/v1/margin/apiKey	querySpecialKey	documented_active	provider_typed	general_adapter_or_provider	해당 없음		not_connected		Unlinked	unreviewed		unreviewed		unreviewed		unreviewed		unreviewed		unreviewed			Unreviewed		원장/감사 queue에 유지; 새 발견은 다음 backlog
Binance	Margin REST	Http	GET	/sapi/v1/margin/available-inventory	queryMarginAvailableInventory	documented_active	provider_typed	general_adapter_or_provider	해당 없음		not_connected		Unlinked	unreviewed		unreviewed		unreviewed		unreviewed		unreviewed		unreviewed			Unreviewed		원장/감사 queue에 유지; 새 발견은 다음 backlog
Binance	Margin REST	Http	GET	/sapi/v1/margin/borrow-repay	queryBorrowRepayRecordsInMarginAccount	documented_active	provider_typed	general_adapter_or_provider	해당 없음		not_connected		Unlinked	unreviewed		unreviewed		unreviewed		unreviewed		unreviewed		unreviewed			Unreviewed		원장/감사 queue에 유지; 새 발견은 다음 backlog
Binance	Margin REST	Http	GET	/sapi/v1/margin/capital-flow	queryCrossIsolatedMarginCapitalFlow	documented_active	provider_typed	general_adapter_or_provider	해당 없음		not_connected		Unlinked	unreviewed		unreviewed		unreviewed		unreviewed		unreviewed		unreviewed			Unreviewed		원장/감사 queue에 유지; 새 발견은 다음 backlog
Binance	Margin REST	Http	GET	/sapi/v1/margin/crossMarginCollateralRatio	crossMarginCollateralRatio	documented_active	provider_typed	general_adapter_or_provider	해당 없음		not_connected		Unlinked	unreviewed		unreviewed		unreviewed		unreviewed		unreviewed		unreviewed			Unreviewed		원장/감사 queue에 유지; 새 발견은 다음 backlog
Binance	Margin REST	Http	GET	/sapi/v1/margin/crossMarginData	queryCrossMarginFeeData	documented_active	provider_typed	general_adapter_or_provider	해당 없음		not_connected		Unlinked	unreviewed		unreviewed		unreviewed		unreviewed		unreviewed		unreviewed			Unreviewed		원장/감사 queue에 유지; 새 발견은 다음 backlog
Binance	Margin REST	Http	GET	/sapi/v1/margin/delist-schedule	getDelistSchedule	documented_active	provider_typed	general_adapter_or_provider	해당 없음		not_connected		Unlinked	unreviewed		unreviewed		unreviewed		unreviewed		unreviewed		unreviewed			Unreviewed		원장/감사 queue에 유지; 새 발견은 다음 backlog
Binance	Margin REST	Http	GET	/sapi/v1/margin/exchange-small-liability	getSmallLiabilityExchangeCoinList	documented_active	provider_typed	general_adapter_or_provider	해당 없음		not_connected		Unlinked	unreviewed		unreviewed		unreviewed		unreviewed		unreviewed		unreviewed			Unreviewed		원장/감사 queue에 유지; 새 발견은 다음 backlog
Binance	Margin REST	Http	GET	/sapi/v1/margin/exchange-small-liability-history	getSmallLiabilityExchangeHistory	documented_active	provider_typed	general_adapter_or_provider	해당 없음		not_connected		Unlinked	unreviewed		unreviewed		unreviewed		unreviewed		unreviewed		unreviewed			Unreviewed		원장/감사 queue에 유지; 새 발견은 다음 backlog
Binance	Margin REST	Http	GET	/sapi/v1/margin/forceLiquidationRec	getForceLiquidationRecord	documented_active	provider_typed	general_adapter_or_provider	해당 없음		not_connected		Unlinked	unreviewed		unreviewed		unreviewed		unreviewed		unreviewed		unreviewed			Unreviewed		원장/감사 queue에 유지; 새 발견은 다음 backlog
Binance	Margin REST	Http	GET	/sapi/v1/margin/interestHistory	getInterestHistory	documented_active	provider_typed	general_adapter_or_provider	해당 없음		not_connected		Unlinked	unreviewed		unreviewed		unreviewed		unreviewed		unreviewed		unreviewed			Unreviewed		원장/감사 queue에 유지; 새 발견은 다음 backlog
Binance	Margin REST	Http	GET	/sapi/v1/margin/interestRateHistory	queryMarginInterestRateHistory	documented_active	provider_typed	general_adapter_or_provider	해당 없음		not_connected		Unlinked	unreviewed		unreviewed		unreviewed		unreviewed		unreviewed		unreviewed			Unreviewed		원장/감사 queue에 유지; 새 발견은 다음 backlog
Binance	Margin REST	Http	GET	/sapi/v1/margin/isolated/account	queryIsolatedMarginAccountInfo	documented_active	provider_typed	general_adapter_or_provider	해당 없음		not_connected		Unlinked	unreviewed		unreviewed		unreviewed		unreviewed		unreviewed		unreviewed			Unreviewed		원장/감사 queue에 유지; 새 발견은 다음 backlog
Binance	Margin REST	Http	GET	/sapi/v1/margin/isolated/accountLimit	queryEnabledIsolatedMarginAccountLimit	documented_active	provider_typed	general_adapter_or_provider	해당 없음		not_connected		Unlinked	unreviewed		unreviewed		unreviewed		unreviewed		unreviewed		unreviewed			Unreviewed		원장/감사 queue에 유지; 새 발견은 다음 backlog
Binance	Margin REST	Http	GET	/sapi/v1/margin/isolated/allPairs	getAllIsolatedMarginSymbol	documented_active	provider_typed	general_adapter_or_provider	해당 없음		not_connected		Unlinked	unreviewed		unreviewed		unreviewed		unreviewed		unreviewed		unreviewed			Unreviewed		원장/감사 queue에 유지; 새 발견은 다음 backlog
Binance	Margin REST	Http	GET	/sapi/v1/margin/isolatedMarginData	queryIsolatedMarginFeeData	documented_active	provider_typed	general_adapter_or_provider	해당 없음		not_connected		Unlinked	unreviewed		unreviewed		unreviewed		unreviewed		unreviewed		unreviewed			Unreviewed		원장/감사 queue에 유지; 새 발견은 다음 backlog
Binance	Margin REST	Http	GET	/sapi/v1/margin/isolatedMarginTier	queryIsolatedMarginTierData	documented_active	provider_typed	general_adapter_or_provider	해당 없음		not_connected		Unlinked	unreviewed		unreviewed		unreviewed		unreviewed		unreviewed		unreviewed			Unreviewed		원장/감사 queue에 유지; 새 발견은 다음 backlog
Binance	Margin REST	Http	GET	/sapi/v1/margin/leverageBracket	queryLiabilityCoinLeverageBracketInCrossMarginProMode	documented_active	provider_typed	general_adapter_or_provider	해당 없음		not_connected		Unlinked	unreviewed		unreviewed		unreviewed		unreviewed		unreviewed		unreviewed			Unreviewed		원장/감사 queue에 유지; 새 발견은 다음 backlog
Binance	Margin REST	Http	GET	/sapi/v1/margin/limit-price-pairs	getLimitPricePairs	documented_active	provider_typed	general_adapter_or_provider	해당 없음		not_connected		Unlinked	unreviewed		unreviewed		unreviewed		unreviewed		unreviewed		unreviewed			Unreviewed		원장/감사 queue에 유지; 새 발견은 다음 backlog
Binance	Margin REST	Http	GET	/sapi/v1/margin/liquidation-loan	queryLiquidationLoan	documented_active	provider_typed	general_adapter_or_provider	해당 없음		not_connected		Unlinked	unreviewed		unreviewed		unreviewed		unreviewed		unreviewed		unreviewed			Unreviewed		원장/감사 queue에 유지; 새 발견은 다음 backlog
Binance	Margin REST	Http	GET	/sapi/v1/margin/liquidation-loan/repay-history	queryLiquidationLoanRepayHistory	documented_active	provider_typed	general_adapter_or_provider	해당 없음		not_connected		Unlinked	unreviewed		unreviewed		unreviewed		unreviewed		unreviewed		unreviewed			Unreviewed		원장/감사 queue에 유지; 새 발견은 다음 backlog
Binance	Margin REST	Http	GET	/sapi/v1/margin/list-schedule	getListSchedule	documented_active	provider_typed	general_adapter_or_provider	해당 없음		not_connected		Unlinked	unreviewed		unreviewed		unreviewed		unreviewed		unreviewed		unreviewed			Unreviewed		원장/감사 queue에 유지; 새 발견은 다음 backlog
Binance	Margin REST	Http	GET	/sapi/v1/margin/maxBorrowable	queryMaxBorrow	documented_active	provider_typed	general_adapter_or_provider	해당 없음		not_connected		Unlinked	unreviewed		unreviewed		unreviewed		unreviewed		unreviewed		unreviewed			Unreviewed		원장/감사 queue에 유지; 새 발견은 다음 backlog
Binance	Margin REST	Http	GET	/sapi/v1/margin/maxTransferable	queryMaxTransferOutAmount	documented_active	provider_typed	general_adapter_or_provider	해당 없음		not_connected		Unlinked	unreviewed		unreviewed		unreviewed		unreviewed		unreviewed		unreviewed			Unreviewed		원장/감사 queue에 유지; 새 발견은 다음 backlog
Binance	Margin REST	Http	GET	/sapi/v1/margin/myPreventedMatches	queryPreventedMatches	documented_active	provider_typed	general_adapter_or_provider	해당 없음		not_connected		Unlinked	unreviewed		unreviewed		unreviewed		unreviewed		unreviewed		unreviewed			Unreviewed		원장/감사 queue에 유지; 새 발견은 다음 backlog
Binance	Margin REST	Http	GET	/sapi/v1/margin/myTrades	queryMarginAccountsTradeList	documented_active	provider_typed	general_adapter_or_provider	해당 없음		not_connected		Unlinked	unreviewed		unreviewed		unreviewed		unreviewed		unreviewed		unreviewed			Unreviewed		원장/감사 queue에 유지; 새 발견은 다음 backlog
Binance	Margin REST	Http	GET	/sapi/v1/margin/next-hourly-interest-rate	getFutureHourlyInterestRate	documented_active	provider_typed	general_adapter_or_provider	해당 없음		not_connected		Unlinked	unreviewed		unreviewed		unreviewed		unreviewed		unreviewed		unreviewed			Unreviewed		원장/감사 queue에 유지; 새 발견은 다음 backlog
Binance	Margin REST	Http	GET	/sapi/v1/margin/openOrderList	queryMarginAccountsOpenOco	documented_active	provider_typed	general_adapter_or_provider	해당 없음		not_connected		Unlinked	unreviewed		unreviewed		unreviewed		unreviewed		unreviewed		unreviewed			Unreviewed		원장/감사 queue에 유지; 새 발견은 다음 backlog
Binance	Margin REST	Http	GET	/sapi/v1/margin/openOrders	queryMarginAccountsOpenOrders	documented_active	provider_typed	general_adapter_or_provider	해당 없음		not_connected		Unlinked	unreviewed		unreviewed		unreviewed		unreviewed		unreviewed		unreviewed			Unreviewed		원장/감사 queue에 유지; 새 발견은 다음 backlog
Binance	Margin REST	Http	GET	/sapi/v1/margin/order	queryMarginAccountsOrder	documented_active	provider_typed	general_adapter_or_provider	해당 없음		not_connected		Unlinked	unreviewed		unreviewed		unreviewed		unreviewed		unreviewed		unreviewed			Unreviewed		원장/감사 queue에 유지; 새 발견은 다음 backlog
Binance	Margin REST	Http	GET	/sapi/v1/margin/orderList	queryMarginAccountsOco	documented_active	provider_typed	general_adapter_or_provider	해당 없음		not_connected		Unlinked	unreviewed		unreviewed		unreviewed		unreviewed		unreviewed		unreviewed			Unreviewed		원장/감사 queue에 유지; 새 발견은 다음 backlog
Binance	Margin REST	Http	GET	/sapi/v1/margin/priceIndex	queryMarginPriceindex	documented_active	provider_typed	general_adapter_or_provider	해당 없음		not_connected		Unlinked	unreviewed		unreviewed		unreviewed		unreviewed		unreviewed		unreviewed			Unreviewed		원장/감사 queue에 유지; 새 발견은 다음 backlog
Binance	Margin REST	Http	GET	/sapi/v1/margin/rateLimit/order	queryCurrentMarginOrderCountUsage	documented_active	provider_typed	general_adapter_or_provider	해당 없음		not_connected		Unlinked	unreviewed		unreviewed		unreviewed		unreviewed		unreviewed		unreviewed			Unreviewed		원장/감사 queue에 유지; 새 발견은 다음 backlog
Binance	Margin REST	Http	GET	/sapi/v1/margin/restricted-asset	getMarginRestrictedAssets	documented_active	provider_typed	general_adapter_or_provider	해당 없음		not_connected		Unlinked	unreviewed		unreviewed		unreviewed		unreviewed		unreviewed		unreviewed			Unreviewed		원장/감사 queue에 유지; 새 발견은 다음 backlog
Binance	Margin REST	Http	GET	/sapi/v1/margin/risk-based-liquidation-ratio	getMarginAssetRiskBasedLiquidationRatio	documented_active	provider_typed	general_adapter_or_provider	해당 없음		not_connected		Unlinked	unreviewed		unreviewed		unreviewed		unreviewed		unreviewed		unreviewed			Unreviewed		원장/감사 queue에 유지; 새 발견은 다음 backlog
Binance	Margin REST	Http	GET	/sapi/v1/margin/tradeCoeff	getSummaryOfMarginAccount	documented_active	provider_typed	general_adapter_or_provider	해당 없음		not_connected		Unlinked	unreviewed		unreviewed		unreviewed		unreviewed		unreviewed		unreviewed			Unreviewed		원장/감사 queue에 유지; 새 발견은 다음 backlog
Binance	Margin REST	Http	GET	/sapi/v1/margin/transfer	getCrossMarginTransferHistory	documented_active	provider_typed	general_adapter_or_provider	해당 없음		not_connected		Unlinked	unreviewed		unreviewed		unreviewed		unreviewed		unreviewed		unreviewed			Unreviewed		원장/감사 queue에 유지; 새 발견은 다음 backlog
Binance	Margin REST	Http	POST	/sapi/v1/margin/apiKey	createSpecialKey	documented_active	provider_typed	general_adapter_or_provider	해당 없음		not_connected		Unlinked	unreviewed		unreviewed		unreviewed		unreviewed		unreviewed		unreviewed			Unreviewed		원장/감사 queue에 유지; 새 발견은 다음 backlog
Binance	Margin REST	Http	POST	/sapi/v1/margin/borrow-repay	marginAccountBorrowRepay	documented_active	provider_typed	general_adapter_or_provider	해당 없음		not_connected		Unlinked	unreviewed		unreviewed		unreviewed		unreviewed		unreviewed		unreviewed			Unreviewed		원장/감사 queue에 유지; 새 발견은 다음 backlog
Binance	Margin REST	Http	POST	/sapi/v1/margin/exchange-small-liability	smallLiabilityExchange	documented_active	provider_typed	general_adapter_or_provider	해당 없음		not_connected		Unlinked	unreviewed		unreviewed		unreviewed		unreviewed		unreviewed		unreviewed			Unreviewed		원장/감사 queue에 유지; 새 발견은 다음 backlog
Binance	Margin REST	Http	POST	/sapi/v1/margin/exit-special-key-mode	exitSpecialKeyMode	documented_active	provider_typed	general_adapter_or_provider	해당 없음		not_connected		Unlinked	unreviewed		unreviewed		unreviewed		unreviewed		unreviewed		unreviewed			Unreviewed		원장/감사 queue에 유지; 새 발견은 다음 backlog
Binance	Margin REST	Http	POST	/sapi/v1/margin/isolated/account	enableIsolatedMarginAccount	documented_active	provider_typed	general_adapter_or_provider	해당 없음		not_connected		Unlinked	unreviewed		unreviewed		unreviewed		unreviewed		unreviewed		unreviewed			Unreviewed		원장/감사 queue에 유지; 새 발견은 다음 backlog
Binance	Margin REST	Http	POST	/sapi/v1/margin/liquidation-loan/repay	liquidationLoanRepay	documented_active	provider_typed	general_adapter_or_provider	해당 없음		not_connected		Unlinked	unreviewed		unreviewed		unreviewed		unreviewed		unreviewed		unreviewed			Unreviewed		원장/감사 queue에 유지; 새 발견은 다음 backlog
Binance	Margin REST	Http	POST	/sapi/v1/margin/listen-key	startUserDataStream	documented_active	provider_typed	general_adapter_or_provider	해당 없음		not_connected		Unlinked	unreviewed		unreviewed		unreviewed		unreviewed		unreviewed		unreviewed			Unreviewed		원장/감사 queue에 유지; 새 발견은 다음 backlog
Binance	Margin REST	Http	POST	/sapi/v1/margin/manual-liquidation	marginManualLiquidation	documented_active	provider_typed	general_adapter_or_provider	해당 없음		not_connected		Unlinked	unreviewed		unreviewed		unreviewed		unreviewed		unreviewed		unreviewed			Unreviewed		원장/감사 queue에 유지; 새 발견은 다음 backlog
Binance	Margin REST	Http	POST	/sapi/v1/margin/max-leverage	adjustCrossMarginMaxLeverage	documented_active	provider_typed	general_adapter_or_provider	해당 없음		not_connected		Unlinked	unreviewed		unreviewed		unreviewed		unreviewed		unreviewed		unreviewed			Unreviewed		원장/감사 queue에 유지; 새 발견은 다음 backlog
Binance	Margin REST	Http	POST	/sapi/v1/margin/order	marginAccountNewOrder	documented_active	provider_typed	general_adapter_or_provider	해당 없음		not_connected		Unlinked	unreviewed		unreviewed		unreviewed		unreviewed		unreviewed		unreviewed			Unreviewed		원장/감사 queue에 유지; 새 발견은 다음 backlog
Binance	Margin REST	Http	POST	/sapi/v1/margin/order/oco	marginAccountNewOco	documented_active	provider_typed	general_adapter_or_provider	해당 없음		not_connected		Unlinked	unreviewed		unreviewed		unreviewed		unreviewed		unreviewed		unreviewed			Unreviewed		원장/감사 queue에 유지; 새 발견은 다음 backlog
Binance	Margin REST	Http	POST	/sapi/v1/margin/order/oto	marginAccountNewOto	documented_active	provider_typed	general_adapter_or_provider	해당 없음		not_connected		Unlinked	unreviewed		unreviewed		unreviewed		unreviewed		unreviewed		unreviewed			Unreviewed		원장/감사 queue에 유지; 새 발견은 다음 backlog
Binance	Margin REST	Http	POST	/sapi/v1/margin/order/otoco	marginAccountNewOtoco	documented_active	provider_typed	general_adapter_or_provider	해당 없음		not_connected		Unlinked	unreviewed		unreviewed		unreviewed		unreviewed		unreviewed		unreviewed			Unreviewed		원장/감사 queue에 유지; 새 발견은 다음 backlog
Binance	Margin REST	Http	PUT	/sapi/v1/margin/apiKey/ip	editIpForSpecialKey	documented_active	provider_typed	general_adapter_or_provider	해당 없음		not_connected		Unlinked	unreviewed		unreviewed		unreviewed		unreviewed		unreviewed		unreviewed			Unreviewed		원장/감사 queue에 유지; 새 발견은 다음 backlog
Binance	Margin REST	Http	PUT	/sapi/v1/margin/listen-key	keepaliveUserDataStream	documented_active	provider_typed	general_adapter_or_provider	해당 없음		not_connected		Unlinked	unreviewed		unreviewed		unreviewed		unreviewed		unreviewed		unreviewed			Unreviewed		원장/감사 queue에 유지; 새 발견은 다음 backlog
Binance	Mining REST	Http	GET	/sapi/v1/mining/hash-transfer/config/details/list	hashrateResaleList	documented_active	provider_typed	general_adapter_or_provider	해당 없음		not_connected		Unlinked	unreviewed		unreviewed		unreviewed		unreviewed		unreviewed		unreviewed			Unreviewed		원장/감사 queue에 유지; 새 발견은 다음 backlog
Binance	Mining REST	Http	GET	/sapi/v1/mining/hash-transfer/profit/details	hashrateResaleDetail	documented_active	provider_typed	general_adapter_or_provider	해당 없음		not_connected		Unlinked	unreviewed		unreviewed		unreviewed		unreviewed		unreviewed		unreviewed			Unreviewed		원장/감사 queue에 유지; 새 발견은 다음 backlog
Binance	Mining REST	Http	GET	/sapi/v1/mining/payment/list	earningsList	documented_active	provider_typed	general_adapter_or_provider	해당 없음		not_connected		Unlinked	unreviewed		unreviewed		unreviewed		unreviewed		unreviewed		unreviewed			Unreviewed		원장/감사 queue에 유지; 새 발견은 다음 backlog
Binance	Mining REST	Http	GET	/sapi/v1/mining/payment/other	extraBonusList	documented_active	provider_typed	general_adapter_or_provider	해당 없음		not_connected		Unlinked	unreviewed		unreviewed		unreviewed		unreviewed		unreviewed		unreviewed			Unreviewed		원장/감사 queue에 유지; 새 발견은 다음 backlog
Binance	Mining REST	Http	GET	/sapi/v1/mining/payment/uid	miningAccountEarning	documented_active	provider_typed	general_adapter_or_provider	해당 없음		not_connected		Unlinked	unreviewed		unreviewed		unreviewed		unreviewed		unreviewed		unreviewed			Unreviewed		원장/감사 queue에 유지; 새 발견은 다음 backlog
Binance	Mining REST	Http	GET	/sapi/v1/mining/pub/algoList	acquiringAlgorithm	documented_active	provider_typed	general_adapter_or_provider	해당 없음		not_connected		Unlinked	unreviewed		unreviewed		unreviewed		unreviewed		unreviewed		unreviewed			Unreviewed		원장/감사 queue에 유지; 새 발견은 다음 backlog
Binance	Mining REST	Http	GET	/sapi/v1/mining/pub/coinList	acquiringCoinname	documented_active	provider_typed	general_adapter_or_provider	해당 없음		not_connected		Unlinked	unreviewed		unreviewed		unreviewed		unreviewed		unreviewed		unreviewed			Unreviewed		원장/감사 queue에 유지; 새 발견은 다음 backlog
Binance	Mining REST	Http	GET	/sapi/v1/mining/statistics/user/list	accountList	documented_active	provider_typed	general_adapter_or_provider	해당 없음		not_connected		Unlinked	unreviewed		unreviewed		unreviewed		unreviewed		unreviewed		unreviewed			Unreviewed		원장/감사 queue에 유지; 새 발견은 다음 backlog
Binance	Mining REST	Http	GET	/sapi/v1/mining/statistics/user/status	statisticList	documented_active	provider_typed	general_adapter_or_provider	해당 없음		not_connected		Unlinked	unreviewed		unreviewed		unreviewed		unreviewed		unreviewed		unreviewed			Unreviewed		원장/감사 queue에 유지; 새 발견은 다음 backlog
Binance	Mining REST	Http	GET	/sapi/v1/mining/worker/detail	requestForDetailMinerList	documented_active	provider_typed	general_adapter_or_provider	해당 없음		not_connected		Unlinked	unreviewed		unreviewed		unreviewed		unreviewed		unreviewed		unreviewed			Unreviewed		원장/감사 queue에 유지; 새 발견은 다음 backlog
Binance	Mining REST	Http	GET	/sapi/v1/mining/worker/list	requestForMinerList	documented_active	provider_typed	general_adapter_or_provider	해당 없음		not_connected		Unlinked	unreviewed		unreviewed		unreviewed		unreviewed		unreviewed		unreviewed			Unreviewed		원장/감사 queue에 유지; 새 발견은 다음 backlog
Binance	Mining REST	Http	POST	/sapi/v1/mining/hash-transfer/config	hashrateResaleRequest	documented_active	provider_typed	general_adapter_or_provider	해당 없음		not_connected		Unlinked	unreviewed		unreviewed		unreviewed		unreviewed		unreviewed		unreviewed			Unreviewed		원장/감사 queue에 유지; 새 발견은 다음 backlog
Binance	Mining REST	Http	POST	/sapi/v1/mining/hash-transfer/config/cancel	cancelHashrateResaleConfiguration	documented_active	provider_typed	general_adapter_or_provider	해당 없음		not_connected		Unlinked	unreviewed		unreviewed		unreviewed		unreviewed		unreviewed		unreviewed			Unreviewed		원장/감사 queue에 유지; 새 발견은 다음 backlog
Binance	Options REST	Http	DELETE	/eapi/v1/allOpenOrders	cancelAllOptionOrdersOnSpecificSymbol	documented_active	provider_typed	general_adapter_or_provider	해당 없음		not_connected		Unlinked	unreviewed		unreviewed		unreviewed		unreviewed		unreviewed		unreviewed			Unreviewed		원장/감사 queue에 유지; 새 발견은 다음 backlog
Binance	Options REST	Http	DELETE	/eapi/v1/allOpenOrdersByUnderlying	cancelAllOptionOrdersByUnderlying	documented_active	provider_typed	general_adapter_or_provider	해당 없음		not_connected		Unlinked	unreviewed		unreviewed		unreviewed		unreviewed		unreviewed		unreviewed			Unreviewed		원장/감사 queue에 유지; 새 발견은 다음 backlog
Binance	Options REST	Http	DELETE	/eapi/v1/batchOrders	cancelMultipleOptionOrders	documented_active	provider_typed	general_adapter_or_provider	해당 없음		not_connected		Unlinked	unreviewed		unreviewed		unreviewed		unreviewed		unreviewed		unreviewed			Unreviewed		원장/감사 queue에 유지; 새 발견은 다음 backlog
Binance	Options REST	Http	DELETE	/eapi/v1/block/order/create	cancelBlockTradeOrder	documented_active	provider_typed	general_adapter_or_provider	해당 없음		not_connected		Unlinked	unreviewed		unreviewed		unreviewed		unreviewed		unreviewed		unreviewed			Unreviewed		원장/감사 queue에 유지; 새 발견은 다음 backlog
Binance	Options REST	Http	DELETE	/eapi/v1/listenKey	closeUserDataStream	documented_active	provider_typed	general_adapter_or_provider	해당 없음		not_connected		Unlinked	unreviewed		unreviewed		unreviewed		unreviewed		unreviewed		unreviewed			Unreviewed		원장/감사 queue에 유지; 새 발견은 다음 backlog
Binance	Options REST	Http	DELETE	/eapi/v1/order	cancelOptionOrder	documented_active	provider_typed	general_adapter_or_provider	해당 없음		not_connected		Unlinked	unreviewed		unreviewed		unreviewed		unreviewed		unreviewed		unreviewed			Unreviewed		원장/감사 queue에 유지; 새 발견은 다음 backlog
Binance	Options REST	Http	GET	/eapi/v1/bill	accountFundingFlow	documented_active	provider_typed	general_adapter_or_provider	해당 없음		not_connected		Unlinked	unreviewed		unreviewed		unreviewed		unreviewed		unreviewed		unreviewed			Unreviewed		원장/감사 queue에 유지; 새 발견은 다음 backlog
Binance	Options REST	Http	GET	/eapi/v1/block/order/execute	queryBlockTradeDetails	documented_active	provider_typed	general_adapter_or_provider	해당 없음		not_connected		Unlinked	unreviewed		unreviewed		unreviewed		unreviewed		unreviewed		unreviewed			Unreviewed		원장/감사 queue에 유지; 새 발견은 다음 backlog
Binance	Options REST	Http	GET	/eapi/v1/block/order/orders	queryBlockTradeOrder	documented_active	provider_typed	general_adapter_or_provider	해당 없음		not_connected		Unlinked	unreviewed		unreviewed		unreviewed		unreviewed		unreviewed		unreviewed			Unreviewed		원장/감사 queue에 유지; 새 발견은 다음 backlog
Binance	Options REST	Http	GET	/eapi/v1/block/user-trades	accountBlockTradeList	documented_active	provider_typed	general_adapter_or_provider	해당 없음		not_connected		Unlinked	unreviewed		unreviewed		unreviewed		unreviewed		unreviewed		unreviewed			Unreviewed		원장/감사 queue에 유지; 새 발견은 다음 backlog
Binance	Options REST	Http	GET	/eapi/v1/blockTrades	recentBlockTradesList	documented_active	provider_typed	general_adapter_or_provider	해당 없음		not_connected		Unlinked	unreviewed		unreviewed		unreviewed		unreviewed		unreviewed		unreviewed			Unreviewed		원장/감사 queue에 유지; 새 발견은 다음 backlog
Binance	Options REST	Http	GET	/eapi/v1/commission	userCommission	documented_active	provider_typed	general_adapter_or_provider	해당 없음		not_connected		Unlinked	unreviewed		unreviewed		unreviewed		unreviewed		unreviewed		unreviewed			Unreviewed		원장/감사 queue에 유지; 새 발견은 다음 backlog
Binance	Options REST	Http	GET	/eapi/v1/countdownCancelAll	getAutoCancelAllOpenOrders	documented_active	provider_typed	general_adapter_or_provider	해당 없음		not_connected		Unlinked	unreviewed		unreviewed		unreviewed		unreviewed		unreviewed		unreviewed			Unreviewed		원장/감사 queue에 유지; 새 발견은 다음 backlog
Binance	Options REST	Http	GET	/eapi/v1/depth	orderBook	documented_active	provider_typed	general_adapter_or_provider	해당 없음		not_connected		Unlinked	unreviewed		unreviewed		unreviewed		unreviewed		unreviewed		unreviewed			Unreviewed		원장/감사 queue에 유지; 새 발견은 다음 backlog
Binance	Options REST	Http	GET	/eapi/v1/exchangeInfo	exchangeInformation	documented_active	provider_typed	general_adapter_or_provider	해당 없음		not_connected		Unlinked	unreviewed		unreviewed		unreviewed		unreviewed		unreviewed		unreviewed			Unreviewed		원장/감사 queue에 유지; 새 발견은 다음 backlog
Binance	Options REST	Http	GET	/eapi/v1/exerciseHistory	historicalExerciseRecords	documented_active	provider_typed	general_adapter_or_provider	해당 없음		not_connected		Unlinked	unreviewed		unreviewed		unreviewed		unreviewed		unreviewed		unreviewed			Unreviewed		원장/감사 queue에 유지; 새 발견은 다음 backlog
Binance	Options REST	Http	GET	/eapi/v1/exerciseRecord	userExerciseRecord	documented_active	provider_typed	general_adapter_or_provider	해당 없음		not_connected		Unlinked	unreviewed		unreviewed		unreviewed		unreviewed		unreviewed		unreviewed			Unreviewed		원장/감사 queue에 유지; 새 발견은 다음 backlog
Binance	Options REST	Http	GET	/eapi/v1/historyOrders	queryOptionOrderHistory	documented_active	provider_typed	general_adapter_or_provider	해당 없음		not_connected		Unlinked	unreviewed		unreviewed		unreviewed		unreviewed		unreviewed		unreviewed			Unreviewed		원장/감사 queue에 유지; 새 발견은 다음 backlog
Binance	Options REST	Http	GET	/eapi/v1/index	indexPrice	documented_active	provider_typed	general_adapter_or_provider	해당 없음		not_connected		Unlinked	unreviewed		unreviewed		unreviewed		unreviewed		unreviewed		unreviewed			Unreviewed		원장/감사 queue에 유지; 새 발견은 다음 backlog
Binance	Options REST	Http	GET	/eapi/v1/klines	klineCandlestickData	documented_active	provider_typed	general_adapter_or_provider	해당 없음		not_connected		Unlinked	unreviewed		unreviewed		unreviewed		unreviewed		unreviewed		unreviewed			Unreviewed		원장/감사 queue에 유지; 새 발견은 다음 backlog
Binance	Options REST	Http	GET	/eapi/v1/marginAccount	optionMarginAccountInformation	documented_active	provider_typed	general_adapter_or_provider	해당 없음		not_connected		Unlinked	unreviewed		unreviewed		unreviewed		unreviewed		unreviewed		unreviewed			Unreviewed		원장/감사 queue에 유지; 새 발견은 다음 backlog
Binance	Options REST	Http	GET	/eapi/v1/mark	optionMarkPrice	documented_active	provider_typed	general_adapter_or_provider	해당 없음		not_connected		Unlinked	unreviewed		unreviewed		unreviewed		unreviewed		unreviewed		unreviewed			Unreviewed		원장/감사 queue에 유지; 새 발견은 다음 backlog
Binance	Options REST	Http	GET	/eapi/v1/mmp	getMarketMakerProtectionConfig	documented_active	provider_typed	general_adapter_or_provider	해당 없음		not_connected		Unlinked	unreviewed		unreviewed		unreviewed		unreviewed		unreviewed		unreviewed			Unreviewed		원장/감사 queue에 유지; 새 발견은 다음 backlog
Binance	Options REST	Http	GET	/eapi/v1/openInterest	openInterest	documented_active	provider_typed	general_adapter_or_provider	해당 없음		not_connected		Unlinked	unreviewed		unreviewed		unreviewed		unreviewed		unreviewed		unreviewed			Unreviewed		원장/감사 queue에 유지; 새 발견은 다음 backlog
Binance	Options REST	Http	GET	/eapi/v1/openOrders	queryCurrentOpenOptionOrders	documented_active	provider_typed	general_adapter_or_provider	해당 없음		not_connected		Unlinked	unreviewed		unreviewed		unreviewed		unreviewed		unreviewed		unreviewed			Unreviewed		원장/감사 queue에 유지; 새 발견은 다음 backlog
Binance	Options REST	Http	GET	/eapi/v1/order	querySingleOrder	documented_active	provider_typed	general_adapter_or_provider	해당 없음		not_connected		Unlinked	unreviewed		unreviewed		unreviewed		unreviewed		unreviewed		unreviewed			Unreviewed		원장/감사 queue에 유지; 새 발견은 다음 backlog
Binance	Options REST	Http	GET	/eapi/v1/ping	testConnectivity	documented_active	provider_typed	general_adapter_or_provider	해당 없음		not_connected		Unlinked	unreviewed		unreviewed		unreviewed		unreviewed		unreviewed		unreviewed			Unreviewed		원장/감사 queue에 유지; 새 발견은 다음 backlog
Binance	Options REST	Http	GET	/eapi/v1/position	optionPositionInformation	documented_active	provider_typed	general_adapter_or_provider	해당 없음		not_connected		Unlinked	unreviewed		unreviewed		unreviewed		unreviewed		unreviewed		unreviewed			Unreviewed		원장/감사 queue에 유지; 새 발견은 다음 backlog
Binance	Options REST	Http	GET	/eapi/v1/ticker	ticker24hrPriceChangeStatistics	documented_active	provider_typed	general_adapter_or_provider	해당 없음		not_connected		Unlinked	unreviewed		unreviewed		unreviewed		unreviewed		unreviewed		unreviewed			Unreviewed		원장/감사 queue에 유지; 새 발견은 다음 backlog
Binance	Options REST	Http	GET	/eapi/v1/time	checkServerTime	documented_active	provider_typed	general_adapter_or_provider	해당 없음		not_connected		Unlinked	unreviewed		unreviewed		unreviewed		unreviewed		unreviewed		unreviewed			Unreviewed		원장/감사 queue에 유지; 새 발견은 다음 backlog
Binance	Options REST	Http	GET	/eapi/v1/trades	recentTradesList	documented_active	provider_typed	general_adapter_or_provider	해당 없음		not_connected		Unlinked	unreviewed		unreviewed		unreviewed		unreviewed		unreviewed		unreviewed			Unreviewed		원장/감사 queue에 유지; 새 발견은 다음 backlog
Binance	Options REST	Http	GET	/eapi/v1/userTrades	accountTradeList	documented_active	provider_typed	general_adapter_or_provider	해당 없음		not_connected		Unlinked	unreviewed		unreviewed		unreviewed		unreviewed		unreviewed		unreviewed			Unreviewed		원장/감사 queue에 유지; 새 발견은 다음 backlog
Binance	Options REST	Http	POST	/eapi/v1/batchOrders	placeMultipleOrders	documented_active	provider_typed	general_adapter_or_provider	해당 없음		not_connected		Unlinked	unreviewed		unreviewed		unreviewed		unreviewed		unreviewed		unreviewed			Unreviewed		원장/감사 queue에 유지; 새 발견은 다음 backlog
Binance	Options REST	Http	POST	/eapi/v1/block/order/create	newBlockTradeOrder	documented_active	provider_typed	general_adapter_or_provider	해당 없음		not_connected		Unlinked	unreviewed		unreviewed		unreviewed		unreviewed		unreviewed		unreviewed			Unreviewed		원장/감사 queue에 유지; 새 발견은 다음 backlog
Binance	Options REST	Http	POST	/eapi/v1/block/order/execute	acceptBlockTradeOrder	documented_active	provider_typed	general_adapter_or_provider	해당 없음		not_connected		Unlinked	unreviewed		unreviewed		unreviewed		unreviewed		unreviewed		unreviewed			Unreviewed		원장/감사 queue에 유지; 새 발견은 다음 backlog
Binance	Options REST	Http	POST	/eapi/v1/countdownCancelAll	setAutoCancelAllOpenOrders	documented_active	provider_typed	general_adapter_or_provider	해당 없음		not_connected		Unlinked	unreviewed		unreviewed		unreviewed		unreviewed		unreviewed		unreviewed			Unreviewed		원장/감사 queue에 유지; 새 발견은 다음 backlog
Binance	Options REST	Http	POST	/eapi/v1/countdownCancelAllHeartBeat	autoCancelAllOpenOrders	documented_active	provider_typed	general_adapter_or_provider	해당 없음		not_connected		Unlinked	unreviewed		unreviewed		unreviewed		unreviewed		unreviewed		unreviewed			Unreviewed		원장/감사 queue에 유지; 새 발견은 다음 backlog
Binance	Options REST	Http	POST	/eapi/v1/listenKey	startUserDataStream	documented_active	provider_typed	general_adapter_or_provider	해당 없음		not_connected		Unlinked	unreviewed		unreviewed		unreviewed		unreviewed		unreviewed		unreviewed			Unreviewed		원장/감사 queue에 유지; 새 발견은 다음 backlog
Binance	Options REST	Http	POST	/eapi/v1/mmpReset	resetMarketMakerProtectionConfig	documented_active	provider_typed	general_adapter_or_provider	해당 없음		not_connected		Unlinked	unreviewed		unreviewed		unreviewed		unreviewed		unreviewed		unreviewed			Unreviewed		원장/감사 queue에 유지; 새 발견은 다음 backlog
Binance	Options REST	Http	POST	/eapi/v1/mmpSet	setMarketMakerProtectionConfig	documented_active	provider_typed	general_adapter_or_provider	해당 없음		not_connected		Unlinked	unreviewed		unreviewed		unreviewed		unreviewed		unreviewed		unreviewed			Unreviewed		원장/감사 queue에 유지; 새 발견은 다음 backlog
Binance	Options REST	Http	POST	/eapi/v1/order	newOrder	documented_active	provider_typed	general_adapter_or_provider	해당 없음		not_connected		Unlinked	unreviewed		unreviewed		unreviewed		unreviewed		unreviewed		unreviewed			Unreviewed		원장/감사 queue에 유지; 새 발견은 다음 backlog
Binance	Options REST	Http	POST	/eapi/v1/stock/contract	tradfiOptionsContract	documented_active	provider_typed	general_adapter_or_provider	해당 없음		not_connected		Unlinked	unreviewed		unreviewed		unreviewed		unreviewed		unreviewed		unreviewed			Unreviewed		원장/감사 queue에 유지; 새 발견은 다음 backlog
Binance	Options REST	Http	PUT	/eapi/v1/block/order/create	extendBlockTradeOrder	documented_active	provider_typed	general_adapter_or_provider	해당 없음		not_connected		Unlinked	unreviewed		unreviewed		unreviewed		unreviewed		unreviewed		unreviewed			Unreviewed		원장/감사 queue에 유지; 새 발견은 다음 backlog
Binance	Options REST	Http	PUT	/eapi/v1/listenKey	keepaliveUserDataStream	documented_active	provider_typed	general_adapter_or_provider	해당 없음		not_connected		Unlinked	unreviewed		unreviewed		unreviewed		unreviewed		unreviewed		unreviewed			Unreviewed		원장/감사 queue에 유지; 새 발견은 다음 backlog
Binance	Options WebSocket Market Streams	WebSocketStream	POST	/!index@arr	indexPriceStreams	documented_active	provider_typed	general_adapter_or_provider	해당 없음		not_connected		Unlinked	unreviewed		unreviewed		unreviewed		unreviewed		unreviewed		unreviewed			Unreviewed		원장/감사 queue에 유지; 새 발견은 다음 backlog
Binance	Options WebSocket Market Streams	WebSocketStream	POST	/!optionSymbol	newSymbolInfo	documented_active	provider_typed	general_adapter_or_provider	해당 없음		not_connected		Unlinked	unreviewed		unreviewed		unreviewed		unreviewed		unreviewed		unreviewed			Unreviewed		원장/감사 queue에 유지; 새 발견은 다음 backlog
Binance	Options WebSocket Market Streams	WebSocketStream	POST	/{symbol}@bookTicker	individualSymbolBookTickerStreams	documented_active	provider_typed	general_adapter_or_provider	해당 없음		not_connected		Unlinked	unreviewed		unreviewed		unreviewed		unreviewed		unreviewed		unreviewed			Unreviewed		원장/감사 queue에 유지; 새 발견은 다음 backlog
Binance	Options WebSocket Market Streams	WebSocketStream	POST	/{symbol}@depth@{updateSpeed}	diffBookDepthStreams	documented_active	provider_typed	general_adapter_or_provider	해당 없음		not_connected		Unlinked	unreviewed		unreviewed		unreviewed		unreviewed		unreviewed		unreviewed			Unreviewed		원장/감사 queue에 유지; 새 발견은 다음 backlog
Binance	Options WebSocket Market Streams	WebSocketStream	POST	/{symbol}@depth{level}@{updateSpeed}	partialBookDepthStreams	documented_active	provider_typed	general_adapter_or_provider	해당 없음		not_connected		Unlinked	unreviewed		unreviewed		unreviewed		unreviewed		unreviewed		unreviewed			Unreviewed		원장/감사 queue에 유지; 새 발견은 다음 backlog
Binance	Options WebSocket Market Streams	WebSocketStream	POST	/{symbol}@kline_{interval}	klineCandlestickStreams	documented_active	provider_typed	general_adapter_or_provider	해당 없음		not_connected		Unlinked	unreviewed		unreviewed		unreviewed		unreviewed		unreviewed		unreviewed			Unreviewed		원장/감사 queue에 유지; 새 발견은 다음 backlog
Binance	Options WebSocket Market Streams	WebSocketStream	POST	/{symbol}@optionTicker{expirationDate}	hour24Ticker	documented_active	provider_typed	general_adapter_or_provider	해당 없음		not_connected		Unlinked	unreviewed		unreviewed		unreviewed		unreviewed		unreviewed		unreviewed			Unreviewed		원장/감사 queue에 유지; 새 발견은 다음 backlog
Binance	Options WebSocket Market Streams	WebSocketStream	POST	/{symbol}@optionTrade	tradeStreams	documented_active	provider_typed	general_adapter_or_provider	해당 없음		not_connected		Unlinked	unreviewed		unreviewed		unreviewed		unreviewed		unreviewed		unreviewed			Unreviewed		원장/감사 queue에 유지; 새 발견은 다음 backlog
Binance	Options WebSocket Market Streams	WebSocketStream	POST	/{underlying}@openInterest@{expirationDate}	openInterest	documented_active	provider_typed	general_adapter_or_provider	해당 없음		not_connected		Unlinked	unreviewed		unreviewed		unreviewed		unreviewed		unreviewed		unreviewed			Unreviewed		원장/감사 queue에 유지; 새 발견은 다음 backlog
Binance	Options WebSocket Market Streams	WebSocketStream	POST	/{underlying}@optionMarkPrice	optionMarkPrice	documented_active	provider_typed	general_adapter_or_provider	해당 없음		not_connected		Unlinked	unreviewed		unreviewed		unreviewed		unreviewed		unreviewed		unreviewed			Unreviewed		원장/감사 queue에 유지; 새 발견은 다음 backlog
Binance	Portfolio Margin Pro REST	Http	DELETE	/sapi/v1/portfolio/margin-call-level	deleteMarginCallLevel	documented_active	platform_limited	separate_platform_or_protocol_service	이번 릴리스 보류(임시; 사용자 승인 필요)		not_connected		Unlinked	unreviewed		unreviewed		unreviewed		unreviewed		unreviewed		unreviewed			Unreviewed		별도 platform/protocol service 결정 대기; 사용자 승인 전 구현 재개 금지
Binance	Portfolio Margin Pro REST	Http	GET	/sapi/v1/portfolio/account	getPortfolioMarginProAccountInfo	documented_active	platform_limited	separate_platform_or_protocol_service	이번 릴리스 보류(임시; 사용자 승인 필요)		not_connected		Unlinked	unreviewed		unreviewed		unreviewed		unreviewed		unreviewed		unreviewed			Unreviewed		별도 platform/protocol service 결정 대기; 사용자 승인 전 구현 재개 금지
Binance	Portfolio Margin Pro REST	Http	GET	/sapi/v1/portfolio/asset-index-price	queryPortfolioMarginAssetIndexPrice	documented_active	platform_limited	separate_platform_or_protocol_service	이번 릴리스 보류(임시; 사용자 승인 필요)		not_connected		Unlinked	unreviewed		unreviewed		unreviewed		unreviewed		unreviewed		unreviewed			Unreviewed		별도 platform/protocol service 결정 대기; 사용자 승인 전 구현 재개 금지
Binance	Portfolio Margin Pro REST	Http	GET	/sapi/v1/portfolio/balance	getPortfolioMarginProAccountBalance	documented_active	platform_limited	separate_platform_or_protocol_service	이번 릴리스 보류(임시; 사용자 승인 필요)		not_connected		Unlinked	unreviewed		unreviewed		unreviewed		unreviewed		unreviewed		unreviewed			Unreviewed		별도 platform/protocol service 결정 대기; 사용자 승인 전 구현 재개 금지
Binance	Portfolio Margin Pro REST	Http	GET	/sapi/v1/portfolio/collateralRate	portfolioMarginCollateralRate	documented_active	platform_limited	separate_platform_or_protocol_service	이번 릴리스 보류(임시; 사용자 승인 필요)		not_connected		Unlinked	unreviewed		unreviewed		unreviewed		unreviewed		unreviewed		unreviewed			Unreviewed		별도 platform/protocol service 결정 대기; 사용자 승인 전 구현 재개 금지
Binance	Portfolio Margin Pro REST	Http	GET	/sapi/v1/portfolio/delta-mode	getDeltaModeStatus	documented_active	platform_limited	separate_platform_or_protocol_service	이번 릴리스 보류(임시; 사용자 승인 필요)		not_connected		Unlinked	unreviewed		unreviewed		unreviewed		unreviewed		unreviewed		unreviewed			Unreviewed		별도 platform/protocol service 결정 대기; 사용자 승인 전 구현 재개 금지
Binance	Portfolio Margin Pro REST	Http	GET	/sapi/v1/portfolio/earn-asset-balance	getTransferableEarnAssetBalanceForPortfolioMargin	documented_active	platform_limited	separate_platform_or_protocol_service	이번 릴리스 보류(임시; 사용자 승인 필요)		not_connected		Unlinked	unreviewed		unreviewed		unreviewed		unreviewed		unreviewed		unreviewed			Unreviewed		별도 platform/protocol service 결정 대기; 사용자 승인 전 구현 재개 금지
Binance	Portfolio Margin Pro REST	Http	GET	/sapi/v1/portfolio/interest-history	queryPortfolioMarginProNegativeBalanceInterestHistory	documented_active	platform_limited	separate_platform_or_protocol_service	이번 릴리스 보류(임시; 사용자 승인 필요)		not_connected		Unlinked	unreviewed		unreviewed		unreviewed		unreviewed		unreviewed		unreviewed			Unreviewed		별도 platform/protocol service 결정 대기; 사용자 승인 전 구현 재개 금지
Binance	Portfolio Margin Pro REST	Http	GET	/sapi/v1/portfolio/margin-asset-leverage	getPortfolioMarginAssetLeverage	documented_active	platform_limited	separate_platform_or_protocol_service	이번 릴리스 보류(임시; 사용자 승인 필요)		not_connected		Unlinked	unreviewed		unreviewed		unreviewed		unreviewed		unreviewed		unreviewed			Unreviewed		별도 platform/protocol service 결정 대기; 사용자 승인 전 구현 재개 금지
Binance	Portfolio Margin Pro REST	Http	GET	/sapi/v1/portfolio/margin-call-level	getMarginCallLevel	documented_active	platform_limited	separate_platform_or_protocol_service	이번 릴리스 보류(임시; 사용자 승인 필요)		not_connected		Unlinked	unreviewed		unreviewed		unreviewed		unreviewed		unreviewed		unreviewed			Unreviewed		별도 platform/protocol service 결정 대기; 사용자 승인 전 구현 재개 금지
Binance	Portfolio Margin Pro REST	Http	GET	/sapi/v1/portfolio/pmLoan	queryPortfolioMarginProBankruptcyLoanAmount	documented_active	platform_limited	separate_platform_or_protocol_service	이번 릴리스 보류(임시; 사용자 승인 필요)		not_connected		Unlinked	unreviewed		unreviewed		unreviewed		unreviewed		unreviewed		unreviewed			Unreviewed		별도 platform/protocol service 결정 대기; 사용자 승인 전 구현 재개 금지
Binance	Portfolio Margin Pro REST	Http	GET	/sapi/v1/portfolio/pmloan-history	queryPortfolioMarginProBankruptcyLoanRepayHistory	documented_active	platform_limited	separate_platform_or_protocol_service	이번 릴리스 보류(임시; 사용자 승인 필요)		not_connected		Unlinked	unreviewed		unreviewed		unreviewed		unreviewed		unreviewed		unreviewed			Unreviewed		별도 platform/protocol service 결정 대기; 사용자 승인 전 구현 재개 금지
Binance	Portfolio Margin Pro REST	Http	GET	/sapi/v1/portfolio/repay-futures-switch	getAutoRepayFuturesStatus	documented_active	platform_limited	separate_platform_or_protocol_service	이번 릴리스 보류(임시; 사용자 승인 필요)		not_connected		Unlinked	unreviewed		unreviewed		unreviewed		unreviewed		unreviewed		unreviewed			Unreviewed		별도 platform/protocol service 결정 대기; 사용자 승인 전 구현 재개 금지
Binance	Portfolio Margin Pro REST	Http	GET	/sapi/v2/portfolio/account	getPortfolioMarginProSpanAccountInfo	documented_active	platform_limited	separate_platform_or_protocol_service	이번 릴리스 보류(임시; 사용자 승인 필요)		not_connected		Unlinked	unreviewed		unreviewed		unreviewed		unreviewed		unreviewed		unreviewed			Unreviewed		별도 platform/protocol service 결정 대기; 사용자 승인 전 구현 재개 금지
Binance	Portfolio Margin Pro REST	Http	GET	/sapi/v2/portfolio/collateralRate	portfolioMarginProTieredCollateralRate	documented_active	platform_limited	separate_platform_or_protocol_service	이번 릴리스 보류(임시; 사용자 승인 필요)		not_connected		Unlinked	unreviewed		unreviewed		unreviewed		unreviewed		unreviewed		unreviewed			Unreviewed		별도 platform/protocol service 결정 대기; 사용자 승인 전 구현 재개 금지
Binance	Portfolio Margin Pro REST	Http	POST	/sapi/v1/portfolio/asset-collection	fundCollectionByAsset	documented_active	platform_limited	separate_platform_or_protocol_service	이번 릴리스 보류(임시; 사용자 승인 필요)		not_connected		Unlinked	unreviewed		unreviewed		unreviewed		unreviewed		unreviewed		unreviewed			Unreviewed		별도 platform/protocol service 결정 대기; 사용자 승인 전 구현 재개 금지
Binance	Portfolio Margin Pro REST	Http	POST	/sapi/v1/portfolio/auto-collection	fundAutoCollection	documented_active	platform_limited	separate_platform_or_protocol_service	이번 릴리스 보류(임시; 사용자 승인 필요)		not_connected		Unlinked	unreviewed		unreviewed		unreviewed		unreviewed		unreviewed		unreviewed			Unreviewed		별도 platform/protocol service 결정 대기; 사용자 승인 전 구현 재개 금지
Binance	Portfolio Margin Pro REST	Http	POST	/sapi/v1/portfolio/bnb-transfer	bnbTransfer	documented_active	platform_limited	separate_platform_or_protocol_service	이번 릴리스 보류(임시; 사용자 승인 필요)		not_connected		Unlinked	unreviewed		unreviewed		unreviewed		unreviewed		unreviewed		unreviewed			Unreviewed		별도 platform/protocol service 결정 대기; 사용자 승인 전 구현 재개 금지
Binance	Portfolio Margin Pro REST	Http	POST	/sapi/v1/portfolio/delta-mode	switchDeltaMode	documented_active	platform_limited	separate_platform_or_protocol_service	이번 릴리스 보류(임시; 사용자 승인 필요)		not_connected		Unlinked	unreviewed		unreviewed		unreviewed		unreviewed		unreviewed		unreviewed			Unreviewed		별도 platform/protocol service 결정 대기; 사용자 승인 전 구현 재개 금지
Binance	Portfolio Margin Pro REST	Http	POST	/sapi/v1/portfolio/earn-asset-transfer	transferLdusdtRwusdForPortfolioMargin	documented_active	platform_limited	separate_platform_or_protocol_service	이번 릴리스 보류(임시; 사용자 승인 필요)		not_connected		Unlinked	unreviewed		unreviewed		unreviewed		unreviewed		unreviewed		unreviewed			Unreviewed		별도 platform/protocol service 결정 대기; 사용자 승인 전 구현 재개 금지
Binance	Portfolio Margin Pro REST	Http	POST	/sapi/v1/portfolio/margin-call-level	setMarginCallLevel	documented_active	platform_limited	separate_platform_or_protocol_service	이번 릴리스 보류(임시; 사용자 승인 필요)		not_connected		Unlinked	unreviewed		unreviewed		unreviewed		unreviewed		unreviewed		unreviewed			Unreviewed		별도 platform/protocol service 결정 대기; 사용자 승인 전 구현 재개 금지
Binance	Portfolio Margin Pro REST	Http	POST	/sapi/v1/portfolio/repay	portfolioMarginProBankruptcyLoanRepay	documented_active	platform_limited	separate_platform_or_protocol_service	이번 릴리스 보류(임시; 사용자 승인 필요)		not_connected		Unlinked	unreviewed		unreviewed		unreviewed		unreviewed		unreviewed		unreviewed			Unreviewed		별도 platform/protocol service 결정 대기; 사용자 승인 전 구현 재개 금지
Binance	Portfolio Margin Pro REST	Http	POST	/sapi/v1/portfolio/repay-futures-negative-balance	repayFuturesNegativeBalance	documented_active	platform_limited	separate_platform_or_protocol_service	이번 릴리스 보류(임시; 사용자 승인 필요)		not_connected		Unlinked	unreviewed		unreviewed		unreviewed		unreviewed		unreviewed		unreviewed			Unreviewed		별도 platform/protocol service 결정 대기; 사용자 승인 전 구현 재개 금지
Binance	Portfolio Margin Pro REST	Http	POST	/sapi/v1/portfolio/repay-futures-switch	changeAutoRepayFuturesStatus	documented_active	platform_limited	separate_platform_or_protocol_service	이번 릴리스 보류(임시; 사용자 승인 필요)		not_connected		Unlinked	unreviewed		unreviewed		unreviewed		unreviewed		unreviewed		unreviewed			Unreviewed		별도 platform/protocol service 결정 대기; 사용자 승인 전 구현 재개 금지
Binance	Portfolio Margin REST	Http	DELETE	/papi/v1/cm/allOpenOrders	cancelAllCmOpenOrders	documented_active	platform_limited	separate_platform_or_protocol_service	이번 릴리스 보류(임시; 사용자 승인 필요)		not_connected		Unlinked	unreviewed		unreviewed		unreviewed		unreviewed		unreviewed		unreviewed			Unreviewed		별도 platform/protocol service 결정 대기; 사용자 승인 전 구현 재개 금지
Binance	Portfolio Margin REST	Http	DELETE	/papi/v1/cm/conditional/allOpenOrders	cancelAllCmOpenConditionalOrders	documented_active	platform_limited	separate_platform_or_protocol_service	이번 릴리스 보류(임시; 사용자 승인 필요)		not_connected		Unlinked	unreviewed		unreviewed		unreviewed		unreviewed		unreviewed		unreviewed			Unreviewed		별도 platform/protocol service 결정 대기; 사용자 승인 전 구현 재개 금지
Binance	Portfolio Margin REST	Http	DELETE	/papi/v1/cm/conditional/order	cancelCmConditionalOrder	documented_active	platform_limited	separate_platform_or_protocol_service	이번 릴리스 보류(임시; 사용자 승인 필요)		not_connected		Unlinked	unreviewed		unreviewed		unreviewed		unreviewed		unreviewed		unreviewed			Unreviewed		별도 platform/protocol service 결정 대기; 사용자 승인 전 구현 재개 금지
Binance	Portfolio Margin REST	Http	DELETE	/papi/v1/cm/order	cancelCmOrder	documented_active	platform_limited	separate_platform_or_protocol_service	이번 릴리스 보류(임시; 사용자 승인 필요)		not_connected		Unlinked	unreviewed		unreviewed		unreviewed		unreviewed		unreviewed		unreviewed			Unreviewed		별도 platform/protocol service 결정 대기; 사용자 승인 전 구현 재개 금지
Binance	Portfolio Margin REST	Http	DELETE	/papi/v1/listenKey	closeUserDataStream	documented_active	platform_limited	separate_platform_or_protocol_service	이번 릴리스 보류(임시; 사용자 승인 필요)		not_connected		Unlinked	unreviewed		unreviewed		unreviewed		unreviewed		unreviewed		unreviewed			Unreviewed		별도 platform/protocol service 결정 대기; 사용자 승인 전 구현 재개 금지
Binance	Portfolio Margin REST	Http	DELETE	/papi/v1/margin/allOpenOrders	cancelMarginAccountAllOpenOrdersOnASymbol	documented_active	platform_limited	separate_platform_or_protocol_service	이번 릴리스 보류(임시; 사용자 승인 필요)		not_connected		Unlinked	unreviewed		unreviewed		unreviewed		unreviewed		unreviewed		unreviewed			Unreviewed		별도 platform/protocol service 결정 대기; 사용자 승인 전 구현 재개 금지
Binance	Portfolio Margin REST	Http	DELETE	/papi/v1/margin/order	cancelMarginAccountOrder	documented_active	platform_limited	separate_platform_or_protocol_service	이번 릴리스 보류(임시; 사용자 승인 필요)		not_connected		Unlinked	unreviewed		unreviewed		unreviewed		unreviewed		unreviewed		unreviewed			Unreviewed		별도 platform/protocol service 결정 대기; 사용자 승인 전 구현 재개 금지
Binance	Portfolio Margin REST	Http	DELETE	/papi/v1/margin/orderList	cancelMarginAccountOcoOrders	documented_active	platform_limited	separate_platform_or_protocol_service	이번 릴리스 보류(임시; 사용자 승인 필요)		not_connected		Unlinked	unreviewed		unreviewed		unreviewed		unreviewed		unreviewed		unreviewed			Unreviewed		별도 platform/protocol service 결정 대기; 사용자 승인 전 구현 재개 금지
Binance	Portfolio Margin REST	Http	DELETE	/papi/v1/um/algo/allOpenOrders	cancelAllUmAlgoOpenOrders	documented_active	platform_limited	separate_platform_or_protocol_service	이번 릴리스 보류(임시; 사용자 승인 필요)		not_connected		Unlinked	unreviewed		unreviewed		unreviewed		unreviewed		unreviewed		unreviewed			Unreviewed		별도 platform/protocol service 결정 대기; 사용자 승인 전 구현 재개 금지
Binance	Portfolio Margin REST	Http	DELETE	/papi/v1/um/algo/order	cancelUmAlgoOrder	documented_active	platform_limited	separate_platform_or_protocol_service	이번 릴리스 보류(임시; 사용자 승인 필요)		not_connected		Unlinked	unreviewed		unreviewed		unreviewed		unreviewed		unreviewed		unreviewed			Unreviewed		별도 platform/protocol service 결정 대기; 사용자 승인 전 구현 재개 금지
Binance	Portfolio Margin REST	Http	DELETE	/papi/v1/um/allOpenOrders	cancelAllUmOpenOrders	documented_active	platform_limited	separate_platform_or_protocol_service	이번 릴리스 보류(임시; 사용자 승인 필요)		not_connected		Unlinked	unreviewed		unreviewed		unreviewed		unreviewed		unreviewed		unreviewed			Unreviewed		별도 platform/protocol service 결정 대기; 사용자 승인 전 구현 재개 금지
Binance	Portfolio Margin REST	Http	DELETE	/papi/v1/um/conditional/allOpenOrders	cancelAllUmOpenConditionalOrders	documented_active	platform_limited	separate_platform_or_protocol_service	이번 릴리스 보류(임시; 사용자 승인 필요)		not_connected		Unlinked	unreviewed		unreviewed		unreviewed		unreviewed		unreviewed		unreviewed			Unreviewed		별도 platform/protocol service 결정 대기; 사용자 승인 전 구현 재개 금지
Binance	Portfolio Margin REST	Http	DELETE	/papi/v1/um/conditional/order	cancelUmConditionalOrder	documented_active	platform_limited	separate_platform_or_protocol_service	이번 릴리스 보류(임시; 사용자 승인 필요)		not_connected		Unlinked	unreviewed		unreviewed		unreviewed		unreviewed		unreviewed		unreviewed			Unreviewed		별도 platform/protocol service 결정 대기; 사용자 승인 전 구현 재개 금지
Binance	Portfolio Margin REST	Http	DELETE	/papi/v1/um/order	cancelUmOrder	documented_active	platform_limited	separate_platform_or_protocol_service	이번 릴리스 보류(임시; 사용자 승인 필요)		not_connected		Unlinked	unreviewed		unreviewed		unreviewed		unreviewed		unreviewed		unreviewed			Unreviewed		별도 platform/protocol service 결정 대기; 사용자 승인 전 구현 재개 금지
Binance	Portfolio Margin REST	Http	GET	/papi/v1/account	accountInformation	documented_active	platform_limited	separate_platform_or_protocol_service	이번 릴리스 보류(임시; 사용자 승인 필요)		not_connected		Unlinked	unreviewed		unreviewed		unreviewed		unreviewed		unreviewed		unreviewed			Unreviewed		별도 platform/protocol service 결정 대기; 사용자 승인 전 구현 재개 금지
Binance	Portfolio Margin REST	Http	GET	/papi/v1/balance	accountBalance	documented_active	platform_limited	separate_platform_or_protocol_service	이번 릴리스 보류(임시; 사용자 승인 필요)		not_connected		Unlinked	unreviewed		unreviewed		unreviewed		unreviewed		unreviewed		unreviewed			Unreviewed		별도 platform/protocol service 결정 대기; 사용자 승인 전 구현 재개 금지
Binance	Portfolio Margin REST	Http	GET	/papi/v1/cm/account	getCmAccountDetail	documented_active	platform_limited	separate_platform_or_protocol_service	이번 릴리스 보류(임시; 사용자 승인 필요)		not_connected		Unlinked	unreviewed		unreviewed		unreviewed		unreviewed		unreviewed		unreviewed			Unreviewed		별도 platform/protocol service 결정 대기; 사용자 승인 전 구현 재개 금지
Binance	Portfolio Margin REST	Http	GET	/papi/v1/cm/adlQuantile	cmPositionAdlQuantileEstimation	documented_active	platform_limited	separate_platform_or_protocol_service	이번 릴리스 보류(임시; 사용자 승인 필요)		not_connected		Unlinked	unreviewed		unreviewed		unreviewed		unreviewed		unreviewed		unreviewed			Unreviewed		별도 platform/protocol service 결정 대기; 사용자 승인 전 구현 재개 금지
Binance	Portfolio Margin REST	Http	GET	/papi/v1/cm/allOrders	queryAllCmOrders	documented_active	platform_limited	separate_platform_or_protocol_service	이번 릴리스 보류(임시; 사용자 승인 필요)		not_connected		Unlinked	unreviewed		unreviewed		unreviewed		unreviewed		unreviewed		unreviewed			Unreviewed		별도 platform/protocol service 결정 대기; 사용자 승인 전 구현 재개 금지
Binance	Portfolio Margin REST	Http	GET	/papi/v1/cm/commissionRate	getUserCommissionRateForCm	documented_active	platform_limited	separate_platform_or_protocol_service	이번 릴리스 보류(임시; 사용자 승인 필요)		not_connected		Unlinked	unreviewed		unreviewed		unreviewed		unreviewed		unreviewed		unreviewed			Unreviewed		별도 platform/protocol service 결정 대기; 사용자 승인 전 구현 재개 금지
Binance	Portfolio Margin REST	Http	GET	/papi/v1/cm/conditional/allOrders	queryAllCmConditionalOrders	documented_active	platform_limited	separate_platform_or_protocol_service	이번 릴리스 보류(임시; 사용자 승인 필요)		not_connected		Unlinked	unreviewed		unreviewed		unreviewed		unreviewed		unreviewed		unreviewed			Unreviewed		별도 platform/protocol service 결정 대기; 사용자 승인 전 구현 재개 금지
Binance	Portfolio Margin REST	Http	GET	/papi/v1/cm/conditional/openOrder	queryCurrentCmOpenConditionalOrder	documented_active	platform_limited	separate_platform_or_protocol_service	이번 릴리스 보류(임시; 사용자 승인 필요)		not_connected		Unlinked	unreviewed		unreviewed		unreviewed		unreviewed		unreviewed		unreviewed			Unreviewed		별도 platform/protocol service 결정 대기; 사용자 승인 전 구현 재개 금지
Binance	Portfolio Margin REST	Http	GET	/papi/v1/cm/conditional/openOrders	queryAllCurrentCmOpenConditionalOrders	documented_active	platform_limited	separate_platform_or_protocol_service	이번 릴리스 보류(임시; 사용자 승인 필요)		not_connected		Unlinked	unreviewed		unreviewed		unreviewed		unreviewed		unreviewed		unreviewed			Unreviewed		별도 platform/protocol service 결정 대기; 사용자 승인 전 구현 재개 금지
Binance	Portfolio Margin REST	Http	GET	/papi/v1/cm/conditional/orderHistory	queryCmConditionalOrderHistory	documented_active	platform_limited	separate_platform_or_protocol_service	이번 릴리스 보류(임시; 사용자 승인 필요)		not_connected		Unlinked	unreviewed		unreviewed		unreviewed		unreviewed		unreviewed		unreviewed			Unreviewed		별도 platform/protocol service 결정 대기; 사용자 승인 전 구현 재개 금지
Binance	Portfolio Margin REST	Http	GET	/papi/v1/cm/forceOrders	queryUsersCmForceOrders	documented_active	platform_limited	separate_platform_or_protocol_service	이번 릴리스 보류(임시; 사용자 승인 필요)		not_connected		Unlinked	unreviewed		unreviewed		unreviewed		unreviewed		unreviewed		unreviewed			Unreviewed		별도 platform/protocol service 결정 대기; 사용자 승인 전 구현 재개 금지
Binance	Portfolio Margin REST	Http	GET	/papi/v1/cm/income	getCmIncomeHistory	documented_active	platform_limited	separate_platform_or_protocol_service	이번 릴리스 보류(임시; 사용자 승인 필요)		not_connected		Unlinked	unreviewed		unreviewed		unreviewed		unreviewed		unreviewed		unreviewed			Unreviewed		별도 platform/protocol service 결정 대기; 사용자 승인 전 구현 재개 금지
Binance	Portfolio Margin REST	Http	GET	/papi/v1/cm/leverageBracket	cmNotionalAndLeverageBrackets	documented_active	platform_limited	separate_platform_or_protocol_service	이번 릴리스 보류(임시; 사용자 승인 필요)		not_connected		Unlinked	unreviewed		unreviewed		unreviewed		unreviewed		unreviewed		unreviewed			Unreviewed		별도 platform/protocol service 결정 대기; 사용자 승인 전 구현 재개 금지
Binance	Portfolio Margin REST	Http	GET	/papi/v1/cm/openOrder	queryCurrentCmOpenOrder	documented_active	platform_limited	separate_platform_or_protocol_service	이번 릴리스 보류(임시; 사용자 승인 필요)		not_connected		Unlinked	unreviewed		unreviewed		unreviewed		unreviewed		unreviewed		unreviewed			Unreviewed		별도 platform/protocol service 결정 대기; 사용자 승인 전 구현 재개 금지
Binance	Portfolio Margin REST	Http	GET	/papi/v1/cm/openOrders	queryAllCurrentCmOpenOrders	documented_active	platform_limited	separate_platform_or_protocol_service	이번 릴리스 보류(임시; 사용자 승인 필요)		not_connected		Unlinked	unreviewed		unreviewed		unreviewed		unreviewed		unreviewed		unreviewed			Unreviewed		별도 platform/protocol service 결정 대기; 사용자 승인 전 구현 재개 금지
Binance	Portfolio Margin REST	Http	GET	/papi/v1/cm/order	queryCmOrder	documented_active	platform_limited	separate_platform_or_protocol_service	이번 릴리스 보류(임시; 사용자 승인 필요)		not_connected		Unlinked	unreviewed		unreviewed		unreviewed		unreviewed		unreviewed		unreviewed			Unreviewed		별도 platform/protocol service 결정 대기; 사용자 승인 전 구현 재개 금지
Binance	Portfolio Margin REST	Http	GET	/papi/v1/cm/orderAmendment	queryCmModifyOrderHistory	documented_active	platform_limited	separate_platform_or_protocol_service	이번 릴리스 보류(임시; 사용자 승인 필요)		not_connected		Unlinked	unreviewed		unreviewed		unreviewed		unreviewed		unreviewed		unreviewed			Unreviewed		별도 platform/protocol service 결정 대기; 사용자 승인 전 구현 재개 금지
Binance	Portfolio Margin REST	Http	GET	/papi/v1/cm/positionRisk	queryCmPositionInformation	documented_active	platform_limited	separate_platform_or_protocol_service	이번 릴리스 보류(임시; 사용자 승인 필요)		not_connected		Unlinked	unreviewed		unreviewed		unreviewed		unreviewed		unreviewed		unreviewed			Unreviewed		별도 platform/protocol service 결정 대기; 사용자 승인 전 구현 재개 금지
Binance	Portfolio Margin REST	Http	GET	/papi/v1/cm/positionSide/dual	getCmCurrentPositionMode	documented_active	platform_limited	separate_platform_or_protocol_service	이번 릴리스 보류(임시; 사용자 승인 필요)		not_connected		Unlinked	unreviewed		unreviewed		unreviewed		unreviewed		unreviewed		unreviewed			Unreviewed		별도 platform/protocol service 결정 대기; 사용자 승인 전 구현 재개 금지
Binance	Portfolio Margin REST	Http	GET	/papi/v1/cm/userTrades	cmAccountTradeList	documented_active	platform_limited	separate_platform_or_protocol_service	이번 릴리스 보류(임시; 사용자 승인 필요)		not_connected		Unlinked	unreviewed		unreviewed		unreviewed		unreviewed		unreviewed		unreviewed			Unreviewed		별도 platform/protocol service 결정 대기; 사용자 승인 전 구현 재개 금지
Binance	Portfolio Margin REST	Http	GET	/papi/v1/margin/allOrderList	queryMarginAccountsAllOco	documented_active	platform_limited	separate_platform_or_protocol_service	이번 릴리스 보류(임시; 사용자 승인 필요)		not_connected		Unlinked	unreviewed		unreviewed		unreviewed		unreviewed		unreviewed		unreviewed			Unreviewed		별도 platform/protocol service 결정 대기; 사용자 승인 전 구현 재개 금지
Binance	Portfolio Margin REST	Http	GET	/papi/v1/margin/allOrders	queryAllMarginAccountOrders	documented_active	platform_limited	separate_platform_or_protocol_service	이번 릴리스 보류(임시; 사용자 승인 필요)		not_connected		Unlinked	unreviewed		unreviewed		unreviewed		unreviewed		unreviewed		unreviewed			Unreviewed		별도 platform/protocol service 결정 대기; 사용자 승인 전 구현 재개 금지
Binance	Portfolio Margin REST	Http	GET	/papi/v1/margin/forceOrders	queryUsersMarginForceOrders	documented_active	platform_limited	separate_platform_or_protocol_service	이번 릴리스 보류(임시; 사용자 승인 필요)		not_connected		Unlinked	unreviewed		unreviewed		unreviewed		unreviewed		unreviewed		unreviewed			Unreviewed		별도 platform/protocol service 결정 대기; 사용자 승인 전 구현 재개 금지
Binance	Portfolio Margin REST	Http	GET	/papi/v1/margin/marginInterestHistory	getMarginBorrowLoanInterestHistory	documented_active	platform_limited	separate_platform_or_protocol_service	이번 릴리스 보류(임시; 사용자 승인 필요)		not_connected		Unlinked	unreviewed		unreviewed		unreviewed		unreviewed		unreviewed		unreviewed			Unreviewed		별도 platform/protocol service 결정 대기; 사용자 승인 전 구현 재개 금지
Binance	Portfolio Margin REST	Http	GET	/papi/v1/margin/marginLoan	queryMarginLoanRecord	documented_active	platform_limited	separate_platform_or_protocol_service	이번 릴리스 보류(임시; 사용자 승인 필요)		not_connected		Unlinked	unreviewed		unreviewed		unreviewed		unreviewed		unreviewed		unreviewed			Unreviewed		별도 platform/protocol service 결정 대기; 사용자 승인 전 구현 재개 금지
Binance	Portfolio Margin REST	Http	GET	/papi/v1/margin/maxBorrowable	marginMaxBorrow	documented_active	platform_limited	separate_platform_or_protocol_service	이번 릴리스 보류(임시; 사용자 승인 필요)		not_connected		Unlinked	unreviewed		unreviewed		unreviewed		unreviewed		unreviewed		unreviewed			Unreviewed		별도 platform/protocol service 결정 대기; 사용자 승인 전 구현 재개 금지
Binance	Portfolio Margin REST	Http	GET	/papi/v1/margin/maxWithdraw	queryMarginMaxWithdraw	documented_active	platform_limited	separate_platform_or_protocol_service	이번 릴리스 보류(임시; 사용자 승인 필요)		not_connected		Unlinked	unreviewed		unreviewed		unreviewed		unreviewed		unreviewed		unreviewed			Unreviewed		별도 platform/protocol service 결정 대기; 사용자 승인 전 구현 재개 금지
Binance	Portfolio Margin REST	Http	GET	/papi/v1/margin/myTrades	marginAccountTradeList	documented_active	platform_limited	separate_platform_or_protocol_service	이번 릴리스 보류(임시; 사용자 승인 필요)		not_connected		Unlinked	unreviewed		unreviewed		unreviewed		unreviewed		unreviewed		unreviewed			Unreviewed		별도 platform/protocol service 결정 대기; 사용자 승인 전 구현 재개 금지
Binance	Portfolio Margin REST	Http	GET	/papi/v1/margin/openOrderList	queryMarginAccountsOpenOco	documented_active	platform_limited	separate_platform_or_protocol_service	이번 릴리스 보류(임시; 사용자 승인 필요)		not_connected		Unlinked	unreviewed		unreviewed		unreviewed		unreviewed		unreviewed		unreviewed			Unreviewed		별도 platform/protocol service 결정 대기; 사용자 승인 전 구현 재개 금지
Binance	Portfolio Margin REST	Http	GET	/papi/v1/margin/openOrders	queryCurrentMarginOpenOrder	documented_active	platform_limited	separate_platform_or_protocol_service	이번 릴리스 보류(임시; 사용자 승인 필요)		not_connected		Unlinked	unreviewed		unreviewed		unreviewed		unreviewed		unreviewed		unreviewed			Unreviewed		별도 platform/protocol service 결정 대기; 사용자 승인 전 구현 재개 금지
Binance	Portfolio Margin REST	Http	GET	/papi/v1/margin/order	queryMarginAccountOrder	documented_active	platform_limited	separate_platform_or_protocol_service	이번 릴리스 보류(임시; 사용자 승인 필요)		not_connected		Unlinked	unreviewed		unreviewed		unreviewed		unreviewed		unreviewed		unreviewed			Unreviewed		별도 platform/protocol service 결정 대기; 사용자 승인 전 구현 재개 금지
Binance	Portfolio Margin REST	Http	GET	/papi/v1/margin/orderList	queryMarginAccountsOco	documented_active	platform_limited	separate_platform_or_protocol_service	이번 릴리스 보류(임시; 사용자 승인 필요)		not_connected		Unlinked	unreviewed		unreviewed		unreviewed		unreviewed		unreviewed		unreviewed			Unreviewed		별도 platform/protocol service 결정 대기; 사용자 승인 전 구현 재개 금지
Binance	Portfolio Margin REST	Http	GET	/papi/v1/margin/repayLoan	queryMarginRepayRecord	documented_active	platform_limited	separate_platform_or_protocol_service	이번 릴리스 보류(임시; 사용자 승인 필요)		not_connected		Unlinked	unreviewed		unreviewed		unreviewed		unreviewed		unreviewed		unreviewed			Unreviewed		별도 platform/protocol service 결정 대기; 사용자 승인 전 구현 재개 금지
Binance	Portfolio Margin REST	Http	GET	/papi/v1/ping	testConnectivity	documented_active	platform_limited	separate_platform_or_protocol_service	이번 릴리스 보류(임시; 사용자 승인 필요)		not_connected		Unlinked	unreviewed		unreviewed		unreviewed		unreviewed		unreviewed		unreviewed			Unreviewed		별도 platform/protocol service 결정 대기; 사용자 승인 전 구현 재개 금지
Binance	Portfolio Margin REST	Http	GET	/papi/v1/portfolio/interest-history	queryPortfolioMarginNegativeBalanceInterestHistory	documented_active	platform_limited	separate_platform_or_protocol_service	이번 릴리스 보류(임시; 사용자 승인 필요)		not_connected		Unlinked	unreviewed		unreviewed		unreviewed		unreviewed		unreviewed		unreviewed			Unreviewed		별도 platform/protocol service 결정 대기; 사용자 승인 전 구현 재개 금지
Binance	Portfolio Margin REST	Http	GET	/papi/v1/portfolio/negative-balance-exchange-record	queryUserNegativeBalanceAutoExchangeRecord	documented_active	platform_limited	separate_platform_or_protocol_service	이번 릴리스 보류(임시; 사용자 승인 필요)		not_connected		Unlinked	unreviewed		unreviewed		unreviewed		unreviewed		unreviewed		unreviewed			Unreviewed		별도 platform/protocol service 결정 대기; 사용자 승인 전 구현 재개 금지
Binance	Portfolio Margin REST	Http	GET	/papi/v1/rateLimit/order	queryUserRateLimit	documented_active	platform_limited	separate_platform_or_protocol_service	이번 릴리스 보류(임시; 사용자 승인 필요)		not_connected		Unlinked	unreviewed		unreviewed		unreviewed		unreviewed		unreviewed		unreviewed			Unreviewed		별도 platform/protocol service 결정 대기; 사용자 승인 전 구현 재개 금지
Binance	Portfolio Margin REST	Http	GET	/papi/v1/repay-futures-switch	getAutoRepayFuturesStatus	documented_active	platform_limited	separate_platform_or_protocol_service	이번 릴리스 보류(임시; 사용자 승인 필요)		not_connected		Unlinked	unreviewed		unreviewed		unreviewed		unreviewed		unreviewed		unreviewed			Unreviewed		별도 platform/protocol service 결정 대기; 사용자 승인 전 구현 재개 금지
Binance	Portfolio Margin REST	Http	GET	/papi/v1/um/account	getUmAccountDetail	documented_active	platform_limited	separate_platform_or_protocol_service	이번 릴리스 보류(임시; 사용자 승인 필요)		not_connected		Unlinked	unreviewed		unreviewed		unreviewed		unreviewed		unreviewed		unreviewed			Unreviewed		별도 platform/protocol service 결정 대기; 사용자 승인 전 구현 재개 금지
Binance	Portfolio Margin REST	Http	GET	/papi/v1/um/accountConfig	umFuturesAccountConfiguration	documented_active	platform_limited	separate_platform_or_protocol_service	이번 릴리스 보류(임시; 사용자 승인 필요)		not_connected		Unlinked	unreviewed		unreviewed		unreviewed		unreviewed		unreviewed		unreviewed			Unreviewed		별도 platform/protocol service 결정 대기; 사용자 승인 전 구현 재개 금지
Binance	Portfolio Margin REST	Http	GET	/papi/v1/um/adlQuantile	umPositionAdlQuantileEstimation	documented_active	platform_limited	separate_platform_or_protocol_service	이번 릴리스 보류(임시; 사용자 승인 필요)		not_connected		Unlinked	unreviewed		unreviewed		unreviewed		unreviewed		unreviewed		unreviewed			Unreviewed		별도 platform/protocol service 결정 대기; 사용자 승인 전 구현 재개 금지
Binance	Portfolio Margin REST	Http	GET	/papi/v1/um/algo/algoOrder	queryCurrentUmOpenAlgoOrder	documented_active	platform_limited	separate_platform_or_protocol_service	이번 릴리스 보류(임시; 사용자 승인 필요)		not_connected		Unlinked	unreviewed		unreviewed		unreviewed		unreviewed		unreviewed		unreviewed			Unreviewed		별도 platform/protocol service 결정 대기; 사용자 승인 전 구현 재개 금지
Binance	Portfolio Margin REST	Http	GET	/papi/v1/um/algo/allAlgoOrders	queryUmAlgoOrderHistory	documented_active	platform_limited	separate_platform_or_protocol_service	이번 릴리스 보류(임시; 사용자 승인 필요)		not_connected		Unlinked	unreviewed		unreviewed		unreviewed		unreviewed		unreviewed		unreviewed			Unreviewed		별도 platform/protocol service 결정 대기; 사용자 승인 전 구현 재개 금지
Binance	Portfolio Margin REST	Http	GET	/papi/v1/um/algo/openAlgoOrders	queryAllCurrentUmOpenAlgoOrders	documented_active	platform_limited	separate_platform_or_protocol_service	이번 릴리스 보류(임시; 사용자 승인 필요)		not_connected		Unlinked	unreviewed		unreviewed		unreviewed		unreviewed		unreviewed		unreviewed			Unreviewed		별도 platform/protocol service 결정 대기; 사용자 승인 전 구현 재개 금지
Binance	Portfolio Margin REST	Http	GET	/papi/v1/um/allOrders	queryAllUmOrders	documented_active	platform_limited	separate_platform_or_protocol_service	이번 릴리스 보류(임시; 사용자 승인 필요)		not_connected		Unlinked	unreviewed		unreviewed		unreviewed		unreviewed		unreviewed		unreviewed			Unreviewed		별도 platform/protocol service 결정 대기; 사용자 승인 전 구현 재개 금지
Binance	Portfolio Margin REST	Http	GET	/papi/v1/um/apiTradingStatus	portfolioMarginUmTradingQuantitativeRulesIndicators	documented_active	platform_limited	separate_platform_or_protocol_service	이번 릴리스 보류(임시; 사용자 승인 필요)		not_connected		Unlinked	unreviewed		unreviewed		unreviewed		unreviewed		unreviewed		unreviewed			Unreviewed		별도 platform/protocol service 결정 대기; 사용자 승인 전 구현 재개 금지
Binance	Portfolio Margin REST	Http	GET	/papi/v1/um/commissionRate	getUserCommissionRateForUm	documented_active	platform_limited	separate_platform_or_protocol_service	이번 릴리스 보류(임시; 사용자 승인 필요)		not_connected		Unlinked	unreviewed		unreviewed		unreviewed		unreviewed		unreviewed		unreviewed			Unreviewed		별도 platform/protocol service 결정 대기; 사용자 승인 전 구현 재개 금지
Binance	Portfolio Margin REST	Http	GET	/papi/v1/um/conditional/allOrders	queryAllUmConditionalOrders	documented_active	platform_limited	separate_platform_or_protocol_service	이번 릴리스 보류(임시; 사용자 승인 필요)		not_connected		Unlinked	unreviewed		unreviewed		unreviewed		unreviewed		unreviewed		unreviewed			Unreviewed		별도 platform/protocol service 결정 대기; 사용자 승인 전 구현 재개 금지
Binance	Portfolio Margin REST	Http	GET	/papi/v1/um/conditional/openOrder	queryCurrentUmOpenConditionalOrder	documented_active	platform_limited	separate_platform_or_protocol_service	이번 릴리스 보류(임시; 사용자 승인 필요)		not_connected		Unlinked	unreviewed		unreviewed		unreviewed		unreviewed		unreviewed		unreviewed			Unreviewed		별도 platform/protocol service 결정 대기; 사용자 승인 전 구현 재개 금지
Binance	Portfolio Margin REST	Http	GET	/papi/v1/um/conditional/openOrders	queryAllCurrentUmOpenConditionalOrders	documented_active	platform_limited	separate_platform_or_protocol_service	이번 릴리스 보류(임시; 사용자 승인 필요)		not_connected		Unlinked	unreviewed		unreviewed		unreviewed		unreviewed		unreviewed		unreviewed			Unreviewed		별도 platform/protocol service 결정 대기; 사용자 승인 전 구현 재개 금지
Binance	Portfolio Margin REST	Http	GET	/papi/v1/um/conditional/orderHistory	queryUmConditionalOrderHistory	documented_active	platform_limited	separate_platform_or_protocol_service	이번 릴리스 보류(임시; 사용자 승인 필요)		not_connected		Unlinked	unreviewed		unreviewed		unreviewed		unreviewed		unreviewed		unreviewed			Unreviewed		별도 platform/protocol service 결정 대기; 사용자 승인 전 구현 재개 금지
Binance	Portfolio Margin REST	Http	GET	/papi/v1/um/feeBurn	getUmFuturesBnbBurnStatus	documented_active	platform_limited	separate_platform_or_protocol_service	이번 릴리스 보류(임시; 사용자 승인 필요)		not_connected		Unlinked	unreviewed		unreviewed		unreviewed		unreviewed		unreviewed		unreviewed			Unreviewed		별도 platform/protocol service 결정 대기; 사용자 승인 전 구현 재개 금지
Binance	Portfolio Margin REST	Http	GET	/papi/v1/um/forceOrders	queryUsersUmForceOrders	documented_active	platform_limited	separate_platform_or_protocol_service	이번 릴리스 보류(임시; 사용자 승인 필요)		not_connected		Unlinked	unreviewed		unreviewed		unreviewed		unreviewed		unreviewed		unreviewed			Unreviewed		별도 platform/protocol service 결정 대기; 사용자 승인 전 구현 재개 금지
Binance	Portfolio Margin REST	Http	GET	/papi/v1/um/income	getUmIncomeHistory	documented_active	platform_limited	separate_platform_or_protocol_service	이번 릴리스 보류(임시; 사용자 승인 필요)		not_connected		Unlinked	unreviewed		unreviewed		unreviewed		unreviewed		unreviewed		unreviewed			Unreviewed		별도 platform/protocol service 결정 대기; 사용자 승인 전 구현 재개 금지
Binance	Portfolio Margin REST	Http	GET	/papi/v1/um/income/asyn	getDownloadIdForUmFuturesTransactionHistory	documented_active	platform_limited	separate_platform_or_protocol_service	이번 릴리스 보류(임시; 사용자 승인 필요)		not_connected		Unlinked	unreviewed		unreviewed		unreviewed		unreviewed		unreviewed		unreviewed			Unreviewed		별도 platform/protocol service 결정 대기; 사용자 승인 전 구현 재개 금지
Binance	Portfolio Margin REST	Http	GET	/papi/v1/um/income/asyn/id	getUmFuturesTransactionDownloadLinkById	documented_active	platform_limited	separate_platform_or_protocol_service	이번 릴리스 보류(임시; 사용자 승인 필요)		not_connected		Unlinked	unreviewed		unreviewed		unreviewed		unreviewed		unreviewed		unreviewed			Unreviewed		별도 platform/protocol service 결정 대기; 사용자 승인 전 구현 재개 금지
Binance	Portfolio Margin REST	Http	GET	/papi/v1/um/leverageBracket	umNotionalAndLeverageBrackets	documented_active	platform_limited	separate_platform_or_protocol_service	이번 릴리스 보류(임시; 사용자 승인 필요)		not_connected		Unlinked	unreviewed		unreviewed		unreviewed		unreviewed		unreviewed		unreviewed			Unreviewed		별도 platform/protocol service 결정 대기; 사용자 승인 전 구현 재개 금지
Binance	Portfolio Margin REST	Http	GET	/papi/v1/um/openOrder	queryCurrentUmOpenOrder	documented_active	platform_limited	separate_platform_or_protocol_service	이번 릴리스 보류(임시; 사용자 승인 필요)		not_connected		Unlinked	unreviewed		unreviewed		unreviewed		unreviewed		unreviewed		unreviewed			Unreviewed		별도 platform/protocol service 결정 대기; 사용자 승인 전 구현 재개 금지
Binance	Portfolio Margin REST	Http	GET	/papi/v1/um/openOrders	queryAllCurrentUmOpenOrders	documented_active	platform_limited	separate_platform_or_protocol_service	이번 릴리스 보류(임시; 사용자 승인 필요)		not_connected		Unlinked	unreviewed		unreviewed		unreviewed		unreviewed		unreviewed		unreviewed			Unreviewed		별도 platform/protocol service 결정 대기; 사용자 승인 전 구현 재개 금지
Binance	Portfolio Margin REST	Http	GET	/papi/v1/um/order	queryUmOrder	documented_active	platform_limited	separate_platform_or_protocol_service	이번 릴리스 보류(임시; 사용자 승인 필요)		not_connected		Unlinked	unreviewed		unreviewed		unreviewed		unreviewed		unreviewed		unreviewed			Unreviewed		별도 platform/protocol service 결정 대기; 사용자 승인 전 구현 재개 금지
Binance	Portfolio Margin REST	Http	GET	/papi/v1/um/order/asyn	getDownloadIdForUmFuturesOrderHistory	documented_active	platform_limited	separate_platform_or_protocol_service	이번 릴리스 보류(임시; 사용자 승인 필요)		not_connected		Unlinked	unreviewed		unreviewed		unreviewed		unreviewed		unreviewed		unreviewed			Unreviewed		별도 platform/protocol service 결정 대기; 사용자 승인 전 구현 재개 금지
Binance	Portfolio Margin REST	Http	GET	/papi/v1/um/order/asyn/id	getUmFuturesOrderDownloadLinkById	documented_active	platform_limited	separate_platform_or_protocol_service	이번 릴리스 보류(임시; 사용자 승인 필요)		not_connected		Unlinked	unreviewed		unreviewed		unreviewed		unreviewed		unreviewed		unreviewed			Unreviewed		별도 platform/protocol service 결정 대기; 사용자 승인 전 구현 재개 금지
Binance	Portfolio Margin REST	Http	GET	/papi/v1/um/orderAmendment	queryUmModifyOrderHistory	documented_active	platform_limited	separate_platform_or_protocol_service	이번 릴리스 보류(임시; 사용자 승인 필요)		not_connected		Unlinked	unreviewed		unreviewed		unreviewed		unreviewed		unreviewed		unreviewed			Unreviewed		별도 platform/protocol service 결정 대기; 사용자 승인 전 구현 재개 금지
Binance	Portfolio Margin REST	Http	GET	/papi/v1/um/positionRisk	queryUmPositionInformation	documented_active	platform_limited	separate_platform_or_protocol_service	이번 릴리스 보류(임시; 사용자 승인 필요)		not_connected		Unlinked	unreviewed		unreviewed		unreviewed		unreviewed		unreviewed		unreviewed			Unreviewed		별도 platform/protocol service 결정 대기; 사용자 승인 전 구현 재개 금지
Binance	Portfolio Margin REST	Http	GET	/papi/v1/um/positionSide/dual	getUmCurrentPositionMode	documented_active	platform_limited	separate_platform_or_protocol_service	이번 릴리스 보류(임시; 사용자 승인 필요)		not_connected		Unlinked	unreviewed		unreviewed		unreviewed		unreviewed		unreviewed		unreviewed			Unreviewed		별도 platform/protocol service 결정 대기; 사용자 승인 전 구현 재개 금지
Binance	Portfolio Margin REST	Http	GET	/papi/v1/um/symbolConfig	umFuturesSymbolConfiguration	documented_active	platform_limited	separate_platform_or_protocol_service	이번 릴리스 보류(임시; 사용자 승인 필요)		not_connected		Unlinked	unreviewed		unreviewed		unreviewed		unreviewed		unreviewed		unreviewed			Unreviewed		별도 platform/protocol service 결정 대기; 사용자 승인 전 구현 재개 금지
Binance	Portfolio Margin REST	Http	GET	/papi/v1/um/trade/asyn	getDownloadIdForUmFuturesTradeHistory	documented_active	platform_limited	separate_platform_or_protocol_service	이번 릴리스 보류(임시; 사용자 승인 필요)		not_connected		Unlinked	unreviewed		unreviewed		unreviewed		unreviewed		unreviewed		unreviewed			Unreviewed		별도 platform/protocol service 결정 대기; 사용자 승인 전 구현 재개 금지
Binance	Portfolio Margin REST	Http	GET	/papi/v1/um/trade/asyn/id	getUmFuturesTradeDownloadLinkById	documented_active	platform_limited	separate_platform_or_protocol_service	이번 릴리스 보류(임시; 사용자 승인 필요)		not_connected		Unlinked	unreviewed		unreviewed		unreviewed		unreviewed		unreviewed		unreviewed			Unreviewed		별도 platform/protocol service 결정 대기; 사용자 승인 전 구현 재개 금지
Binance	Portfolio Margin REST	Http	GET	/papi/v1/um/userTrades	umAccountTradeList	documented_active	platform_limited	separate_platform_or_protocol_service	이번 릴리스 보류(임시; 사용자 승인 필요)		not_connected		Unlinked	unreviewed		unreviewed		unreviewed		unreviewed		unreviewed		unreviewed			Unreviewed		별도 platform/protocol service 결정 대기; 사용자 승인 전 구현 재개 금지
Binance	Portfolio Margin REST	Http	GET	/papi/v2/um/account	getUmAccountDetailV2	documented_active	platform_limited	separate_platform_or_protocol_service	이번 릴리스 보류(임시; 사용자 승인 필요)		not_connected		Unlinked	unreviewed		unreviewed		unreviewed		unreviewed		unreviewed		unreviewed			Unreviewed		별도 platform/protocol service 결정 대기; 사용자 승인 전 구현 재개 금지
Binance	Portfolio Margin REST	Http	POST	/papi/v1/asset-collection	fundCollectionByAsset	documented_active	platform_limited	separate_platform_or_protocol_service	이번 릴리스 보류(임시; 사용자 승인 필요)		not_connected		Unlinked	unreviewed		unreviewed		unreviewed		unreviewed		unreviewed		unreviewed			Unreviewed		별도 platform/protocol service 결정 대기; 사용자 승인 전 구현 재개 금지
Binance	Portfolio Margin REST	Http	POST	/papi/v1/auto-collection	fundAutoCollection	documented_active	platform_limited	separate_platform_or_protocol_service	이번 릴리스 보류(임시; 사용자 승인 필요)		not_connected		Unlinked	unreviewed		unreviewed		unreviewed		unreviewed		unreviewed		unreviewed			Unreviewed		별도 platform/protocol service 결정 대기; 사용자 승인 전 구현 재개 금지
Binance	Portfolio Margin REST	Http	POST	/papi/v1/bnb-transfer	bnbTransfer	documented_active	platform_limited	separate_platform_or_protocol_service	이번 릴리스 보류(임시; 사용자 승인 필요)		not_connected		Unlinked	unreviewed		unreviewed		unreviewed		unreviewed		unreviewed		unreviewed			Unreviewed		별도 platform/protocol service 결정 대기; 사용자 승인 전 구현 재개 금지
Binance	Portfolio Margin REST	Http	POST	/papi/v1/cm/conditional/order	newCmConditionalOrder	documented_active	platform_limited	separate_platform_or_protocol_service	이번 릴리스 보류(임시; 사용자 승인 필요)		not_connected		Unlinked	unreviewed		unreviewed		unreviewed		unreviewed		unreviewed		unreviewed			Unreviewed		별도 platform/protocol service 결정 대기; 사용자 승인 전 구현 재개 금지
Binance	Portfolio Margin REST	Http	POST	/papi/v1/cm/leverage	changeCmInitialLeverage	documented_active	platform_limited	separate_platform_or_protocol_service	이번 릴리스 보류(임시; 사용자 승인 필요)		not_connected		Unlinked	unreviewed		unreviewed		unreviewed		unreviewed		unreviewed		unreviewed			Unreviewed		별도 platform/protocol service 결정 대기; 사용자 승인 전 구현 재개 금지
Binance	Portfolio Margin REST	Http	POST	/papi/v1/cm/order	newCmOrder	documented_active	platform_limited	separate_platform_or_protocol_service	이번 릴리스 보류(임시; 사용자 승인 필요)		not_connected		Unlinked	unreviewed		unreviewed		unreviewed		unreviewed		unreviewed		unreviewed			Unreviewed		별도 platform/protocol service 결정 대기; 사용자 승인 전 구현 재개 금지
Binance	Portfolio Margin REST	Http	POST	/papi/v1/cm/positionSide/dual	changeCmPositionMode	documented_active	platform_limited	separate_platform_or_protocol_service	이번 릴리스 보류(임시; 사용자 승인 필요)		not_connected		Unlinked	unreviewed		unreviewed		unreviewed		unreviewed		unreviewed		unreviewed			Unreviewed		별도 platform/protocol service 결정 대기; 사용자 승인 전 구현 재개 금지
Binance	Portfolio Margin REST	Http	POST	/papi/v1/listenKey	startUserDataStream	documented_active	platform_limited	separate_platform_or_protocol_service	이번 릴리스 보류(임시; 사용자 승인 필요)		not_connected		Unlinked	unreviewed		unreviewed		unreviewed		unreviewed		unreviewed		unreviewed			Unreviewed		별도 platform/protocol service 결정 대기; 사용자 승인 전 구현 재개 금지
Binance	Portfolio Margin REST	Http	POST	/papi/v1/margin/order	newMarginOrder	documented_active	platform_limited	separate_platform_or_protocol_service	이번 릴리스 보류(임시; 사용자 승인 필요)		not_connected		Unlinked	unreviewed		unreviewed		unreviewed		unreviewed		unreviewed		unreviewed			Unreviewed		별도 platform/protocol service 결정 대기; 사용자 승인 전 구현 재개 금지
Binance	Portfolio Margin REST	Http	POST	/papi/v1/margin/order/oco	marginAccountNewOco	documented_active	platform_limited	separate_platform_or_protocol_service	이번 릴리스 보류(임시; 사용자 승인 필요)		not_connected		Unlinked	unreviewed		unreviewed		unreviewed		unreviewed		unreviewed		unreviewed			Unreviewed		별도 platform/protocol service 결정 대기; 사용자 승인 전 구현 재개 금지
Binance	Portfolio Margin REST	Http	POST	/papi/v1/margin/repay-debt	marginAccountRepayDebt	documented_active	platform_limited	separate_platform_or_protocol_service	이번 릴리스 보류(임시; 사용자 승인 필요)		not_connected		Unlinked	unreviewed		unreviewed		unreviewed		unreviewed		unreviewed		unreviewed			Unreviewed		별도 platform/protocol service 결정 대기; 사용자 승인 전 구현 재개 금지
Binance	Portfolio Margin REST	Http	POST	/papi/v1/marginLoan	marginAccountBorrow	documented_active	platform_limited	separate_platform_or_protocol_service	이번 릴리스 보류(임시; 사용자 승인 필요)		not_connected		Unlinked	unreviewed		unreviewed		unreviewed		unreviewed		unreviewed		unreviewed			Unreviewed		별도 platform/protocol service 결정 대기; 사용자 승인 전 구현 재개 금지
Binance	Portfolio Margin REST	Http	POST	/papi/v1/repay-futures-negative-balance	repayFuturesNegativeBalance	documented_active	platform_limited	separate_platform_or_protocol_service	이번 릴리스 보류(임시; 사용자 승인 필요)		not_connected		Unlinked	unreviewed		unreviewed		unreviewed		unreviewed		unreviewed		unreviewed			Unreviewed		별도 platform/protocol service 결정 대기; 사용자 승인 전 구현 재개 금지
Binance	Portfolio Margin REST	Http	POST	/papi/v1/repay-futures-switch	changeAutoRepayFuturesStatus	documented_active	platform_limited	separate_platform_or_protocol_service	이번 릴리스 보류(임시; 사용자 승인 필요)		not_connected		Unlinked	unreviewed		unreviewed		unreviewed		unreviewed		unreviewed		unreviewed			Unreviewed		별도 platform/protocol service 결정 대기; 사용자 승인 전 구현 재개 금지
Binance	Portfolio Margin REST	Http	POST	/papi/v1/repayLoan	marginAccountRepay	documented_active	platform_limited	separate_platform_or_protocol_service	이번 릴리스 보류(임시; 사용자 승인 필요)		not_connected		Unlinked	unreviewed		unreviewed		unreviewed		unreviewed		unreviewed		unreviewed			Unreviewed		별도 platform/protocol service 결정 대기; 사용자 승인 전 구현 재개 금지
Binance	Portfolio Margin REST	Http	POST	/papi/v1/um/algo/order	newUmAlgoOrder	documented_active	platform_limited	separate_platform_or_protocol_service	이번 릴리스 보류(임시; 사용자 승인 필요)		not_connected		Unlinked	unreviewed		unreviewed		unreviewed		unreviewed		unreviewed		unreviewed			Unreviewed		별도 platform/protocol service 결정 대기; 사용자 승인 전 구현 재개 금지
Binance	Portfolio Margin REST	Http	POST	/papi/v1/um/conditional/order	newUmConditionalOrder	documented_active	platform_limited	separate_platform_or_protocol_service	이번 릴리스 보류(임시; 사용자 승인 필요)		not_connected		Unlinked	unreviewed		unreviewed		unreviewed		unreviewed		unreviewed		unreviewed			Unreviewed		별도 platform/protocol service 결정 대기; 사용자 승인 전 구현 재개 금지
Binance	Portfolio Margin REST	Http	POST	/papi/v1/um/feeBurn	toggleBnbBurnOnUmFuturesTrade	documented_active	platform_limited	separate_platform_or_protocol_service	이번 릴리스 보류(임시; 사용자 승인 필요)		not_connected		Unlinked	unreviewed		unreviewed		unreviewed		unreviewed		unreviewed		unreviewed			Unreviewed		별도 platform/protocol service 결정 대기; 사용자 승인 전 구현 재개 금지
Binance	Portfolio Margin REST	Http	POST	/papi/v1/um/leverage	changeUmInitialLeverage	documented_active	platform_limited	separate_platform_or_protocol_service	이번 릴리스 보류(임시; 사용자 승인 필요)		not_connected		Unlinked	unreviewed		unreviewed		unreviewed		unreviewed		unreviewed		unreviewed			Unreviewed		별도 platform/protocol service 결정 대기; 사용자 승인 전 구현 재개 금지
Binance	Portfolio Margin REST	Http	POST	/papi/v1/um/order	newUmOrder	documented_active	platform_limited	separate_platform_or_protocol_service	이번 릴리스 보류(임시; 사용자 승인 필요)		not_connected		Unlinked	unreviewed		unreviewed		unreviewed		unreviewed		unreviewed		unreviewed			Unreviewed		별도 platform/protocol service 결정 대기; 사용자 승인 전 구현 재개 금지
Binance	Portfolio Margin REST	Http	POST	/papi/v1/um/positionSide/dual	changeUmPositionMode	documented_active	platform_limited	separate_platform_or_protocol_service	이번 릴리스 보류(임시; 사용자 승인 필요)		not_connected		Unlinked	unreviewed		unreviewed		unreviewed		unreviewed		unreviewed		unreviewed			Unreviewed		별도 platform/protocol service 결정 대기; 사용자 승인 전 구현 재개 금지
Binance	Portfolio Margin REST	Http	POST	/papi/v1/um/stock/contract	futuresTradfiPerpsContract	documented_active	platform_limited	separate_platform_or_protocol_service	이번 릴리스 보류(임시; 사용자 승인 필요)		not_connected		Unlinked	unreviewed		unreviewed		unreviewed		unreviewed		unreviewed		unreviewed			Unreviewed		별도 platform/protocol service 결정 대기; 사용자 승인 전 구현 재개 금지
Binance	Portfolio Margin REST	Http	PUT	/papi/v1/cm/order	modifyCmOrder	documented_active	platform_limited	separate_platform_or_protocol_service	이번 릴리스 보류(임시; 사용자 승인 필요)		not_connected		Unlinked	unreviewed		unreviewed		unreviewed		unreviewed		unreviewed		unreviewed			Unreviewed		별도 platform/protocol service 결정 대기; 사용자 승인 전 구현 재개 금지
Binance	Portfolio Margin REST	Http	PUT	/papi/v1/listenKey	keepaliveUserDataStream	documented_active	platform_limited	separate_platform_or_protocol_service	이번 릴리스 보류(임시; 사용자 승인 필요)		not_connected		Unlinked	unreviewed		unreviewed		unreviewed		unreviewed		unreviewed		unreviewed			Unreviewed		별도 platform/protocol service 결정 대기; 사용자 승인 전 구현 재개 금지
Binance	Portfolio Margin REST	Http	PUT	/papi/v1/um/order	modifyUmOrder	documented_active	platform_limited	separate_platform_or_protocol_service	이번 릴리스 보류(임시; 사용자 승인 필요)		not_connected		Unlinked	unreviewed		unreviewed		unreviewed		unreviewed		unreviewed		unreviewed			Unreviewed		별도 platform/protocol service 결정 대기; 사용자 승인 전 구현 재개 금지
Binance	Prediction Trading REST	Http	GET	/sapi/v1/w3w/wallet/prediction/balance/payment-options	queryPaymentOptionBalances	documented_active	provider_typed	general_adapter_or_provider	해당 없음		not_connected		Unlinked	unreviewed		unreviewed		unreviewed		unreviewed		unreviewed		unreviewed			Unreviewed		원장/감사 queue에 유지; 새 발견은 다음 backlog
Binance	Prediction Trading REST	Http	GET	/sapi/v1/w3w/wallet/prediction/category/list	listPredictionCategories	documented_active	provider_typed	general_adapter_or_provider	해당 없음		not_connected		Unlinked	unreviewed		unreviewed		unreviewed		unreviewed		unreviewed		unreviewed			Unreviewed		원장/감사 queue에 유지; 새 발견은 다음 backlog
Binance	Prediction Trading REST	Http	GET	/sapi/v1/w3w/wallet/prediction/market/detail	getMarketDetail	documented_active	provider_typed	general_adapter_or_provider	해당 없음		not_connected		Unlinked	unreviewed		unreviewed		unreviewed		unreviewed		unreviewed		unreviewed			Unreviewed		원장/감사 queue에 유지; 새 발견은 다음 backlog
Binance	Prediction Trading REST	Http	GET	/sapi/v1/w3w/wallet/prediction/market/list	listPredictionMarkets	documented_active	provider_typed	general_adapter_or_provider	해당 없음		not_connected		Unlinked	unreviewed		unreviewed		unreviewed		unreviewed		unreviewed		unreviewed			Unreviewed		원장/감사 queue에 유지; 새 발견은 다음 backlog
Binance	Prediction Trading REST	Http	GET	/sapi/v1/w3w/wallet/prediction/market/search	marketSearch	documented_active	provider_typed	general_adapter_or_provider	해당 없음		not_connected		Unlinked	unreviewed		unreviewed		unreviewed		unreviewed		unreviewed		unreviewed			Unreviewed		원장/감사 queue에 유지; 새 발견은 다음 backlog
Binance	Prediction Trading REST	Http	GET	/sapi/v1/w3w/wallet/prediction/order-book	queryOrderBook	documented_active	provider_typed	general_adapter_or_provider	해당 없음		not_connected		Unlinked	unreviewed		unreviewed		unreviewed		unreviewed		unreviewed		unreviewed			Unreviewed		원장/감사 queue에 유지; 새 발견은 다음 backlog
Binance	Prediction Trading REST	Http	GET	/sapi/v1/w3w/wallet/prediction/order-book/last-trade-price	queryLastTradePrice	documented_active	provider_typed	general_adapter_or_provider	해당 없음		not_connected		Unlinked	unreviewed		unreviewed		unreviewed		unreviewed		unreviewed		unreviewed			Unreviewed		원장/감사 queue에 유지; 새 발견은 다음 backlog
Binance	Prediction Trading REST	Http	GET	/sapi/v1/w3w/wallet/prediction/order/history	queryOrderHistory	documented_active	provider_typed	general_adapter_or_provider	해당 없음		not_connected		Unlinked	unreviewed		unreviewed		unreviewed		unreviewed		unreviewed		unreviewed			Unreviewed		원장/감사 queue에 유지; 새 발견은 다음 backlog
Binance	Prediction Trading REST	Http	GET	/sapi/v1/w3w/wallet/prediction/order/list	queryActiveOrders	documented_active	provider_typed	general_adapter_or_provider	해당 없음		not_connected		Unlinked	unreviewed		unreviewed		unreviewed		unreviewed		unreviewed		unreviewed			Unreviewed		원장/감사 queue에 유지; 새 발견은 다음 backlog
Binance	Prediction Trading REST	Http	GET	/sapi/v1/w3w/wallet/prediction/pnl/portfolio	getPortfolio	documented_active	provider_typed	general_adapter_or_provider	해당 없음		not_connected		Unlinked	unreviewed		unreviewed		unreviewed		unreviewed		unreviewed		unreviewed			Unreviewed		원장/감사 queue에 유지; 새 발견은 다음 backlog
Binance	Prediction Trading REST	Http	GET	/sapi/v1/w3w/wallet/prediction/pnl/query	queryPnL	documented_active	provider_typed	general_adapter_or_provider	해당 없음		not_connected		Unlinked	unreviewed		unreviewed		unreviewed		unreviewed		unreviewed		unreviewed			Unreviewed		원장/감사 queue에 유지; 새 발견은 다음 backlog
Binance	Prediction Trading REST	Http	GET	/sapi/v1/w3w/wallet/prediction/position/filter	queryPositionsByFilter	documented_active	provider_typed	general_adapter_or_provider	해당 없음		not_connected		Unlinked	unreviewed		unreviewed		unreviewed		unreviewed		unreviewed		unreviewed			Unreviewed		원장/감사 queue에 유지; 새 발견은 다음 backlog
Binance	Prediction Trading REST	Http	GET	/sapi/v1/w3w/wallet/prediction/position/list	queryPositions	documented_active	provider_typed	general_adapter_or_provider	해당 없음		not_connected		Unlinked	unreviewed		unreviewed		unreviewed		unreviewed		unreviewed		unreviewed			Unreviewed		원장/감사 queue에 유지; 새 발견은 다음 backlog
Binance	Prediction Trading REST	Http	GET	/sapi/v1/w3w/wallet/prediction/position/settled-history	querySettledPositionHistory	documented_active	provider_typed	general_adapter_or_provider	해당 없음		not_connected		Unlinked	unreviewed		unreviewed		unreviewed		unreviewed		unreviewed		unreviewed			Unreviewed		원장/감사 queue에 유지; 새 발견은 다음 backlog
Binance	Prediction Trading REST	Http	GET	/sapi/v1/w3w/wallet/prediction/position/token	getPositionByToken	documented_active	provider_typed	general_adapter_or_provider	해당 없음		not_connected		Unlinked	unreviewed		unreviewed		unreviewed		unreviewed		unreviewed		unreviewed			Unreviewed		원장/감사 queue에 유지; 새 발견은 다음 backlog
Binance	Prediction Trading REST	Http	GET	/sapi/v1/w3w/wallet/prediction/quota/limit/status	getQuotaStatus	documented_active	provider_typed	general_adapter_or_provider	해당 없음		not_connected		Unlinked	unreviewed		unreviewed		unreviewed		unreviewed		unreviewed		unreviewed			Unreviewed		원장/감사 queue에 유지; 새 발견은 다음 backlog
Binance	Prediction Trading REST	Http	GET	/sapi/v1/w3w/wallet/prediction/redeem/status	getRedeemStatus	documented_active	provider_typed	general_adapter_or_provider	해당 없음		not_connected		Unlinked	unreviewed		unreviewed		unreviewed		unreviewed		unreviewed		unreviewed			Unreviewed		원장/감사 queue에 유지; 새 발견은 다음 backlog
Binance	Prediction Trading REST	Http	GET	/sapi/v1/w3w/wallet/prediction/transfer/list	queryTransferList	documented_active	provider_typed	general_adapter_or_provider	해당 없음		not_connected		Unlinked	unreviewed		unreviewed		unreviewed		unreviewed		unreviewed		unreviewed			Unreviewed		원장/감사 queue에 유지; 새 발견은 다음 backlog
Binance	Prediction Trading REST	Http	GET	/sapi/v1/w3w/wallet/prediction/transfer/status	queryTransferStatus	documented_active	provider_typed	general_adapter_or_provider	해당 없음		not_connected		Unlinked	unreviewed		unreviewed		unreviewed		unreviewed		unreviewed		unreviewed			Unreviewed		원장/감사 queue에 유지; 새 발견은 다음 backlog
Binance	Prediction Trading REST	Http	GET	/sapi/v1/w3w/wallet/prediction/wallet/list	listPredictionWallets	documented_active	provider_typed	general_adapter_or_provider	해당 없음		not_connected		Unlinked	unreviewed		unreviewed		unreviewed		unreviewed		unreviewed		unreviewed			Unreviewed		원장/감사 queue에 유지; 새 발견은 다음 backlog
Binance	Prediction Trading REST	Http	POST	/sapi/v1/w3w/wallet/prediction/batch-redeem	batchRedeem	documented_active	provider_typed	general_adapter_or_provider	해당 없음		not_connected		Unlinked	unreviewed		unreviewed		unreviewed		unreviewed		unreviewed		unreviewed			Unreviewed		원장/감사 queue에 유지; 새 발견은 다음 backlog
Binance	Prediction Trading REST	Http	POST	/sapi/v1/w3w/wallet/prediction/trade/batch-cancel	batchCancelOrders	documented_active	provider_typed	general_adapter_or_provider	해당 없음		not_connected		Unlinked	unreviewed		unreviewed		unreviewed		unreviewed		unreviewed		unreviewed			Unreviewed		원장/감사 queue에 유지; 새 발견은 다음 backlog
Binance	Prediction Trading REST	Http	POST	/sapi/v1/w3w/wallet/prediction/trade/get-quote	getQuote	documented_active	provider_typed	general_adapter_or_provider	해당 없음		not_connected		Unlinked	unreviewed		unreviewed		unreviewed		unreviewed		unreviewed		unreviewed			Unreviewed		원장/감사 queue에 유지; 새 발견은 다음 backlog
Binance	Prediction Trading REST	Http	POST	/sapi/v1/w3w/wallet/prediction/trade/place-order-bundle	placeOrder	documented_active	provider_typed	general_adapter_or_provider	해당 없음		not_connected		Unlinked	unreviewed		unreviewed		unreviewed		unreviewed		unreviewed		unreviewed			Unreviewed		원장/감사 queue에 유지; 새 발견은 다음 backlog
Binance	Prediction Trading REST	Http	POST	/sapi/v1/w3w/wallet/prediction/transfer/inbound	createInboundTransfer	documented_active	provider_typed	general_adapter_or_provider	해당 없음		not_connected		Unlinked	unreviewed		unreviewed		unreviewed		unreviewed		unreviewed		unreviewed			Unreviewed		원장/감사 queue에 유지; 새 발견은 다음 backlog
Binance	Prediction Trading REST	Http	POST	/sapi/v1/w3w/wallet/prediction/transfer/outbound	createOutboundTransfer	documented_active	provider_typed	general_adapter_or_provider	해당 없음		not_connected		Unlinked	unreviewed		unreviewed		unreviewed		unreviewed		unreviewed		unreviewed			Unreviewed		원장/감사 queue에 유지; 새 발견은 다음 backlog
Binance	Rebate REST	Http	GET	/sapi/v1/rebate/taxQuery	getSpotRebateHistoryRecords	documented_active	provider_typed	general_adapter_or_provider	해당 없음		not_connected		Unlinked	unreviewed		unreviewed		unreviewed		unreviewed		unreviewed		unreviewed			Unreviewed		원장/감사 queue에 유지; 새 발견은 다음 backlog
Binance	Simple Earn REST	Http	GET	/sapi/v1/bfusd/account	getBfusdAccount	documented_active	provider_typed	general_adapter_or_provider	해당 없음		not_connected		Unlinked	unreviewed		unreviewed		unreviewed		unreviewed		unreviewed		unreviewed			Unreviewed		원장/감사 queue에 유지; 새 발견은 다음 backlog
Binance	Simple Earn REST	Http	GET	/sapi/v1/bfusd/history/rateHistory	getBfusdRateHistory	documented_active	provider_typed	general_adapter_or_provider	해당 없음		not_connected		Unlinked	unreviewed		unreviewed		unreviewed		unreviewed		unreviewed		unreviewed			Unreviewed		원장/감사 queue에 유지; 새 발견은 다음 backlog
Binance	Simple Earn REST	Http	GET	/sapi/v1/bfusd/history/redemptionHistory	getBfusdRedemptionHistory	documented_active	provider_typed	general_adapter_or_provider	해당 없음		not_connected		Unlinked	unreviewed		unreviewed		unreviewed		unreviewed		unreviewed		unreviewed			Unreviewed		원장/감사 queue에 유지; 새 발견은 다음 backlog
Binance	Simple Earn REST	Http	GET	/sapi/v1/bfusd/history/rewardsHistory	getBfusdRewardsHistory	documented_active	provider_typed	general_adapter_or_provider	해당 없음		not_connected		Unlinked	unreviewed		unreviewed		unreviewed		unreviewed		unreviewed		unreviewed			Unreviewed		원장/감사 queue에 유지; 새 발견은 다음 backlog
Binance	Simple Earn REST	Http	GET	/sapi/v1/bfusd/history/subscriptionHistory	getBfusdSubscriptionHistory	documented_active	provider_typed	general_adapter_or_provider	해당 없음		not_connected		Unlinked	unreviewed		unreviewed		unreviewed		unreviewed		unreviewed		unreviewed			Unreviewed		원장/감사 queue에 유지; 새 발견은 다음 backlog
Binance	Simple Earn REST	Http	GET	/sapi/v1/bfusd/quota	getBfusdQuotaDetails	documented_active	provider_typed	general_adapter_or_provider	해당 없음		not_connected		Unlinked	unreviewed		unreviewed		unreviewed		unreviewed		unreviewed		unreviewed			Unreviewed		원장/감사 queue에 유지; 새 발견은 다음 backlog
Binance	Simple Earn REST	Http	GET	/sapi/v1/earn/arena/activities	getYieldArenaActivities	documented_active	provider_typed	general_adapter_or_provider	해당 없음		not_connected		Unlinked	unreviewed		unreviewed		unreviewed		unreviewed		unreviewed		unreviewed			Unreviewed		원장/감사 queue에 유지; 새 발견은 다음 backlog
Binance	Simple Earn REST	Http	GET	/sapi/v1/rwusd/account	getRwusdAccount	documented_active	provider_typed	general_adapter_or_provider	해당 없음		not_connected		Unlinked	unreviewed		unreviewed		unreviewed		unreviewed		unreviewed		unreviewed			Unreviewed		원장/감사 queue에 유지; 새 발견은 다음 backlog
Binance	Simple Earn REST	Http	GET	/sapi/v1/rwusd/history/rateHistory	getRwusdRateHistory	documented_active	provider_typed	general_adapter_or_provider	해당 없음		not_connected		Unlinked	unreviewed		unreviewed		unreviewed		unreviewed		unreviewed		unreviewed			Unreviewed		원장/감사 queue에 유지; 새 발견은 다음 backlog
Binance	Simple Earn REST	Http	GET	/sapi/v1/rwusd/history/redemptionHistory	getRwusdRedemptionHistory	documented_active	provider_typed	general_adapter_or_provider	해당 없음		not_connected		Unlinked	unreviewed		unreviewed		unreviewed		unreviewed		unreviewed		unreviewed			Unreviewed		원장/감사 queue에 유지; 새 발견은 다음 backlog
Binance	Simple Earn REST	Http	GET	/sapi/v1/rwusd/history/rewardsHistory	getRwusdRewardsHistory	documented_active	provider_typed	general_adapter_or_provider	해당 없음		not_connected		Unlinked	unreviewed		unreviewed		unreviewed		unreviewed		unreviewed		unreviewed			Unreviewed		원장/감사 queue에 유지; 새 발견은 다음 backlog
Binance	Simple Earn REST	Http	GET	/sapi/v1/rwusd/history/subscriptionHistory	getRwusdSubscriptionHistory	documented_active	provider_typed	general_adapter_or_provider	해당 없음		not_connected		Unlinked	unreviewed		unreviewed		unreviewed		unreviewed		unreviewed		unreviewed			Unreviewed		원장/감사 queue에 유지; 새 발견은 다음 backlog
Binance	Simple Earn REST	Http	GET	/sapi/v1/rwusd/quota	getRwusdQuotaDetails	documented_active	provider_typed	general_adapter_or_provider	해당 없음		not_connected		Unlinked	unreviewed		unreviewed		unreviewed		unreviewed		unreviewed		unreviewed			Unreviewed		원장/감사 queue에 유지; 새 발견은 다음 backlog
Binance	Simple Earn REST	Http	GET	/sapi/v1/simple-earn/account	simpleAccount	documented_active	provider_typed	general_adapter_or_provider	해당 없음		not_connected		Unlinked	unreviewed		unreviewed		unreviewed		unreviewed		unreviewed		unreviewed			Unreviewed		원장/감사 queue에 유지; 새 발견은 다음 backlog
Binance	Simple Earn REST	Http	GET	/sapi/v1/simple-earn/flexible/history/collateralRecord	getCollateralRecord	documented_active	provider_typed	general_adapter_or_provider	해당 없음		not_connected		Unlinked	unreviewed		unreviewed		unreviewed		unreviewed		unreviewed		unreviewed			Unreviewed		원장/감사 queue에 유지; 새 발견은 다음 backlog
Binance	Simple Earn REST	Http	GET	/sapi/v1/simple-earn/flexible/history/rateHistory	getRateHistory	documented_active	provider_typed	general_adapter_or_provider	해당 없음		not_connected		Unlinked	unreviewed		unreviewed		unreviewed		unreviewed		unreviewed		unreviewed			Unreviewed		원장/감사 queue에 유지; 새 발견은 다음 backlog
Binance	Simple Earn REST	Http	GET	/sapi/v1/simple-earn/flexible/history/redemptionRecord	getFlexibleRedemptionRecord	documented_active	provider_typed	general_adapter_or_provider	해당 없음		not_connected		Unlinked	unreviewed		unreviewed		unreviewed		unreviewed		unreviewed		unreviewed			Unreviewed		원장/감사 queue에 유지; 새 발견은 다음 backlog
Binance	Simple Earn REST	Http	GET	/sapi/v1/simple-earn/flexible/history/rewardsRecord	getFlexibleRewardsHistory	documented_active	provider_typed	general_adapter_or_provider	해당 없음		not_connected		Unlinked	unreviewed		unreviewed		unreviewed		unreviewed		unreviewed		unreviewed			Unreviewed		원장/감사 queue에 유지; 새 발견은 다음 backlog
Binance	Simple Earn REST	Http	GET	/sapi/v1/simple-earn/flexible/history/subscriptionRecord	getFlexibleSubscriptionRecord	documented_active	provider_typed	general_adapter_or_provider	해당 없음		not_connected		Unlinked	unreviewed		unreviewed		unreviewed		unreviewed		unreviewed		unreviewed			Unreviewed		원장/감사 queue에 유지; 새 발견은 다음 backlog
Binance	Simple Earn REST	Http	GET	/sapi/v1/simple-earn/flexible/list	getSimpleEarnFlexibleProductList	documented_active	provider_typed	general_adapter_or_provider	해당 없음		not_connected		Unlinked	unreviewed		unreviewed		unreviewed		unreviewed		unreviewed		unreviewed			Unreviewed		원장/감사 queue에 유지; 새 발견은 다음 backlog
Binance	Simple Earn REST	Http	GET	/sapi/v1/simple-earn/flexible/personalLeftQuota	getFlexiblePersonalLeftQuota	documented_active	provider_typed	general_adapter_or_provider	해당 없음		not_connected		Unlinked	unreviewed		unreviewed		unreviewed		unreviewed		unreviewed		unreviewed			Unreviewed		원장/감사 queue에 유지; 새 발견은 다음 backlog
Binance	Simple Earn REST	Http	GET	/sapi/v1/simple-earn/flexible/position	getFlexibleProductPosition	documented_active	provider_typed	general_adapter_or_provider	해당 없음		not_connected		Unlinked	unreviewed		unreviewed		unreviewed		unreviewed		unreviewed		unreviewed			Unreviewed		원장/감사 queue에 유지; 새 발견은 다음 backlog
Binance	Simple Earn REST	Http	GET	/sapi/v1/simple-earn/flexible/subscriptionPreview	getFlexibleSubscriptionPreview	documented_active	provider_typed	general_adapter_or_provider	해당 없음		not_connected		Unlinked	unreviewed		unreviewed		unreviewed		unreviewed		unreviewed		unreviewed			Unreviewed		원장/감사 queue에 유지; 새 발견은 다음 backlog
Binance	Simple Earn REST	Http	GET	/sapi/v1/simple-earn/locked/history/redemptionRecord	getLockedRedemptionRecord	documented_active	provider_typed	general_adapter_or_provider	해당 없음		not_connected		Unlinked	unreviewed		unreviewed		unreviewed		unreviewed		unreviewed		unreviewed			Unreviewed		원장/감사 queue에 유지; 새 발견은 다음 backlog
Binance	Simple Earn REST	Http	GET	/sapi/v1/simple-earn/locked/history/rewardsRecord	getLockedRewardsHistory	documented_active	provider_typed	general_adapter_or_provider	해당 없음		not_connected		Unlinked	unreviewed		unreviewed		unreviewed		unreviewed		unreviewed		unreviewed			Unreviewed		원장/감사 queue에 유지; 새 발견은 다음 backlog
Binance	Simple Earn REST	Http	GET	/sapi/v1/simple-earn/locked/history/subscriptionRecord	getLockedSubscriptionRecord	documented_active	provider_typed	general_adapter_or_provider	해당 없음		not_connected		Unlinked	unreviewed		unreviewed		unreviewed		unreviewed		unreviewed		unreviewed			Unreviewed		원장/감사 queue에 유지; 새 발견은 다음 backlog
Binance	Simple Earn REST	Http	GET	/sapi/v1/simple-earn/locked/list	getSimpleEarnLockedProductList	documented_active	provider_typed	general_adapter_or_provider	해당 없음		not_connected		Unlinked	unreviewed		unreviewed		unreviewed		unreviewed		unreviewed		unreviewed			Unreviewed		원장/감사 queue에 유지; 새 발견은 다음 backlog
Binance	Simple Earn REST	Http	GET	/sapi/v1/simple-earn/locked/personalLeftQuota	getLockedPersonalLeftQuota	documented_active	provider_typed	general_adapter_or_provider	해당 없음		not_connected		Unlinked	unreviewed		unreviewed		unreviewed		unreviewed		unreviewed		unreviewed			Unreviewed		원장/감사 queue에 유지; 새 발견은 다음 backlog
Binance	Simple Earn REST	Http	GET	/sapi/v1/simple-earn/locked/position	getLockedProductPosition	documented_active	provider_typed	general_adapter_or_provider	해당 없음		not_connected		Unlinked	unreviewed		unreviewed		unreviewed		unreviewed		unreviewed		unreviewed			Unreviewed		원장/감사 queue에 유지; 새 발견은 다음 backlog
Binance	Simple Earn REST	Http	GET	/sapi/v1/simple-earn/locked/subscriptionPreview	getLockedSubscriptionPreview	documented_active	provider_typed	general_adapter_or_provider	해당 없음		not_connected		Unlinked	unreviewed		unreviewed		unreviewed		unreviewed		unreviewed		unreviewed			Unreviewed		원장/감사 queue에 유지; 새 발견은 다음 backlog
Binance	Simple Earn REST	Http	POST	/sapi/v1/bfusd/redeem	redeemBfusd	documented_active	provider_typed	general_adapter_or_provider	해당 없음		not_connected		Unlinked	unreviewed		unreviewed		unreviewed		unreviewed		unreviewed		unreviewed			Unreviewed		원장/감사 queue에 유지; 새 발견은 다음 backlog
Binance	Simple Earn REST	Http	POST	/sapi/v1/bfusd/subscribe	subscribeBfusd	documented_active	provider_typed	general_adapter_or_provider	해당 없음		not_connected		Unlinked	unreviewed		unreviewed		unreviewed		unreviewed		unreviewed		unreviewed			Unreviewed		원장/감사 queue에 유지; 새 발견은 다음 backlog
Binance	Simple Earn REST	Http	POST	/sapi/v1/rwusd/redeem	redeemRwusd	documented_active	provider_typed	general_adapter_or_provider	해당 없음		not_connected		Unlinked	unreviewed		unreviewed		unreviewed		unreviewed		unreviewed		unreviewed			Unreviewed		원장/감사 queue에 유지; 새 발견은 다음 backlog
Binance	Simple Earn REST	Http	POST	/sapi/v1/rwusd/subscribe	subscribeRwusd	documented_active	provider_typed	general_adapter_or_provider	해당 없음		not_connected		Unlinked	unreviewed		unreviewed		unreviewed		unreviewed		unreviewed		unreviewed			Unreviewed		원장/감사 queue에 유지; 새 발견은 다음 backlog
Binance	Simple Earn REST	Http	POST	/sapi/v1/simple-earn/flexible/redeem	redeemFlexibleProduct	documented_active	provider_typed	general_adapter_or_provider	해당 없음		not_connected		Unlinked	unreviewed		unreviewed		unreviewed		unreviewed		unreviewed		unreviewed			Unreviewed		원장/감사 queue에 유지; 새 발견은 다음 backlog
Binance	Simple Earn REST	Http	POST	/sapi/v1/simple-earn/flexible/setAutoSubscribe	setFlexibleAutoSubscribe	documented_active	provider_typed	general_adapter_or_provider	해당 없음		not_connected		Unlinked	unreviewed		unreviewed		unreviewed		unreviewed		unreviewed		unreviewed			Unreviewed		원장/감사 queue에 유지; 새 발견은 다음 backlog
Binance	Simple Earn REST	Http	POST	/sapi/v1/simple-earn/flexible/subscribe	subscribeFlexibleProduct	documented_active	provider_typed	general_adapter_or_provider	해당 없음		not_connected		Unlinked	unreviewed		unreviewed		unreviewed		unreviewed		unreviewed		unreviewed			Unreviewed		원장/감사 queue에 유지; 새 발견은 다음 backlog
Binance	Simple Earn REST	Http	POST	/sapi/v1/simple-earn/locked/redeem	redeemLockedProduct	documented_active	provider_typed	general_adapter_or_provider	해당 없음		not_connected		Unlinked	unreviewed		unreviewed		unreviewed		unreviewed		unreviewed		unreviewed			Unreviewed		원장/감사 queue에 유지; 새 발견은 다음 backlog
Binance	Simple Earn REST	Http	POST	/sapi/v1/simple-earn/locked/setAutoSubscribe	setLockedAutoSubscribe	documented_active	provider_typed	general_adapter_or_provider	해당 없음		not_connected		Unlinked	unreviewed		unreviewed		unreviewed		unreviewed		unreviewed		unreviewed			Unreviewed		원장/감사 queue에 유지; 새 발견은 다음 backlog
Binance	Simple Earn REST	Http	POST	/sapi/v1/simple-earn/locked/setRedeemOption	setLockedProductRedeemOption	documented_active	provider_typed	general_adapter_or_provider	해당 없음		not_connected		Unlinked	unreviewed		unreviewed		unreviewed		unreviewed		unreviewed		unreviewed			Unreviewed		원장/감사 queue에 유지; 새 발견은 다음 backlog
Binance	Simple Earn REST	Http	POST	/sapi/v1/simple-earn/locked/subscribe	subscribeLockedProduct	documented_active	provider_typed	general_adapter_or_provider	해당 없음		not_connected		Unlinked	unreviewed		unreviewed		unreviewed		unreviewed		unreviewed		unreviewed			Unreviewed		원장/감사 queue에 유지; 새 발견은 다음 backlog
Binance	Spot Block Matching REST	Http	GET	/sapi/v1/block-match/order/query-open-order	queryOpenOrder	documented_active	provider_typed	general_adapter_or_provider	해당 없음		not_connected		Unlinked	unreviewed		unreviewed		unreviewed		unreviewed		unreviewed		unreviewed			Unreviewed		원장/감사 queue에 유지; 새 발견은 다음 backlog
Binance	Spot Block Matching REST	Http	GET	/sapi/v1/block-match/order/query-order-history	queryOrderHistory	documented_active	provider_typed	general_adapter_or_provider	해당 없음		not_connected		Unlinked	unreviewed		unreviewed		unreviewed		unreviewed		unreviewed		unreviewed			Unreviewed		원장/감사 queue에 유지; 새 발견은 다음 backlog
Binance	Spot Block Matching REST	Http	POST	/sapi/v1/block-match/order/cancel	orderCancel	documented_active	provider_typed	general_adapter_or_provider	해당 없음		not_connected		Unlinked	unreviewed		unreviewed		unreviewed		unreviewed		unreviewed		unreviewed			Unreviewed		원장/감사 queue에 유지; 새 발견은 다음 backlog
Binance	Spot Block Matching REST	Http	POST	/sapi/v1/block-match/order/extend	orderExtend	documented_active	provider_typed	general_adapter_or_provider	해당 없음		not_connected		Unlinked	unreviewed		unreviewed		unreviewed		unreviewed		unreviewed		unreviewed			Unreviewed		원장/감사 queue에 유지; 새 발견은 다음 backlog
Binance	Spot Block Matching REST	Http	POST	/sapi/v1/block-match/order/place	orderPlace	documented_active	provider_typed	general_adapter_or_provider	해당 없음		not_connected		Unlinked	unreviewed		unreviewed		unreviewed		unreviewed		unreviewed		unreviewed			Unreviewed		원장/감사 queue에 유지; 새 발견은 다음 backlog
Binance	Spot Block Matching REST	Http	POST	/sapi/v1/block-match/order/take	orderTake	documented_active	provider_typed	general_adapter_or_provider	해당 없음		not_connected		Unlinked	unreviewed		unreviewed		unreviewed		unreviewed		unreviewed		unreviewed			Unreviewed		원장/감사 queue에 유지; 새 발견은 다음 backlog
Binance	Spot Block Matching REST	Http	POST	/sapi/v1/block-match/symbols	symbols	documented_active	provider_typed	general_adapter_or_provider	해당 없음		not_connected		Unlinked	unreviewed		unreviewed		unreviewed		unreviewed		unreviewed		unreviewed			Unreviewed		원장/감사 queue에 유지; 새 발견은 다음 backlog
Binance	Spot REST	Http	DELETE	/api/v3/openOrders	deleteOpenOrders	documented_active	provider_typed	general_adapter_or_provider	해당 없음	spot.cancel_all_open_orders	connected	bindings/common/src/coverage.rs::OPERATIONS	Implemented	present	src/adapters/binance/mod.rs:610	present	bindings/common/src/schema.rs::binding_schema	present	bindings/python/python/maxt/_generated_contract.py;bindings/dart/lib/src/generated_contract.dart;bindings/typescript/src/generated/contract.ts	present	bindings/python/python/maxt/adapters.py	present	bindings/dart/lib/src/generated_provider_methods.dart	present	bindings/typescript/src/generated/api.ts	Fixture	MechanicallyConnected	cancel_all_open_orders	감사 초안; 의미상 Complete 아님
Binance	Spot REST	Http	DELETE	/api/v3/order	deleteOrder	documented_active	common_existing	general_adapter_or_provider	해당 없음	spot.cancel_order	connected	bindings/common/src/coverage.rs::OPERATIONS	Partial	present	src/adapter.rs:250;src/adapter.rs:256	present	bindings/common/src/schema.rs::binding_schema	present	bindings/python/python/maxt/_generated_contract.py;bindings/dart/lib/src/generated_contract.dart;bindings/typescript/src/generated/contract.ts	present	bindings/python/python/maxt/adapters.py	present	bindings/dart/lib/src/generated_provider_methods.dart	present	bindings/typescript/src/generated/api.ts	Fixture	Partial	cancel_order;cancel_order_by_client_id	원장/감사 queue에 유지; 새 발견은 다음 backlog
Binance	Spot REST	Http	DELETE	/api/v3/orderList	deleteOrderList	documented_active	provider_typed	general_adapter_or_provider	해당 없음		not_connected		Unlinked	unreviewed		unreviewed		unreviewed		unreviewed		unreviewed		unreviewed			Unreviewed		원장/감사 queue에 유지; 새 발견은 다음 backlog
Binance	Spot REST	Http	GET	/api/v3/account	getAccount	documented_active	common_existing	general_adapter_or_provider	해당 없음	spot.account_information	connected	bindings/common/src/coverage.rs::OPERATIONS	Implemented	present	src/adapter.rs:110	present	bindings/common/src/schema.rs::binding_schema	present	bindings/python/python/maxt/_generated_contract.py;bindings/dart/lib/src/generated_contract.dart;bindings/typescript/src/generated/contract.ts	present	bindings/python/python/maxt/adapters.py	present	bindings/dart/lib/src/generated_provider_methods.dart	present	bindings/typescript/src/generated/api.ts	Fixture	MechanicallyConnected	balances	감사 초안; 의미상 Complete 아님
Binance	Spot REST	Http	GET	/api/v3/account/commission	accountCommission	documented_active	provider_typed	general_adapter_or_provider	해당 없음		not_connected		Unlinked	unreviewed		unreviewed		unreviewed		unreviewed		unreviewed		unreviewed			Unreviewed		원장/감사 queue에 유지; 새 발견은 다음 backlog
Binance	Spot REST	Http	GET	/api/v3/aggTrades	aggTrades	documented_active	provider_typed	general_adapter_or_provider	해당 없음	spot.aggregate_trades	connected	bindings/common/src/coverage.rs::OPERATIONS	Partial	present	src/adapters/binance/mod.rs:644	present	bindings/common/src/schema.rs::binding_schema	present	bindings/python/python/maxt/_generated_contract.py;bindings/dart/lib/src/generated_contract.dart;bindings/typescript/src/generated/contract.ts	present	bindings/python/python/maxt/adapters.py	present	bindings/dart/lib/src/generated_provider_methods.dart	present	bindings/typescript/src/generated/api.ts	Fixture	Partial	aggregate_trades	원장/감사 queue에 유지; 새 발견은 다음 backlog
Binance	Spot REST	Http	GET	/api/v3/allOrderList	allOrderList	documented_active	provider_typed	general_adapter_or_provider	해당 없음		not_connected		Unlinked	unreviewed		unreviewed		unreviewed		unreviewed		unreviewed		unreviewed			Unreviewed		원장/감사 queue에 유지; 새 발견은 다음 backlog
Binance	Spot REST	Http	GET	/api/v3/allOrders	allOrders	documented_active	provider_typed	general_adapter_or_provider	해당 없음		not_connected		Unlinked	unreviewed		unreviewed		unreviewed		unreviewed		unreviewed		unreviewed			Unreviewed		원장/감사 queue에 유지; 새 발견은 다음 backlog
Binance	Spot REST	Http	GET	/api/v3/avgPrice	avgPrice	documented_active	provider_typed	general_adapter_or_provider	해당 없음	spot.average_price	connected	bindings/common/src/coverage.rs::OPERATIONS	Implemented	present	src/adapters/binance/mod.rs:618	present	bindings/common/src/schema.rs::binding_schema	present	bindings/python/python/maxt/_generated_contract.py;bindings/dart/lib/src/generated_contract.dart;bindings/typescript/src/generated/contract.ts	present	bindings/python/python/maxt/adapters.py	present	bindings/dart/lib/src/generated_provider_methods.dart	present	bindings/typescript/src/generated/api.ts	Fixture	MechanicallyConnected	spot_average_price	감사 초안; 의미상 Complete 아님
Binance	Spot REST	Http	GET	/api/v3/depth	depth	documented_active	common_existing	general_adapter_or_provider	해당 없음	spot.order_book	connected	bindings/common/src/coverage.rs::OPERATIONS	Implemented	present	src/adapter.rs:56	present	bindings/common/src/schema.rs::binding_schema	present	bindings/python/python/maxt/_generated_contract.py;bindings/dart/lib/src/generated_contract.dart;bindings/typescript/src/generated/contract.ts	present	bindings/python/python/maxt/adapters.py	present	bindings/dart/lib/src/generated_provider_methods.dart	present	bindings/typescript/src/generated/api.ts	LiveRead	MechanicallyConnected	order_book	감사 초안; 의미상 Complete 아님
Binance	Spot REST	Http	GET	/api/v3/exchangeInfo	exchangeInfo	documented_active	common_and_provider	general_adapter_or_provider	해당 없음	spot.exchange_info	connected	bindings/common/src/coverage.rs::OPERATIONS	Implemented	present	src/adapter.rs:44;src/adapters/binance/mod.rs:553	present	bindings/common/src/schema.rs::binding_schema	present	bindings/python/python/maxt/_generated_contract.py;bindings/dart/lib/src/generated_contract.dart;bindings/typescript/src/generated/contract.ts	present	bindings/python/python/maxt/adapters.py	present	bindings/dart/lib/src/generated_provider_methods.dart	present	bindings/typescript/src/generated/api.ts	LiveRead	MechanicallyConnected	markets;spot_symbol_filters	감사 초안; 의미상 Complete 아님
Binance	Spot REST	Http	GET	/api/v3/executionRules	executionRules	documented_active	provider_typed	general_adapter_or_provider	해당 없음		not_connected		Unlinked	unreviewed		unreviewed		unreviewed		unreviewed		unreviewed		unreviewed			Unreviewed		원장/감사 queue에 유지; 새 발견은 다음 backlog
Binance	Spot REST	Http	GET	/api/v3/historicalBlockTrades	historicalBlockTrades	documented_active	provider_typed	general_adapter_or_provider	해당 없음		not_connected		Unlinked	unreviewed		unreviewed		unreviewed		unreviewed		unreviewed		unreviewed			Unreviewed		원장/감사 queue에 유지; 새 발견은 다음 backlog
Binance	Spot REST	Http	GET	/api/v3/historicalTrades	historicalTrades	documented_active	provider_typed	general_adapter_or_provider	해당 없음		not_connected		Unlinked	unreviewed		unreviewed		unreviewed		unreviewed		unreviewed		unreviewed			Unreviewed		원장/감사 queue에 유지; 새 발견은 다음 backlog
Binance	Spot REST	Http	GET	/api/v3/klines	klines	documented_active	common_existing	general_adapter_or_provider	해당 없음	spot.klines	connected	bindings/common/src/coverage.rs::OPERATIONS	Implemented	present	src/adapter.rs:68	present	bindings/common/src/schema.rs::binding_schema	present	bindings/python/python/maxt/_generated_contract.py;bindings/dart/lib/src/generated_contract.dart;bindings/typescript/src/generated/contract.ts	present	bindings/python/python/maxt/adapters.py	present	bindings/dart/lib/src/generated_provider_methods.dart	present	bindings/typescript/src/generated/api.ts	LiveRead	MechanicallyConnected	candles	감사 초안; 의미상 Complete 아님
Binance	Spot REST	Http	GET	/api/v3/myAllocations	myAllocations	documented_active	provider_typed	general_adapter_or_provider	해당 없음		not_connected		Unlinked	unreviewed		unreviewed		unreviewed		unreviewed		unreviewed		unreviewed			Unreviewed		원장/감사 queue에 유지; 새 발견은 다음 backlog
Binance	Spot REST	Http	GET	/api/v3/myFilters	myFilters	documented_active	provider_typed	general_adapter_or_provider	해당 없음		not_connected		Unlinked	unreviewed		unreviewed		unreviewed		unreviewed		unreviewed		unreviewed			Unreviewed		원장/감사 queue에 유지; 새 발견은 다음 backlog
Binance	Spot REST	Http	GET	/api/v3/myPreventedMatches	myPreventedMatches	documented_active	provider_typed	general_adapter_or_provider	해당 없음		not_connected		Unlinked	unreviewed		unreviewed		unreviewed		unreviewed		unreviewed		unreviewed			Unreviewed		원장/감사 queue에 유지; 새 발견은 다음 backlog
Binance	Spot REST	Http	GET	/api/v3/myTrades	myTrades	documented_active	provider_typed	general_adapter_or_provider	해당 없음	spot.account_trades	connected	bindings/common/src/coverage.rs::OPERATIONS	Implemented	present	src/adapters/binance/mod.rs:575	present	bindings/common/src/schema.rs::binding_schema	present	bindings/python/python/maxt/_generated_contract.py;bindings/dart/lib/src/generated_contract.dart;bindings/typescript/src/generated/contract.ts	present	bindings/python/python/maxt/adapters.py	present	bindings/dart/lib/src/generated_provider_methods.dart	present	bindings/typescript/src/generated/api.ts	Fixture	MechanicallyConnected	account_trades	감사 초안; 의미상 Complete 아님
Binance	Spot REST	Http	GET	/api/v3/openOrderList	openOrderList	documented_active	provider_typed	general_adapter_or_provider	해당 없음		not_connected		Unlinked	unreviewed		unreviewed		unreviewed		unreviewed		unreviewed		unreviewed			Unreviewed		원장/감사 queue에 유지; 새 발견은 다음 backlog
Binance	Spot REST	Http	GET	/api/v3/openOrders	getOpenOrders	documented_active	common_existing	general_adapter_or_provider	해당 없음	spot.open_orders	connected	bindings/common/src/coverage.rs::OPERATIONS	Implemented	present	src/adapter.rs:205	present	bindings/common/src/schema.rs::binding_schema	present	bindings/python/python/maxt/_generated_contract.py;bindings/dart/lib/src/generated_contract.dart;bindings/typescript/src/generated/contract.ts	present	bindings/python/python/maxt/adapters.py	present	bindings/dart/lib/src/generated_provider_methods.dart	present	bindings/typescript/src/generated/api.ts	Fixture	MechanicallyConnected	open_orders	감사 초안; 의미상 Complete 아님
Binance	Spot REST	Http	GET	/api/v3/order	getOrder	documented_active	provider_typed	general_adapter_or_provider	해당 없음	spot.query_order	connected	bindings/common/src/coverage.rs::OPERATIONS	Implemented	present	src/adapters/binance/mod.rs:561	present	bindings/common/src/schema.rs::binding_schema	present	bindings/python/python/maxt/_generated_contract.py;bindings/dart/lib/src/generated_contract.dart;bindings/typescript/src/generated/contract.ts	present	bindings/python/python/maxt/adapters.py	present	bindings/dart/lib/src/generated_provider_methods.dart	present	bindings/typescript/src/generated/api.ts	Fixture	MechanicallyConnected	spot_order	감사 초안; 의미상 Complete 아님
Binance	Spot REST	Http	GET	/api/v3/order/amendments	orderAmendments	documented_active	provider_typed	general_adapter_or_provider	해당 없음		not_connected		Unlinked	unreviewed		unreviewed		unreviewed		unreviewed		unreviewed		unreviewed			Unreviewed		원장/감사 queue에 유지; 새 발견은 다음 backlog
Binance	Spot REST	Http	GET	/api/v3/orderList	getOrderList	documented_active	provider_typed	general_adapter_or_provider	해당 없음		not_connected		Unlinked	unreviewed		unreviewed		unreviewed		unreviewed		unreviewed		unreviewed			Unreviewed		원장/감사 queue에 유지; 새 발견은 다음 backlog
Binance	Spot REST	Http	GET	/api/v3/ping	ping	documented_active	provider_typed	general_adapter_or_provider	해당 없음		not_connected		Unlinked	unreviewed		unreviewed		unreviewed		unreviewed		unreviewed		unreviewed			Unreviewed		원장/감사 queue에 유지; 새 발견은 다음 backlog
Binance	Spot REST	Http	GET	/api/v3/rateLimit/order	rateLimitOrder	documented_active	provider_typed	general_adapter_or_provider	해당 없음		not_connected		Unlinked	unreviewed		unreviewed		unreviewed		unreviewed		unreviewed		unreviewed			Unreviewed		원장/감사 queue에 유지; 새 발견은 다음 backlog
Binance	Spot REST	Http	GET	/api/v3/referencePrice	referencePrice	documented_active	provider_typed	general_adapter_or_provider	해당 없음		not_connected		Unlinked	unreviewed		unreviewed		unreviewed		unreviewed		unreviewed		unreviewed			Unreviewed		원장/감사 queue에 유지; 새 발견은 다음 backlog
Binance	Spot REST	Http	GET	/api/v3/referencePrice/calculation	referencePriceCalculation	documented_active	provider_typed	general_adapter_or_provider	해당 없음		not_connected		Unlinked	unreviewed		unreviewed		unreviewed		unreviewed		unreviewed		unreviewed			Unreviewed		원장/감사 queue에 유지; 새 발견은 다음 backlog
Binance	Spot REST	Http	GET	/api/v3/ticker	ticker	documented_active	provider_typed	general_adapter_or_provider	해당 없음		not_connected		Unlinked	unreviewed		unreviewed		unreviewed		unreviewed		unreviewed		unreviewed			Unreviewed		원장/감사 queue에 유지; 새 발견은 다음 backlog
Binance	Spot REST	Http	GET	/api/v3/ticker/24hr	ticker24hr	documented_active	common_existing	general_adapter_or_provider	해당 없음	spot.ticker_24hr	connected	bindings/common/src/coverage.rs::OPERATIONS	Implemented	present	src/adapter.rs:62	present	bindings/common/src/schema.rs::binding_schema	present	bindings/python/python/maxt/_generated_contract.py;bindings/dart/lib/src/generated_contract.dart;bindings/typescript/src/generated/contract.ts	present	bindings/python/python/maxt/adapters.py	present	bindings/dart/lib/src/generated_provider_methods.dart	present	bindings/typescript/src/generated/api.ts	LiveRead	MechanicallyConnected	ticker	감사 초안; 의미상 Complete 아님
Binance	Spot REST	Http	GET	/api/v3/ticker/bookTicker	tickerBookTicker	documented_active	provider_typed	general_adapter_or_provider	해당 없음		not_connected		Unlinked	unreviewed		unreviewed		unreviewed		unreviewed		unreviewed		unreviewed			Unreviewed		원장/감사 queue에 유지; 새 발견은 다음 backlog
Binance	Spot REST	Http	GET	/api/v3/ticker/price	tickerPrice	documented_active	provider_typed	general_adapter_or_provider	해당 없음		not_connected		Unlinked	unreviewed		unreviewed		unreviewed		unreviewed		unreviewed		unreviewed			Unreviewed		원장/감사 queue에 유지; 새 발견은 다음 backlog
Binance	Spot REST	Http	GET	/api/v3/ticker/tradingDay	tickerTradingDay	documented_active	provider_typed	general_adapter_or_provider	해당 없음		not_connected		Unlinked	unreviewed		unreviewed		unreviewed		unreviewed		unreviewed		unreviewed			Unreviewed		원장/감사 queue에 유지; 새 발견은 다음 backlog
Binance	Spot REST	Http	GET	/api/v3/time	time	documented_active	provider_typed	general_adapter_or_provider	해당 없음		not_connected		Unlinked	unreviewed		unreviewed		unreviewed		unreviewed		unreviewed		unreviewed			Unreviewed		원장/감사 queue에 유지; 새 발견은 다음 backlog
Binance	Spot REST	Http	GET	/api/v3/trades	getTrades	documented_active	common_existing	general_adapter_or_provider	해당 없음	spot.recent_trades	connected	bindings/common/src/coverage.rs::OPERATIONS	Implemented	present	src/adapter.rs:50	present	bindings/common/src/schema.rs::binding_schema	present	bindings/python/python/maxt/_generated_contract.py;bindings/dart/lib/src/generated_contract.dart;bindings/typescript/src/generated/contract.ts	present	bindings/python/python/maxt/adapters.py	present	bindings/dart/lib/src/generated_provider_methods.dart	present	bindings/typescript/src/generated/api.ts	LiveRead	MechanicallyConnected	trades	감사 초안; 의미상 Complete 아님
Binance	Spot REST	Http	GET	/api/v3/uiKlines	uiKlines	documented_active	provider_typed	general_adapter_or_provider	해당 없음		not_connected		Unlinked	unreviewed		unreviewed		unreviewed		unreviewed		unreviewed		unreviewed			Unreviewed		원장/감사 queue에 유지; 새 발견은 다음 backlog
Binance	Spot REST	Http	POST	/api/v3/order	newOrder	documented_active	common_existing	general_adapter_or_provider	해당 없음	spot.new_order	connected	bindings/common/src/coverage.rs::OPERATIONS	Partial	present	src/adapter.rs:244	present	bindings/common/src/schema.rs::binding_schema	present	bindings/python/python/maxt/_generated_contract.py;bindings/dart/lib/src/generated_contract.dart;bindings/typescript/src/generated/contract.ts	present	bindings/python/python/maxt/adapters.py	present	bindings/dart/lib/src/generated_provider_methods.dart	present	bindings/typescript/src/generated/api.ts	Fixture	Partial	place_order	원장/감사 queue에 유지; 새 발견은 다음 backlog
Binance	Spot REST	Http	POST	/api/v3/order/cancelReplace	orderCancelReplace	documented_active	provider_typed	general_adapter_or_provider	해당 없음		not_connected		Unlinked	unreviewed		unreviewed		unreviewed		unreviewed		unreviewed		unreviewed			Unreviewed		원장/감사 queue에 유지; 새 발견은 다음 backlog
Binance	Spot REST	Http	POST	/api/v3/order/test	orderTest	documented_active	provider_typed	general_adapter_or_provider	해당 없음	spot.test_order	connected	bindings/common/src/coverage.rs::OPERATIONS	Implemented	present	src/adapters/binance/mod.rs:601	present	bindings/common/src/schema.rs::binding_schema	present	bindings/python/python/maxt/_generated_contract.py;bindings/dart/lib/src/generated_contract.dart;bindings/typescript/src/generated/contract.ts	present	bindings/python/python/maxt/adapters.py	present	bindings/dart/lib/src/generated_provider_methods.dart	present	bindings/typescript/src/generated/api.ts	Fixture	MechanicallyConnected	test_order	감사 초안; 의미상 Complete 아님
Binance	Spot REST	Http	POST	/api/v3/orderList/oco	orderListOco	documented_active	provider_typed	general_adapter_or_provider	해당 없음		not_connected		Unlinked	unreviewed		unreviewed		unreviewed		unreviewed		unreviewed		unreviewed			Unreviewed		원장/감사 queue에 유지; 새 발견은 다음 backlog
Binance	Spot REST	Http	POST	/api/v3/orderList/opo	orderListOpo	documented_active	provider_typed	general_adapter_or_provider	해당 없음		not_connected		Unlinked	unreviewed		unreviewed		unreviewed		unreviewed		unreviewed		unreviewed			Unreviewed		원장/감사 queue에 유지; 새 발견은 다음 backlog
Binance	Spot REST	Http	POST	/api/v3/orderList/opoco	orderListOpoco	documented_active	provider_typed	general_adapter_or_provider	해당 없음		not_connected		Unlinked	unreviewed		unreviewed		unreviewed		unreviewed		unreviewed		unreviewed			Unreviewed		원장/감사 queue에 유지; 새 발견은 다음 backlog
Binance	Spot REST	Http	POST	/api/v3/orderList/oto	orderListOto	documented_active	provider_typed	general_adapter_or_provider	해당 없음		not_connected		Unlinked	unreviewed		unreviewed		unreviewed		unreviewed		unreviewed		unreviewed			Unreviewed		원장/감사 queue에 유지; 새 발견은 다음 backlog
Binance	Spot REST	Http	POST	/api/v3/orderList/otoco	orderListOtoco	documented_active	provider_typed	general_adapter_or_provider	해당 없음		not_connected		Unlinked	unreviewed		unreviewed		unreviewed		unreviewed		unreviewed		unreviewed			Unreviewed		원장/감사 queue에 유지; 새 발견은 다음 backlog
Binance	Spot REST	Http	POST	/api/v3/sor/order	sorOrder	documented_active	provider_typed	general_adapter_or_provider	해당 없음		not_connected		Unlinked	unreviewed		unreviewed		unreviewed		unreviewed		unreviewed		unreviewed			Unreviewed		원장/감사 queue에 유지; 새 발견은 다음 backlog
Binance	Spot REST	Http	POST	/api/v3/sor/order/test	sorOrderTest	documented_active	provider_typed	general_adapter_or_provider	해당 없음		not_connected		Unlinked	unreviewed		unreviewed		unreviewed		unreviewed		unreviewed		unreviewed			Unreviewed		원장/감사 queue에 유지; 새 발견은 다음 backlog
Binance	Spot REST	Http	PUT	/api/v3/order/amend/keepPriority	orderAmendKeepPriority	documented_active	provider_typed	general_adapter_or_provider	해당 없음		not_connected		Unlinked	unreviewed		unreviewed		unreviewed		unreviewed		unreviewed		unreviewed			Unreviewed		원장/감사 queue에 유지; 새 발견은 다음 backlog
Binance	Spot WebSocket	WebSocketRequest	POST	/account.commission	accountCommission	documented_active	provider_typed	general_adapter_or_provider	해당 없음		not_connected		Unlinked	unreviewed		unreviewed		unreviewed		unreviewed		unreviewed		unreviewed			Unreviewed		원장/감사 queue에 유지; 새 발견은 다음 backlog
Binance	Spot WebSocket	WebSocketRequest	POST	/account.rateLimits.orders	accountRateLimitsOrders	documented_active	provider_typed	general_adapter_or_provider	해당 없음		not_connected		Unlinked	unreviewed		unreviewed		unreviewed		unreviewed		unreviewed		unreviewed			Unreviewed		원장/감사 queue에 유지; 새 발견은 다음 backlog
Binance	Spot WebSocket	WebSocketRequest	POST	/account.status	accountStatus	documented_active	provider_typed	general_adapter_or_provider	해당 없음		not_connected		Unlinked	unreviewed		unreviewed		unreviewed		unreviewed		unreviewed		unreviewed			Unreviewed		원장/감사 queue에 유지; 새 발견은 다음 backlog
Binance	Spot WebSocket	WebSocketRequest	POST	/allOrderLists	allOrderLists	documented_active	provider_typed	general_adapter_or_provider	해당 없음		not_connected		Unlinked	unreviewed		unreviewed		unreviewed		unreviewed		unreviewed		unreviewed			Unreviewed		원장/감사 queue에 유지; 새 발견은 다음 backlog
Binance	Spot WebSocket	WebSocketRequest	POST	/allOrders	allOrders	documented_active	provider_typed	general_adapter_or_provider	해당 없음		not_connected		Unlinked	unreviewed		unreviewed		unreviewed		unreviewed		unreviewed		unreviewed			Unreviewed		원장/감사 queue에 유지; 새 발견은 다음 backlog
Binance	Spot WebSocket	WebSocketRequest	POST	/avgPrice	avgPrice	documented_active	provider_typed	general_adapter_or_provider	해당 없음		not_connected		Unlinked	unreviewed		unreviewed		unreviewed		unreviewed		unreviewed		unreviewed			Unreviewed		원장/감사 queue에 유지; 새 발견은 다음 backlog
Binance	Spot WebSocket	WebSocketRequest	POST	/blockTrades.historical	blockTradesHistorical	documented_active	provider_typed	general_adapter_or_provider	해당 없음		not_connected		Unlinked	unreviewed		unreviewed		unreviewed		unreviewed		unreviewed		unreviewed			Unreviewed		원장/감사 queue에 유지; 새 발견은 다음 backlog
Binance	Spot WebSocket	WebSocketRequest	POST	/depth	depth	documented_active	provider_typed	general_adapter_or_provider	해당 없음		not_connected		Unlinked	unreviewed		unreviewed		unreviewed		unreviewed		unreviewed		unreviewed			Unreviewed		원장/감사 queue에 유지; 새 발견은 다음 backlog
Binance	Spot WebSocket	WebSocketRequest	POST	/exchangeInfo	exchangeInfo	documented_active	provider_typed	general_adapter_or_provider	해당 없음		not_connected		Unlinked	unreviewed		unreviewed		unreviewed		unreviewed		unreviewed		unreviewed			Unreviewed		원장/감사 queue에 유지; 새 발견은 다음 backlog
Binance	Spot WebSocket	WebSocketRequest	POST	/executionRules	executionRules	documented_active	provider_typed	general_adapter_or_provider	해당 없음		not_connected		Unlinked	unreviewed		unreviewed		unreviewed		unreviewed		unreviewed		unreviewed			Unreviewed		원장/감사 queue에 유지; 새 발견은 다음 backlog
Binance	Spot WebSocket	WebSocketRequest	POST	/klines	klines	documented_active	provider_typed	general_adapter_or_provider	해당 없음		not_connected		Unlinked	unreviewed		unreviewed		unreviewed		unreviewed		unreviewed		unreviewed			Unreviewed		원장/감사 queue에 유지; 새 발견은 다음 backlog
Binance	Spot WebSocket	WebSocketRequest	POST	/myAllocations	myAllocations	documented_active	provider_typed	general_adapter_or_provider	해당 없음		not_connected		Unlinked	unreviewed		unreviewed		unreviewed		unreviewed		unreviewed		unreviewed			Unreviewed		원장/감사 queue에 유지; 새 발견은 다음 backlog
Binance	Spot WebSocket	WebSocketRequest	POST	/myFilters	myFilters	documented_active	provider_typed	general_adapter_or_provider	해당 없음		not_connected		Unlinked	unreviewed		unreviewed		unreviewed		unreviewed		unreviewed		unreviewed			Unreviewed		원장/감사 queue에 유지; 새 발견은 다음 backlog
Binance	Spot WebSocket	WebSocketRequest	POST	/myPreventedMatches	myPreventedMatches	documented_active	provider_typed	general_adapter_or_provider	해당 없음		not_connected		Unlinked	unreviewed		unreviewed		unreviewed		unreviewed		unreviewed		unreviewed			Unreviewed		원장/감사 queue에 유지; 새 발견은 다음 backlog
Binance	Spot WebSocket	WebSocketRequest	POST	/myTrades	myTrades	documented_active	provider_typed	general_adapter_or_provider	해당 없음		not_connected		Unlinked	unreviewed		unreviewed		unreviewed		unreviewed		unreviewed		unreviewed			Unreviewed		원장/감사 queue에 유지; 새 발견은 다음 backlog
Binance	Spot WebSocket	WebSocketRequest	POST	/openOrderLists.status	openOrderListsStatus	documented_active	provider_typed	general_adapter_or_provider	해당 없음		not_connected		Unlinked	unreviewed		unreviewed		unreviewed		unreviewed		unreviewed		unreviewed			Unreviewed		원장/감사 queue에 유지; 새 발견은 다음 backlog
Binance	Spot WebSocket	WebSocketRequest	POST	/openOrders.cancelAll	openOrdersCancelAll	documented_active	provider_typed	general_adapter_or_provider	해당 없음		not_connected		Unlinked	unreviewed		unreviewed		unreviewed		unreviewed		unreviewed		unreviewed			Unreviewed		원장/감사 queue에 유지; 새 발견은 다음 backlog
Binance	Spot WebSocket	WebSocketRequest	POST	/openOrders.status	openOrdersStatus	documented_active	provider_typed	general_adapter_or_provider	해당 없음		not_connected		Unlinked	unreviewed		unreviewed		unreviewed		unreviewed		unreviewed		unreviewed			Unreviewed		원장/감사 queue에 유지; 새 발견은 다음 backlog
Binance	Spot WebSocket	WebSocketRequest	POST	/order.amend.keepPriority	orderAmendKeepPriority	documented_active	provider_typed	general_adapter_or_provider	해당 없음		not_connected		Unlinked	unreviewed		unreviewed		unreviewed		unreviewed		unreviewed		unreviewed			Unreviewed		원장/감사 queue에 유지; 새 발견은 다음 backlog
Binance	Spot WebSocket	WebSocketRequest	POST	/order.amendments	orderAmendments	documented_active	provider_typed	general_adapter_or_provider	해당 없음		not_connected		Unlinked	unreviewed		unreviewed		unreviewed		unreviewed		unreviewed		unreviewed			Unreviewed		원장/감사 queue에 유지; 새 발견은 다음 backlog
Binance	Spot WebSocket	WebSocketRequest	POST	/order.cancel	orderCancel	documented_active	provider_typed	general_adapter_or_provider	해당 없음		not_connected		Unlinked	unreviewed		unreviewed		unreviewed		unreviewed		unreviewed		unreviewed			Unreviewed		원장/감사 queue에 유지; 새 발견은 다음 backlog
Binance	Spot WebSocket	WebSocketRequest	POST	/order.cancelReplace	orderCancelReplace	documented_active	provider_typed	general_adapter_or_provider	해당 없음		not_connected		Unlinked	unreviewed		unreviewed		unreviewed		unreviewed		unreviewed		unreviewed			Unreviewed		원장/감사 queue에 유지; 새 발견은 다음 backlog
Binance	Spot WebSocket	WebSocketRequest	POST	/order.place	orderPlace	documented_active	provider_typed	general_adapter_or_provider	해당 없음		not_connected		Unlinked	unreviewed		unreviewed		unreviewed		unreviewed		unreviewed		unreviewed			Unreviewed		원장/감사 queue에 유지; 새 발견은 다음 backlog
Binance	Spot WebSocket	WebSocketRequest	POST	/order.status	orderStatus	documented_active	provider_typed	general_adapter_or_provider	해당 없음		not_connected		Unlinked	unreviewed		unreviewed		unreviewed		unreviewed		unreviewed		unreviewed			Unreviewed		원장/감사 queue에 유지; 새 발견은 다음 backlog
Binance	Spot WebSocket	WebSocketRequest	POST	/order.test	orderTest	documented_active	provider_typed	general_adapter_or_provider	해당 없음		not_connected		Unlinked	unreviewed		unreviewed		unreviewed		unreviewed		unreviewed		unreviewed			Unreviewed		원장/감사 queue에 유지; 새 발견은 다음 backlog
Binance	Spot WebSocket	WebSocketRequest	POST	/orderList.cancel	orderListCancel	documented_active	provider_typed	general_adapter_or_provider	해당 없음		not_connected		Unlinked	unreviewed		unreviewed		unreviewed		unreviewed		unreviewed		unreviewed			Unreviewed		원장/감사 queue에 유지; 새 발견은 다음 backlog
Binance	Spot WebSocket	WebSocketRequest	POST	/orderList.place.oco	orderListPlaceOco	documented_active	provider_typed	general_adapter_or_provider	해당 없음		not_connected		Unlinked	unreviewed		unreviewed		unreviewed		unreviewed		unreviewed		unreviewed			Unreviewed		원장/감사 queue에 유지; 새 발견은 다음 backlog
Binance	Spot WebSocket	WebSocketRequest	POST	/orderList.place.opo	orderListPlaceOpo	documented_active	provider_typed	general_adapter_or_provider	해당 없음		not_connected		Unlinked	unreviewed		unreviewed		unreviewed		unreviewed		unreviewed		unreviewed			Unreviewed		원장/감사 queue에 유지; 새 발견은 다음 backlog
Binance	Spot WebSocket	WebSocketRequest	POST	/orderList.place.opoco	orderListPlaceOpoco	documented_active	provider_typed	general_adapter_or_provider	해당 없음		not_connected		Unlinked	unreviewed		unreviewed		unreviewed		unreviewed		unreviewed		unreviewed			Unreviewed		원장/감사 queue에 유지; 새 발견은 다음 backlog
Binance	Spot WebSocket	WebSocketRequest	POST	/orderList.place.oto	orderListPlaceOto	documented_active	provider_typed	general_adapter_or_provider	해당 없음		not_connected		Unlinked	unreviewed		unreviewed		unreviewed		unreviewed		unreviewed		unreviewed			Unreviewed		원장/감사 queue에 유지; 새 발견은 다음 backlog
Binance	Spot WebSocket	WebSocketRequest	POST	/orderList.place.otoco	orderListPlaceOtoco	documented_active	provider_typed	general_adapter_or_provider	해당 없음		not_connected		Unlinked	unreviewed		unreviewed		unreviewed		unreviewed		unreviewed		unreviewed			Unreviewed		원장/감사 queue에 유지; 새 발견은 다음 backlog
Binance	Spot WebSocket	WebSocketRequest	POST	/orderList.status	orderListStatus	documented_active	provider_typed	general_adapter_or_provider	해당 없음		not_connected		Unlinked	unreviewed		unreviewed		unreviewed		unreviewed		unreviewed		unreviewed			Unreviewed		원장/감사 queue에 유지; 새 발견은 다음 backlog
Binance	Spot WebSocket	WebSocketRequest	POST	/ping	ping	documented_active	provider_typed	general_adapter_or_provider	해당 없음		not_connected		Unlinked	unreviewed		unreviewed		unreviewed		unreviewed		unreviewed		unreviewed			Unreviewed		원장/감사 queue에 유지; 새 발견은 다음 backlog
Binance	Spot WebSocket	WebSocketRequest	POST	/referencePrice	referencePrice	documented_active	provider_typed	general_adapter_or_provider	해당 없음		not_connected		Unlinked	unreviewed		unreviewed		unreviewed		unreviewed		unreviewed		unreviewed			Unreviewed		원장/감사 queue에 유지; 새 발견은 다음 backlog
Binance	Spot WebSocket	WebSocketRequest	POST	/referencePrice.calculation	referencePriceCalculation	documented_active	provider_typed	general_adapter_or_provider	해당 없음		not_connected		Unlinked	unreviewed		unreviewed		unreviewed		unreviewed		unreviewed		unreviewed			Unreviewed		원장/감사 queue에 유지; 새 발견은 다음 backlog
Binance	Spot WebSocket	WebSocketRequest	POST	/session.logon	sessionLogon	documented_active	provider_typed	general_adapter_or_provider	해당 없음		not_connected		Unlinked	unreviewed		unreviewed		unreviewed		unreviewed		unreviewed		unreviewed			Unreviewed		원장/감사 queue에 유지; 새 발견은 다음 backlog
Binance	Spot WebSocket	WebSocketRequest	POST	/session.logout	sessionLogout	documented_active	provider_typed	general_adapter_or_provider	해당 없음		not_connected		Unlinked	unreviewed		unreviewed		unreviewed		unreviewed		unreviewed		unreviewed			Unreviewed		원장/감사 queue에 유지; 새 발견은 다음 backlog
Binance	Spot WebSocket	WebSocketRequest	POST	/session.status	sessionStatus	documented_active	provider_typed	general_adapter_or_provider	해당 없음		not_connected		Unlinked	unreviewed		unreviewed		unreviewed		unreviewed		unreviewed		unreviewed			Unreviewed		원장/감사 queue에 유지; 새 발견은 다음 backlog
Binance	Spot WebSocket	WebSocketRequest	POST	/session.subscriptions	sessionSubscriptions	documented_active	provider_typed	general_adapter_or_provider	해당 없음		not_connected		Unlinked	unreviewed		unreviewed		unreviewed		unreviewed		unreviewed		unreviewed			Unreviewed		원장/감사 queue에 유지; 새 발견은 다음 backlog
Binance	Spot WebSocket	WebSocketRequest	POST	/sor.order.place	sorOrderPlace	documented_active	provider_typed	general_adapter_or_provider	해당 없음		not_connected		Unlinked	unreviewed		unreviewed		unreviewed		unreviewed		unreviewed		unreviewed			Unreviewed		원장/감사 queue에 유지; 새 발견은 다음 backlog
Binance	Spot WebSocket	WebSocketRequest	POST	/sor.order.test	sorOrderTest	documented_active	provider_typed	general_adapter_or_provider	해당 없음		not_connected		Unlinked	unreviewed		unreviewed		unreviewed		unreviewed		unreviewed		unreviewed			Unreviewed		원장/감사 queue에 유지; 새 발견은 다음 backlog
Binance	Spot WebSocket	WebSocketRequest	POST	/ticker	ticker	documented_active	provider_typed	general_adapter_or_provider	해당 없음		not_connected		Unlinked	unreviewed		unreviewed		unreviewed		unreviewed		unreviewed		unreviewed			Unreviewed		원장/감사 queue에 유지; 새 발견은 다음 backlog
Binance	Spot WebSocket	WebSocketRequest	POST	/ticker.24hr	ticker24hr	documented_active	provider_typed	general_adapter_or_provider	해당 없음		not_connected		Unlinked	unreviewed		unreviewed		unreviewed		unreviewed		unreviewed		unreviewed			Unreviewed		원장/감사 queue에 유지; 새 발견은 다음 backlog
Binance	Spot WebSocket	WebSocketRequest	POST	/ticker.book	tickerBook	documented_active	provider_typed	general_adapter_or_provider	해당 없음		not_connected		Unlinked	unreviewed		unreviewed		unreviewed		unreviewed		unreviewed		unreviewed			Unreviewed		원장/감사 queue에 유지; 새 발견은 다음 backlog
Binance	Spot WebSocket	WebSocketRequest	POST	/ticker.price	tickerPrice	documented_active	provider_typed	general_adapter_or_provider	해당 없음		not_connected		Unlinked	unreviewed		unreviewed		unreviewed		unreviewed		unreviewed		unreviewed			Unreviewed		원장/감사 queue에 유지; 새 발견은 다음 backlog
Binance	Spot WebSocket	WebSocketRequest	POST	/ticker.tradingDay	tickerTradingDay	documented_active	provider_typed	general_adapter_or_provider	해당 없음		not_connected		Unlinked	unreviewed		unreviewed		unreviewed		unreviewed		unreviewed		unreviewed			Unreviewed		원장/감사 queue에 유지; 새 발견은 다음 backlog
Binance	Spot WebSocket	WebSocketRequest	POST	/time	time	documented_active	provider_typed	general_adapter_or_provider	해당 없음		not_connected		Unlinked	unreviewed		unreviewed		unreviewed		unreviewed		unreviewed		unreviewed			Unreviewed		원장/감사 queue에 유지; 새 발견은 다음 backlog
Binance	Spot WebSocket	WebSocketRequest	POST	/trades.aggregate	tradesAggregate	documented_active	provider_typed	general_adapter_or_provider	해당 없음		not_connected		Unlinked	unreviewed		unreviewed		unreviewed		unreviewed		unreviewed		unreviewed			Unreviewed		원장/감사 queue에 유지; 새 발견은 다음 backlog
Binance	Spot WebSocket	WebSocketRequest	POST	/trades.historical	tradesHistorical	documented_active	provider_typed	general_adapter_or_provider	해당 없음		not_connected		Unlinked	unreviewed		unreviewed		unreviewed		unreviewed		unreviewed		unreviewed			Unreviewed		원장/감사 queue에 유지; 새 발견은 다음 backlog
Binance	Spot WebSocket	WebSocketRequest	POST	/trades.recent	tradesRecent	documented_active	provider_typed	general_adapter_or_provider	해당 없음		not_connected		Unlinked	unreviewed		unreviewed		unreviewed		unreviewed		unreviewed		unreviewed			Unreviewed		원장/감사 queue에 유지; 새 발견은 다음 backlog
Binance	Spot WebSocket	WebSocketRequest	POST	/uiKlines	uiKlines	documented_active	provider_typed	general_adapter_or_provider	해당 없음		not_connected		Unlinked	unreviewed		unreviewed		unreviewed		unreviewed		unreviewed		unreviewed			Unreviewed		원장/감사 queue에 유지; 새 발견은 다음 backlog
Binance	Spot WebSocket	WebSocketRequest	POST	/userDataStream.subscribe	userDataStreamSubscribe	documented_active	provider_typed	general_adapter_or_provider	해당 없음		not_connected		Unlinked	unreviewed		unreviewed		unreviewed		unreviewed		unreviewed		unreviewed			Unreviewed		원장/감사 queue에 유지; 새 발견은 다음 backlog
Binance	Spot WebSocket	WebSocketRequest	POST	/userDataStream.subscribe.signature	userDataStreamSubscribeSignature	documented_active	common_existing	general_adapter_or_provider	해당 없음	spot.user_data_stream_signature	connected	bindings/common/src/coverage.rs::OPERATIONS	Partial	present	src/adapter.rs:238	present	bindings/common/src/schema.rs::binding_schema	present	bindings/python/python/maxt/_generated_contract.py;bindings/dart/lib/src/generated_contract.dart;bindings/typescript/src/generated/contract.ts	present	bindings/python/python/maxt/adapters.py	present	bindings/dart/lib/src/generated_provider_methods.dart	present	bindings/typescript/src/generated/api.ts	Fixture	Partial	subscribe_account	원장/감사 queue에 유지; 새 발견은 다음 backlog
Binance	Spot WebSocket	WebSocketRequest	POST	/userDataStream.unsubscribe	userDataStreamUnsubscribe	documented_active	provider_typed	general_adapter_or_provider	해당 없음		not_connected		Unlinked	unreviewed		unreviewed		unreviewed		unreviewed		unreviewed		unreviewed			Unreviewed		원장/감사 queue에 유지; 새 발견은 다음 backlog
Binance	Spot WebSocket Market Streams	WebSocketStream	POST	/!miniTicker@arr	allMiniTicker	documented_active	provider_typed	general_adapter_or_provider	해당 없음		not_connected		Unlinked	unreviewed		unreviewed		unreviewed		unreviewed		unreviewed		unreviewed			Unreviewed		원장/감사 queue에 유지; 새 발견은 다음 backlog
Binance	Spot WebSocket Market Streams	WebSocketStream	POST	/!ticker_{windowSize}@arr	allMarketRollingWindowTicker	documented_active	provider_typed	general_adapter_or_provider	해당 없음		not_connected		Unlinked	unreviewed		unreviewed		unreviewed		unreviewed		unreviewed		unreviewed			Unreviewed		원장/감사 queue에 유지; 새 발견은 다음 backlog
Binance	Spot WebSocket Market Streams	WebSocketStream	POST	/{symbol}@aggTrade	aggTrade	documented_active	provider_typed	general_adapter_or_provider	해당 없음		not_connected		Unlinked	unreviewed		unreviewed		unreviewed		unreviewed		unreviewed		unreviewed			Unreviewed		원장/감사 queue에 유지; 새 발견은 다음 backlog
Binance	Spot WebSocket Market Streams	WebSocketStream	POST	/{symbol}@avgPrice	avgPrice	documented_active	provider_typed	general_adapter_or_provider	해당 없음		not_connected		Unlinked	unreviewed		unreviewed		unreviewed		unreviewed		unreviewed		unreviewed			Unreviewed		원장/감사 queue에 유지; 새 발견은 다음 backlog
Binance	Spot WebSocket Market Streams	WebSocketStream	POST	/{symbol}@blockTrade	blockTrade	documented_active	provider_typed	general_adapter_or_provider	해당 없음		not_connected		Unlinked	unreviewed		unreviewed		unreviewed		unreviewed		unreviewed		unreviewed			Unreviewed		원장/감사 queue에 유지; 새 발견은 다음 backlog
Binance	Spot WebSocket Market Streams	WebSocketStream	POST	/{symbol}@bookTicker	bookTicker	documented_active	provider_typed	general_adapter_or_provider	해당 없음		not_connected		Unlinked	unreviewed		unreviewed		unreviewed		unreviewed		unreviewed		unreviewed			Unreviewed		원장/감사 queue에 유지; 새 발견은 다음 backlog
Binance	Spot WebSocket Market Streams	WebSocketStream	POST	/{symbol}@depth@{updateSpeed}	diffBookDepth	documented_active	provider_typed	general_adapter_or_provider	해당 없음		not_connected		Unlinked	unreviewed		unreviewed		unreviewed		unreviewed		unreviewed		unreviewed			Unreviewed		원장/감사 queue에 유지; 새 발견은 다음 backlog
Binance	Spot WebSocket Market Streams	WebSocketStream	POST	/{symbol}@depth{levels}@{updateSpeed}	partialBookDepth	documented_active	common_existing	general_adapter_or_provider	해당 없음	spot.partial_book_depth_stream	connected	bindings/common/src/coverage.rs::OPERATIONS	Partial	present	src/adapter.rs:78	present	bindings/common/src/schema.rs::binding_schema	present	bindings/python/python/maxt/_generated_contract.py;bindings/dart/lib/src/generated_contract.dart;bindings/typescript/src/generated/contract.ts	present	bindings/python/python/maxt/adapters.py	present	bindings/dart/lib/src/generated_provider_methods.dart	present	bindings/typescript/src/generated/api.ts	LiveRead	Partial	subscribe	원장/감사 queue에 유지; 새 발견은 다음 backlog
Binance	Spot WebSocket Market Streams	WebSocketStream	POST	/{symbol}@kline_{interval}	kline	documented_active	common_existing	general_adapter_or_provider	해당 없음	spot.kline_stream	connected	bindings/common/src/coverage.rs::OPERATIONS	Partial	present	src/adapter.rs:78	present	bindings/common/src/schema.rs::binding_schema	present	bindings/python/python/maxt/_generated_contract.py;bindings/dart/lib/src/generated_contract.dart;bindings/typescript/src/generated/contract.ts	present	bindings/python/python/maxt/adapters.py	present	bindings/dart/lib/src/generated_provider_methods.dart	present	bindings/typescript/src/generated/api.ts	LiveRead	Partial	subscribe	원장/감사 queue에 유지; 새 발견은 다음 backlog
Binance	Spot WebSocket Market Streams	WebSocketStream	POST	/{symbol}@kline_{interval}@+08:00	klineOffset	documented_active	provider_typed	general_adapter_or_provider	해당 없음		not_connected		Unlinked	unreviewed		unreviewed		unreviewed		unreviewed		unreviewed		unreviewed			Unreviewed		원장/감사 queue에 유지; 새 발견은 다음 backlog
Binance	Spot WebSocket Market Streams	WebSocketStream	POST	/{symbol}@miniTicker	miniTicker	documented_active	provider_typed	general_adapter_or_provider	해당 없음		not_connected		Unlinked	unreviewed		unreviewed		unreviewed		unreviewed		unreviewed		unreviewed			Unreviewed		원장/감사 queue에 유지; 새 발견은 다음 backlog
Binance	Spot WebSocket Market Streams	WebSocketStream	POST	/{symbol}@referencePrice	referencePrice	documented_active	provider_typed	general_adapter_or_provider	해당 없음		not_connected		Unlinked	unreviewed		unreviewed		unreviewed		unreviewed		unreviewed		unreviewed			Unreviewed		원장/감사 queue에 유지; 새 발견은 다음 backlog
Binance	Spot WebSocket Market Streams	WebSocketStream	POST	/{symbol}@ticker	ticker	documented_active	common_existing	general_adapter_or_provider	해당 없음	spot.ticker_stream	connected	bindings/common/src/coverage.rs::OPERATIONS	Partial	present	src/adapter.rs:78	present	bindings/common/src/schema.rs::binding_schema	present	bindings/python/python/maxt/_generated_contract.py;bindings/dart/lib/src/generated_contract.dart;bindings/typescript/src/generated/contract.ts	present	bindings/python/python/maxt/adapters.py	present	bindings/dart/lib/src/generated_provider_methods.dart	present	bindings/typescript/src/generated/api.ts	LiveRead	Partial	subscribe	원장/감사 queue에 유지; 새 발견은 다음 backlog
Binance	Spot WebSocket Market Streams	WebSocketStream	POST	/{symbol}@ticker_{windowSize}	rollingWindowTicker	documented_active	provider_typed	general_adapter_or_provider	해당 없음		not_connected		Unlinked	unreviewed		unreviewed		unreviewed		unreviewed		unreviewed		unreviewed			Unreviewed		원장/감사 queue에 유지; 새 발견은 다음 backlog
Binance	Spot WebSocket Market Streams	WebSocketStream	POST	/{symbol}@trade	trade	documented_active	common_existing	general_adapter_or_provider	해당 없음	spot.trade_stream	connected	bindings/common/src/coverage.rs::OPERATIONS	Partial	present	src/adapter.rs:78	present	bindings/common/src/schema.rs::binding_schema	present	bindings/python/python/maxt/_generated_contract.py;bindings/dart/lib/src/generated_contract.dart;bindings/typescript/src/generated/contract.ts	present	bindings/python/python/maxt/adapters.py	present	bindings/dart/lib/src/generated_provider_methods.dart	present	bindings/typescript/src/generated/api.ts	LiveRead	Partial	subscribe	원장/감사 queue에 유지; 새 발견은 다음 backlog
Binance	Staking REST	Http	GET	/sapi/v1/eth-staking/eth/history/rateHistory	getWbethRateHistory	documented_active	provider_typed	general_adapter_or_provider	해당 없음		not_connected		Unlinked	unreviewed		unreviewed		unreviewed		unreviewed		unreviewed		unreviewed			Unreviewed		원장/감사 queue에 유지; 새 발견은 다음 backlog
Binance	Staking REST	Http	GET	/sapi/v1/eth-staking/eth/history/redemptionHistory	getEthRedemptionHistory	documented_active	provider_typed	general_adapter_or_provider	해당 없음		not_connected		Unlinked	unreviewed		unreviewed		unreviewed		unreviewed		unreviewed		unreviewed			Unreviewed		원장/감사 queue에 유지; 새 발견은 다음 backlog
Binance	Staking REST	Http	GET	/sapi/v1/eth-staking/eth/history/stakingHistory	getEthStakingHistory	documented_active	provider_typed	general_adapter_or_provider	해당 없음		not_connected		Unlinked	unreviewed		unreviewed		unreviewed		unreviewed		unreviewed		unreviewed			Unreviewed		원장/감사 queue에 유지; 새 발견은 다음 backlog
Binance	Staking REST	Http	GET	/sapi/v1/eth-staking/eth/history/wbethRewardsHistory	getWbethRewardsHistory	documented_active	provider_typed	general_adapter_or_provider	해당 없음		not_connected		Unlinked	unreviewed		unreviewed		unreviewed		unreviewed		unreviewed		unreviewed			Unreviewed		원장/감사 queue에 유지; 새 발견은 다음 backlog
Binance	Staking REST	Http	GET	/sapi/v1/eth-staking/eth/quota	getCurrentEthStakingQuota	documented_active	provider_typed	general_adapter_or_provider	해당 없음		not_connected		Unlinked	unreviewed		unreviewed		unreviewed		unreviewed		unreviewed		unreviewed			Unreviewed		원장/감사 queue에 유지; 새 발견은 다음 backlog
Binance	Staking REST	Http	GET	/sapi/v1/eth-staking/wbeth/history/unwrapHistory	getWbethUnwrapHistory	documented_active	provider_typed	general_adapter_or_provider	해당 없음		not_connected		Unlinked	unreviewed		unreviewed		unreviewed		unreviewed		unreviewed		unreviewed			Unreviewed		원장/감사 queue에 유지; 새 발견은 다음 backlog
Binance	Staking REST	Http	GET	/sapi/v1/eth-staking/wbeth/history/wrapHistory	getWbethWrapHistory	documented_active	provider_typed	general_adapter_or_provider	해당 없음		not_connected		Unlinked	unreviewed		unreviewed		unreviewed		unreviewed		unreviewed		unreviewed			Unreviewed		원장/감사 queue에 유지; 새 발견은 다음 backlog
Binance	Staking REST	Http	GET	/sapi/v1/onchain-yields/account	onChainYieldsAccount	documented_active	provider_typed	general_adapter_or_provider	해당 없음		not_connected		Unlinked	unreviewed		unreviewed		unreviewed		unreviewed		unreviewed		unreviewed			Unreviewed		원장/감사 queue에 유지; 새 발견은 다음 backlog
Binance	Staking REST	Http	GET	/sapi/v1/onchain-yields/locked/history/redemptionRecord	getOnChainYieldsLockedRedemptionRecord	documented_active	provider_typed	general_adapter_or_provider	해당 없음		not_connected		Unlinked	unreviewed		unreviewed		unreviewed		unreviewed		unreviewed		unreviewed			Unreviewed		원장/감사 queue에 유지; 새 발견은 다음 backlog
Binance	Staking REST	Http	GET	/sapi/v1/onchain-yields/locked/history/rewardsRecord	getOnChainYieldsLockedRewardsHistory	documented_active	provider_typed	general_adapter_or_provider	해당 없음		not_connected		Unlinked	unreviewed		unreviewed		unreviewed		unreviewed		unreviewed		unreviewed			Unreviewed		원장/감사 queue에 유지; 새 발견은 다음 backlog
Binance	Staking REST	Http	GET	/sapi/v1/onchain-yields/locked/history/subscriptionRecord	getOnChainYieldsLockedSubscriptionRecord	documented_active	provider_typed	general_adapter_or_provider	해당 없음		not_connected		Unlinked	unreviewed		unreviewed		unreviewed		unreviewed		unreviewed		unreviewed			Unreviewed		원장/감사 queue에 유지; 새 발견은 다음 backlog
Binance	Staking REST	Http	GET	/sapi/v1/onchain-yields/locked/list	getOnChainYieldsLockedProductList	documented_active	provider_typed	general_adapter_or_provider	해당 없음		not_connected		Unlinked	unreviewed		unreviewed		unreviewed		unreviewed		unreviewed		unreviewed			Unreviewed		원장/감사 queue에 유지; 새 발견은 다음 backlog
Binance	Staking REST	Http	GET	/sapi/v1/onchain-yields/locked/personalLeftQuota	getOnChainYieldsLockedPersonalLeftQuota	documented_active	provider_typed	general_adapter_or_provider	해당 없음		not_connected		Unlinked	unreviewed		unreviewed		unreviewed		unreviewed		unreviewed		unreviewed			Unreviewed		원장/감사 queue에 유지; 새 발견은 다음 backlog
Binance	Staking REST	Http	GET	/sapi/v1/onchain-yields/locked/position	getOnChainYieldsLockedProductPosition	documented_active	provider_typed	general_adapter_or_provider	해당 없음		not_connected		Unlinked	unreviewed		unreviewed		unreviewed		unreviewed		unreviewed		unreviewed			Unreviewed		원장/감사 queue에 유지; 새 발견은 다음 backlog
Binance	Staking REST	Http	GET	/sapi/v1/onchain-yields/locked/subscriptionPreview	getOnChainYieldsLockedSubscriptionPreview	documented_active	provider_typed	general_adapter_or_provider	해당 없음		not_connected		Unlinked	unreviewed		unreviewed		unreviewed		unreviewed		unreviewed		unreviewed			Unreviewed		원장/감사 queue에 유지; 새 발견은 다음 backlog
Binance	Staking REST	Http	GET	/sapi/v1/soft-staking/history/rewardsRecord	getSoftStakingRewardsHistory	documented_active	provider_typed	general_adapter_or_provider	해당 없음		not_connected		Unlinked	unreviewed		unreviewed		unreviewed		unreviewed		unreviewed		unreviewed			Unreviewed		원장/감사 queue에 유지; 새 발견은 다음 backlog
Binance	Staking REST	Http	GET	/sapi/v1/soft-staking/list	getSoftStakingProductList	documented_active	provider_typed	general_adapter_or_provider	해당 없음		not_connected		Unlinked	unreviewed		unreviewed		unreviewed		unreviewed		unreviewed		unreviewed			Unreviewed		원장/감사 queue에 유지; 새 발견은 다음 backlog
Binance	Staking REST	Http	GET	/sapi/v1/soft-staking/set	setSoftStaking	documented_active	provider_typed	general_adapter_or_provider	해당 없음		not_connected		Unlinked	unreviewed		unreviewed		unreviewed		unreviewed		unreviewed		unreviewed			Unreviewed		원장/감사 queue에 유지; 새 발견은 다음 backlog
Binance	Staking REST	Http	GET	/sapi/v1/sol-staking/account	solStakingAccount	documented_active	provider_typed	general_adapter_or_provider	해당 없음		not_connected		Unlinked	unreviewed		unreviewed		unreviewed		unreviewed		unreviewed		unreviewed			Unreviewed		원장/감사 queue에 유지; 새 발견은 다음 backlog
Binance	Staking REST	Http	GET	/sapi/v1/sol-staking/sol/history/bnsolRewardsHistory	getBnsolRewardsHistory	documented_active	provider_typed	general_adapter_or_provider	해당 없음		not_connected		Unlinked	unreviewed		unreviewed		unreviewed		unreviewed		unreviewed		unreviewed			Unreviewed		원장/감사 queue에 유지; 새 발견은 다음 backlog
Binance	Staking REST	Http	GET	/sapi/v1/sol-staking/sol/history/boostRewardsHistory	getBoostRewardsHistory	documented_active	provider_typed	general_adapter_or_provider	해당 없음		not_connected		Unlinked	unreviewed		unreviewed		unreviewed		unreviewed		unreviewed		unreviewed			Unreviewed		원장/감사 queue에 유지; 새 발견은 다음 backlog
Binance	Staking REST	Http	GET	/sapi/v1/sol-staking/sol/history/rateHistory	getBnsolRateHistory	documented_active	provider_typed	general_adapter_or_provider	해당 없음		not_connected		Unlinked	unreviewed		unreviewed		unreviewed		unreviewed		unreviewed		unreviewed			Unreviewed		원장/감사 queue에 유지; 새 발견은 다음 backlog
Binance	Staking REST	Http	GET	/sapi/v1/sol-staking/sol/history/redemptionHistory	getSolRedemptionHistory	documented_active	provider_typed	general_adapter_or_provider	해당 없음		not_connected		Unlinked	unreviewed		unreviewed		unreviewed		unreviewed		unreviewed		unreviewed			Unreviewed		원장/감사 queue에 유지; 새 발견은 다음 backlog
Binance	Staking REST	Http	GET	/sapi/v1/sol-staking/sol/history/stakingHistory	getSolStakingHistory	documented_active	provider_typed	general_adapter_or_provider	해당 없음		not_connected		Unlinked	unreviewed		unreviewed		unreviewed		unreviewed		unreviewed		unreviewed			Unreviewed		원장/감사 queue에 유지; 새 발견은 다음 backlog
Binance	Staking REST	Http	GET	/sapi/v1/sol-staking/sol/history/unclaimedRewards	getUnclaimedRewards	documented_active	provider_typed	general_adapter_or_provider	해당 없음		not_connected		Unlinked	unreviewed		unreviewed		unreviewed		unreviewed		unreviewed		unreviewed			Unreviewed		원장/감사 queue에 유지; 새 발견은 다음 backlog
Binance	Staking REST	Http	GET	/sapi/v1/sol-staking/sol/quota	getSolStakingQuotaDetails	documented_active	provider_typed	general_adapter_or_provider	해당 없음		not_connected		Unlinked	unreviewed		unreviewed		unreviewed		unreviewed		unreviewed		unreviewed			Unreviewed		원장/감사 queue에 유지; 새 발견은 다음 backlog
Binance	Staking REST	Http	GET	/sapi/v2/eth-staking/account	ethStakingAccount	documented_active	provider_typed	general_adapter_or_provider	해당 없음		not_connected		Unlinked	unreviewed		unreviewed		unreviewed		unreviewed		unreviewed		unreviewed			Unreviewed		원장/감사 queue에 유지; 새 발견은 다음 backlog
Binance	Staking REST	Http	POST	/sapi/v1/eth-staking/eth/redeem	redeemEth	documented_active	provider_typed	general_adapter_or_provider	해당 없음		not_connected		Unlinked	unreviewed		unreviewed		unreviewed		unreviewed		unreviewed		unreviewed			Unreviewed		원장/감사 queue에 유지; 새 발견은 다음 backlog
Binance	Staking REST	Http	POST	/sapi/v1/eth-staking/wbeth/wrap	wrapBeth	documented_active	provider_typed	general_adapter_or_provider	해당 없음		not_connected		Unlinked	unreviewed		unreviewed		unreviewed		unreviewed		unreviewed		unreviewed			Unreviewed		원장/감사 queue에 유지; 새 발견은 다음 backlog
Binance	Staking REST	Http	POST	/sapi/v1/onchain-yields/locked/redeem	redeemOnChainYieldsLockedProduct	documented_active	provider_typed	general_adapter_or_provider	해당 없음		not_connected		Unlinked	unreviewed		unreviewed		unreviewed		unreviewed		unreviewed		unreviewed			Unreviewed		원장/감사 queue에 유지; 새 발견은 다음 backlog
Binance	Staking REST	Http	POST	/sapi/v1/onchain-yields/locked/setAutoSubscribe	setOnChainYieldsLockedAutoSubscribe	documented_active	provider_typed	general_adapter_or_provider	해당 없음		not_connected		Unlinked	unreviewed		unreviewed		unreviewed		unreviewed		unreviewed		unreviewed			Unreviewed		원장/감사 queue에 유지; 새 발견은 다음 backlog
Binance	Staking REST	Http	POST	/sapi/v1/onchain-yields/locked/setRedeemOption	setOnChainYieldsLockedProductRedeemOption	documented_active	provider_typed	general_adapter_or_provider	해당 없음		not_connected		Unlinked	unreviewed		unreviewed		unreviewed		unreviewed		unreviewed		unreviewed			Unreviewed		원장/감사 queue에 유지; 새 발견은 다음 backlog
Binance	Staking REST	Http	POST	/sapi/v1/onchain-yields/locked/subscribe	subscribeOnChainYieldsLockedProduct	documented_active	provider_typed	general_adapter_or_provider	해당 없음		not_connected		Unlinked	unreviewed		unreviewed		unreviewed		unreviewed		unreviewed		unreviewed			Unreviewed		원장/감사 queue에 유지; 새 발견은 다음 backlog
Binance	Staking REST	Http	POST	/sapi/v1/sol-staking/sol/claim	claimBoostRewards	documented_active	provider_typed	general_adapter_or_provider	해당 없음		not_connected		Unlinked	unreviewed		unreviewed		unreviewed		unreviewed		unreviewed		unreviewed			Unreviewed		원장/감사 queue에 유지; 새 발견은 다음 backlog
Binance	Staking REST	Http	POST	/sapi/v1/sol-staking/sol/redeem	redeemSol	documented_active	provider_typed	general_adapter_or_provider	해당 없음		not_connected		Unlinked	unreviewed		unreviewed		unreviewed		unreviewed		unreviewed		unreviewed			Unreviewed		원장/감사 queue에 유지; 새 발견은 다음 backlog
Binance	Staking REST	Http	POST	/sapi/v1/sol-staking/sol/stake	subscribeSolStaking	documented_active	provider_typed	general_adapter_or_provider	해당 없음		not_connected		Unlinked	unreviewed		unreviewed		unreviewed		unreviewed		unreviewed		unreviewed			Unreviewed		원장/감사 queue에 유지; 새 발견은 다음 backlog
Binance	Staking REST	Http	POST	/sapi/v2/eth-staking/eth/stake	subscribeEthStaking	documented_active	provider_typed	general_adapter_or_provider	해당 없음		not_connected		Unlinked	unreviewed		unreviewed		unreviewed		unreviewed		unreviewed		unreviewed			Unreviewed		원장/감사 queue에 유지; 새 발견은 다음 backlog
Binance	Stocks Trading REST	Http	GET	/sapi/v1/equity/market/exchangeInfo	exchangeInfo	documented_active	platform_limited	separate_platform_or_protocol_service	이번 릴리스 보류(임시; 사용자 승인 필요)		not_connected		Unlinked	unreviewed		unreviewed		unreviewed		unreviewed		unreviewed		unreviewed			Unreviewed		별도 platform/protocol service 결정 대기; 사용자 승인 전 구현 재개 금지
Binance	Stocks Trading REST	Http	GET	/sapi/v1/equity/market/quote	latestQuote	documented_active	platform_limited	separate_platform_or_protocol_service	이번 릴리스 보류(임시; 사용자 승인 필요)		not_connected		Unlinked	unreviewed		unreviewed		unreviewed		unreviewed		unreviewed		unreviewed			Unreviewed		별도 platform/protocol service 결정 대기; 사용자 승인 전 구현 재개 금지
Binance	Stocks Trading REST	Http	GET	/sapi/v1/equity/market/tokenized-assets	tokenizedAssets	documented_active	platform_limited	separate_platform_or_protocol_service	이번 릴리스 보류(임시; 사용자 승인 필요)		not_connected		Unlinked	unreviewed		unreviewed		unreviewed		unreviewed		unreviewed		unreviewed			Unreviewed		별도 platform/protocol service 결정 대기; 사용자 승인 전 구현 재개 금지
Binance	Stocks Trading REST	Http	GET	/sapi/v1/equity/order/detail	equityOrderDetail	documented_active	platform_limited	separate_platform_or_protocol_service	이번 릴리스 보류(임시; 사용자 승인 필요)		not_connected		Unlinked	unreviewed		unreviewed		unreviewed		unreviewed		unreviewed		unreviewed			Unreviewed		별도 platform/protocol service 결정 대기; 사용자 승인 전 구현 재개 금지
Binance	Stocks Trading REST	Http	GET	/sapi/v1/equity/order/history	equityOrderHistory	documented_active	platform_limited	separate_platform_or_protocol_service	이번 릴리스 보류(임시; 사용자 승인 필요)		not_connected		Unlinked	unreviewed		unreviewed		unreviewed		unreviewed		unreviewed		unreviewed			Unreviewed		별도 platform/protocol service 결정 대기; 사용자 승인 전 구현 재개 금지
Binance	Stocks Trading REST	Http	GET	/sapi/v1/equity/order/open-orders	currentOpenOrders	documented_active	platform_limited	separate_platform_or_protocol_service	이번 릴리스 보류(임시; 사용자 승인 필요)		not_connected		Unlinked	unreviewed		unreviewed		unreviewed		unreviewed		unreviewed		unreviewed			Unreviewed		별도 platform/protocol service 결정 대기; 사용자 승인 전 구현 재개 금지
Binance	Stocks Trading REST	Http	GET	/sapi/v1/equity/tokenized/convert-status	tokenizedConvertStatus	documented_active	platform_limited	separate_platform_or_protocol_service	이번 릴리스 보류(임시; 사용자 승인 필요)		not_connected		Unlinked	unreviewed		unreviewed		unreviewed		unreviewed		unreviewed		unreviewed			Unreviewed		별도 platform/protocol service 결정 대기; 사용자 승인 전 구현 재개 금지
Binance	Stocks Trading REST	Http	GET	/sapi/v1/equity/tokenized/history	tokenizedConvertHistory	documented_active	platform_limited	separate_platform_or_protocol_service	이번 릴리스 보류(임시; 사용자 승인 필요)		not_connected		Unlinked	unreviewed		unreviewed		unreviewed		unreviewed		unreviewed		unreviewed			Unreviewed		별도 platform/protocol service 결정 대기; 사용자 승인 전 구현 재개 금지
Binance	Stocks Trading REST	Http	GET	/sapi/v1/equity/trade/history	equityTradeHistory	documented_active	platform_limited	separate_platform_or_protocol_service	이번 릴리스 보류(임시; 사용자 승인 필요)		not_connected		Unlinked	unreviewed		unreviewed		unreviewed		unreviewed		unreviewed		unreviewed			Unreviewed		별도 platform/protocol service 결정 대기; 사용자 승인 전 구현 재개 금지
Binance	Stocks Trading REST	Http	POST	/sapi/v1/equity/account/disclaimer	signUsEquityDisclaimer	documented_active	platform_limited	separate_platform_or_protocol_service	이번 릴리스 보류(임시; 사용자 승인 필요)		not_connected		Unlinked	unreviewed		unreviewed		unreviewed		unreviewed		unreviewed		unreviewed			Unreviewed		별도 platform/protocol service 결정 대기; 사용자 승인 전 구현 재개 금지
Binance	Stocks Trading REST	Http	POST	/sapi/v1/equity/listenKey	createRenewListenKey	documented_active	platform_limited	separate_platform_or_protocol_service	이번 릴리스 보류(임시; 사용자 승인 필요)		not_connected		Unlinked	unreviewed		unreviewed		unreviewed		unreviewed		unreviewed		unreviewed			Unreviewed		별도 platform/protocol service 결정 대기; 사용자 승인 전 구현 재개 금지
Binance	Stocks Trading REST	Http	POST	/sapi/v1/equity/order/cancel	cancelEquityOrder	documented_active	platform_limited	separate_platform_or_protocol_service	이번 릴리스 보류(임시; 사용자 승인 필요)		not_connected		Unlinked	unreviewed		unreviewed		unreviewed		unreviewed		unreviewed		unreviewed			Unreviewed		별도 platform/protocol service 결정 대기; 사용자 승인 전 구현 재개 금지
Binance	Stocks Trading REST	Http	POST	/sapi/v1/equity/order/cancel-all	cancelAllEquityOrders	documented_active	platform_limited	separate_platform_or_protocol_service	이번 릴리스 보류(임시; 사용자 승인 필요)		not_connected		Unlinked	unreviewed		unreviewed		unreviewed		unreviewed		unreviewed		unreviewed			Unreviewed		별도 platform/protocol service 결정 대기; 사용자 승인 전 구현 재개 금지
Binance	Stocks Trading REST	Http	POST	/sapi/v1/equity/order/place	placeEquityOrder	documented_active	platform_limited	separate_platform_or_protocol_service	이번 릴리스 보류(임시; 사용자 승인 필요)		not_connected		Unlinked	unreviewed		unreviewed		unreviewed		unreviewed		unreviewed		unreviewed			Unreviewed		별도 platform/protocol service 결정 대기; 사용자 승인 전 구현 재개 금지
Binance	Stocks Trading REST	Http	POST	/sapi/v1/equity/tokenized/mint	tokenizedMint	documented_active	platform_limited	separate_platform_or_protocol_service	이번 릴리스 보류(임시; 사용자 승인 필요)		not_connected		Unlinked	unreviewed		unreviewed		unreviewed		unreviewed		unreviewed		unreviewed			Unreviewed		별도 platform/protocol service 결정 대기; 사용자 승인 전 구현 재개 금지
Binance	Stocks Trading REST	Http	POST	/sapi/v1/equity/tokenized/redeem	tokenizedRedeem	documented_active	platform_limited	separate_platform_or_protocol_service	이번 릴리스 보류(임시; 사용자 승인 필요)		not_connected		Unlinked	unreviewed		unreviewed		unreviewed		unreviewed		unreviewed		unreviewed			Unreviewed		별도 platform/protocol service 결정 대기; 사용자 승인 전 구현 재개 금지
Binance	Stocks Trading WebSocket Streams	WebSocketStream	POST	/calendar	calendarStream	documented_active	platform_limited	separate_platform_or_protocol_service	이번 릴리스 보류(임시; 사용자 승인 필요)		not_connected		Unlinked	unreviewed		unreviewed		unreviewed		unreviewed		unreviewed		unreviewed			Unreviewed		별도 platform/protocol service 결정 대기; 사용자 승인 전 구현 재개 금지
Binance	Stocks Trading WebSocket Streams	WebSocketStream	POST	/price	priceStream	documented_active	platform_limited	separate_platform_or_protocol_service	이번 릴리스 보류(임시; 사용자 승인 필요)		not_connected		Unlinked	unreviewed		unreviewed		unreviewed		unreviewed		unreviewed		unreviewed			Unreviewed		별도 platform/protocol service 결정 대기; 사용자 승인 전 구현 재개 금지
Binance	Stocks Trading WebSocket Streams	WebSocketStream	POST	/{listenKey}@orderReport	orderReportStream	documented_active	platform_limited	separate_platform_or_protocol_service	이번 릴리스 보류(임시; 사용자 승인 필요)		not_connected		Unlinked	unreviewed		unreviewed		unreviewed		unreviewed		unreviewed		unreviewed			Unreviewed		별도 platform/protocol service 결정 대기; 사용자 승인 전 구현 재개 금지
Binance	Stocks Trading WebSocket Streams	WebSocketStream	POST	/{symbol}@kline_{interval}	klineStream	documented_active	platform_limited	separate_platform_or_protocol_service	이번 릴리스 보류(임시; 사용자 승인 필요)		not_connected		Unlinked	unreviewed		unreviewed		unreviewed		unreviewed		unreviewed		unreviewed			Unreviewed		별도 platform/protocol service 결정 대기; 사용자 승인 전 구현 재개 금지
Binance	Stocks Trading WebSocket Streams	WebSocketStream	POST	/{symbol}@quote	quoteStream	documented_active	platform_limited	separate_platform_or_protocol_service	이번 릴리스 보류(임시; 사용자 승인 필요)		not_connected		Unlinked	unreviewed		unreviewed		unreviewed		unreviewed		unreviewed		unreviewed			Unreviewed		별도 platform/protocol service 결정 대기; 사용자 승인 전 구현 재개 금지
Binance	Stocks Trading WebSocket Streams	WebSocketStream	POST	/{symbol}@tradability	tradabilityStream	documented_active	platform_limited	separate_platform_or_protocol_service	이번 릴리스 보류(임시; 사용자 승인 필요)		not_connected		Unlinked	unreviewed		unreviewed		unreviewed		unreviewed		unreviewed		unreviewed			Unreviewed		별도 platform/protocol service 결정 대기; 사용자 승인 전 구현 재개 금지
Binance	Stocks Trading WebSocket Streams	WebSocketStream	POST	/{symbol}@tradingStatus	tradingStatusStream	documented_active	platform_limited	separate_platform_or_protocol_service	이번 릴리스 보류(임시; 사용자 승인 필요)		not_connected		Unlinked	unreviewed		unreviewed		unreviewed		unreviewed		unreviewed		unreviewed			Unreviewed		별도 platform/protocol service 결정 대기; 사용자 승인 전 구현 재개 금지
Binance	Sub Account REST	Http	DELETE	/sapi/v1/sub-account/subAccountApi	deleteSubAccountApiKey	documented_active	platform_limited	separate_platform_or_protocol_service	이번 릴리스 보류(임시; 사용자 승인 필요)		not_connected		Unlinked	unreviewed		unreviewed		unreviewed		unreviewed		unreviewed		unreviewed			Unreviewed		별도 platform/protocol service 결정 대기; 사용자 승인 전 구현 재개 금지
Binance	Sub Account REST	Http	DELETE	/sapi/v1/sub-account/subAccountApi/ipRestriction/ipList	deleteIpListForASubAccountApiKey	documented_active	platform_limited	separate_platform_or_protocol_service	이번 릴리스 보류(임시; 사용자 승인 필요)		not_connected		Unlinked	unreviewed		unreviewed		unreviewed		unreviewed		unreviewed		unreviewed			Unreviewed		별도 platform/protocol service 결정 대기; 사용자 승인 전 구현 재개 금지
Binance	Sub Account REST	Http	GET	/sapi/v1/capital/deposit/subAddress	getSubAccountDepositAddress	documented_active	platform_limited	separate_platform_or_protocol_service	이번 릴리스 보류(임시; 사용자 승인 필요)		not_connected		Unlinked	unreviewed		unreviewed		unreviewed		unreviewed		unreviewed		unreviewed			Unreviewed		별도 platform/protocol service 결정 대기; 사용자 승인 전 구현 재개 금지
Binance	Sub Account REST	Http	GET	/sapi/v1/capital/deposit/subHisrec	getSubAccountDepositHistory	documented_active	platform_limited	separate_platform_or_protocol_service	이번 릴리스 보류(임시; 사용자 승인 필요)		not_connected		Unlinked	unreviewed		unreviewed		unreviewed		unreviewed		unreviewed		unreviewed			Unreviewed		별도 platform/protocol service 결정 대기; 사용자 승인 전 구현 재개 금지
Binance	Sub Account REST	Http	GET	/sapi/v1/managed-subaccount/accountSnapshot	queryManagedSubAccountSnapshot	documented_active	platform_limited	separate_platform_or_protocol_service	이번 릴리스 보류(임시; 사용자 승인 필요)		not_connected		Unlinked	unreviewed		unreviewed		unreviewed		unreviewed		unreviewed		unreviewed			Unreviewed		별도 platform/protocol service 결정 대기; 사용자 승인 전 구현 재개 금지
Binance	Sub Account REST	Http	GET	/sapi/v1/managed-subaccount/asset	queryManagedSubAccountAssetDetails	documented_active	platform_limited	separate_platform_or_protocol_service	이번 릴리스 보류(임시; 사용자 승인 필요)		not_connected		Unlinked	unreviewed		unreviewed		unreviewed		unreviewed		unreviewed		unreviewed			Unreviewed		별도 platform/protocol service 결정 대기; 사용자 승인 전 구현 재개 금지
Binance	Sub Account REST	Http	GET	/sapi/v1/managed-subaccount/deposit/address	getManagedSubAccountDepositAddress	documented_active	platform_limited	separate_platform_or_protocol_service	이번 릴리스 보류(임시; 사용자 승인 필요)		not_connected		Unlinked	unreviewed		unreviewed		unreviewed		unreviewed		unreviewed		unreviewed			Unreviewed		별도 platform/protocol service 결정 대기; 사용자 승인 전 구현 재개 금지
Binance	Sub Account REST	Http	GET	/sapi/v1/managed-subaccount/fetch-future-asset	queryManagedSubAccountFuturesAssetDetails	documented_active	platform_limited	separate_platform_or_protocol_service	이번 릴리스 보류(임시; 사용자 승인 필요)		not_connected		Unlinked	unreviewed		unreviewed		unreviewed		unreviewed		unreviewed		unreviewed			Unreviewed		별도 platform/protocol service 결정 대기; 사용자 승인 전 구현 재개 금지
Binance	Sub Account REST	Http	GET	/sapi/v1/managed-subaccount/info	queryManagedSubAccountList	documented_active	platform_limited	separate_platform_or_protocol_service	이번 릴리스 보류(임시; 사용자 승인 필요)		not_connected		Unlinked	unreviewed		unreviewed		unreviewed		unreviewed		unreviewed		unreviewed			Unreviewed		별도 platform/protocol service 결정 대기; 사용자 승인 전 구현 재개 금지
Binance	Sub Account REST	Http	GET	/sapi/v1/managed-subaccount/marginAsset	queryManagedSubAccountMarginAssetDetails	documented_active	platform_limited	separate_platform_or_protocol_service	이번 릴리스 보류(임시; 사용자 승인 필요)		not_connected		Unlinked	unreviewed		unreviewed		unreviewed		unreviewed		unreviewed		unreviewed			Unreviewed		별도 platform/protocol service 결정 대기; 사용자 승인 전 구현 재개 금지
Binance	Sub Account REST	Http	GET	/sapi/v1/managed-subaccount/query-trans-log	queryManagedSubAccountTransferLogSubAccountTrading	documented_active	platform_limited	separate_platform_or_protocol_service	이번 릴리스 보류(임시; 사용자 승인 필요)		not_connected		Unlinked	unreviewed		unreviewed		unreviewed		unreviewed		unreviewed		unreviewed			Unreviewed		별도 platform/protocol service 결정 대기; 사용자 승인 전 구현 재개 금지
Binance	Sub Account REST	Http	GET	/sapi/v1/managed-subaccount/queryTransLogForInvestor	queryManagedSubAccountTransferLogMasterAccountInvestor	documented_active	platform_limited	separate_platform_or_protocol_service	이번 릴리스 보류(임시; 사용자 승인 필요)		not_connected		Unlinked	unreviewed		unreviewed		unreviewed		unreviewed		unreviewed		unreviewed			Unreviewed		별도 platform/protocol service 결정 대기; 사용자 승인 전 구현 재개 금지
Binance	Sub Account REST	Http	GET	/sapi/v1/managed-subaccount/queryTransLogForTradeParent	queryManagedSubAccountTransferLogMasterAccountTrading	documented_active	platform_limited	separate_platform_or_protocol_service	이번 릴리스 보류(임시; 사용자 승인 필요)		not_connected		Unlinked	unreviewed		unreviewed		unreviewed		unreviewed		unreviewed		unreviewed			Unreviewed		별도 platform/protocol service 결정 대기; 사용자 승인 전 구현 재개 금지
Binance	Sub Account REST	Http	GET	/sapi/v1/sub-account/futures/account	getDetailOnSubAccountsFuturesAccount	documented_active	platform_limited	separate_platform_or_protocol_service	이번 릴리스 보류(임시; 사용자 승인 필요)		not_connected		Unlinked	unreviewed		unreviewed		unreviewed		unreviewed		unreviewed		unreviewed			Unreviewed		별도 platform/protocol service 결정 대기; 사용자 승인 전 구현 재개 금지
Binance	Sub Account REST	Http	GET	/sapi/v1/sub-account/futures/accountSummary	getSummaryOfSubAccountsFuturesAccount	documented_active	platform_limited	separate_platform_or_protocol_service	이번 릴리스 보류(임시; 사용자 승인 필요)		not_connected		Unlinked	unreviewed		unreviewed		unreviewed		unreviewed		unreviewed		unreviewed			Unreviewed		별도 platform/protocol service 결정 대기; 사용자 승인 전 구현 재개 금지
Binance	Sub Account REST	Http	GET	/sapi/v1/sub-account/futures/internalTransfer	querySubAccountFuturesAssetTransferHistory	documented_active	platform_limited	separate_platform_or_protocol_service	이번 릴리스 보류(임시; 사용자 승인 필요)		not_connected		Unlinked	unreviewed		unreviewed		unreviewed		unreviewed		unreviewed		unreviewed			Unreviewed		별도 platform/protocol service 결정 대기; 사용자 승인 전 구현 재개 금지
Binance	Sub Account REST	Http	GET	/sapi/v1/sub-account/futures/move-position	getMovePositionHistoryForSubAccount	documented_active	platform_limited	separate_platform_or_protocol_service	이번 릴리스 보류(임시; 사용자 승인 필요)		not_connected		Unlinked	unreviewed		unreviewed		unreviewed		unreviewed		unreviewed		unreviewed			Unreviewed		별도 platform/protocol service 결정 대기; 사용자 승인 전 구현 재개 금지
Binance	Sub Account REST	Http	GET	/sapi/v1/sub-account/futures/positionRisk	getFuturesPositionRiskOfSubAccount	documented_active	platform_limited	separate_platform_or_protocol_service	이번 릴리스 보류(임시; 사용자 승인 필요)		not_connected		Unlinked	unreviewed		unreviewed		unreviewed		unreviewed		unreviewed		unreviewed			Unreviewed		별도 platform/protocol service 결정 대기; 사용자 승인 전 구현 재개 금지
Binance	Sub Account REST	Http	GET	/sapi/v1/sub-account/list	querySubAccountList	documented_active	platform_limited	separate_platform_or_protocol_service	이번 릴리스 보류(임시; 사용자 승인 필요)		not_connected		Unlinked	unreviewed		unreviewed		unreviewed		unreviewed		unreviewed		unreviewed			Unreviewed		별도 platform/protocol service 결정 대기; 사용자 승인 전 구현 재개 금지
Binance	Sub Account REST	Http	GET	/sapi/v1/sub-account/margin/account	getDetailOnSubAccountsMarginAccount	documented_active	platform_limited	separate_platform_or_protocol_service	이번 릴리스 보류(임시; 사용자 승인 필요)		not_connected		Unlinked	unreviewed		unreviewed		unreviewed		unreviewed		unreviewed		unreviewed			Unreviewed		별도 platform/protocol service 결정 대기; 사용자 승인 전 구현 재개 금지
Binance	Sub Account REST	Http	GET	/sapi/v1/sub-account/margin/accountSummary	getSummaryOfSubAccountsMarginAccount	documented_active	platform_limited	separate_platform_or_protocol_service	이번 릴리스 보류(임시; 사용자 승인 필요)		not_connected		Unlinked	unreviewed		unreviewed		unreviewed		unreviewed		unreviewed		unreviewed			Unreviewed		별도 platform/protocol service 결정 대기; 사용자 승인 전 구현 재개 금지
Binance	Sub Account REST	Http	GET	/sapi/v1/sub-account/spotSummary	querySubAccountSpotAssetsSummary	documented_active	platform_limited	separate_platform_or_protocol_service	이번 릴리스 보류(임시; 사용자 승인 필요)		not_connected		Unlinked	unreviewed		unreviewed		unreviewed		unreviewed		unreviewed		unreviewed			Unreviewed		별도 platform/protocol service 결정 대기; 사용자 승인 전 구현 재개 금지
Binance	Sub Account REST	Http	GET	/sapi/v1/sub-account/status	getSubAccountsStatusOnMarginOrFutures	documented_active	platform_limited	separate_platform_or_protocol_service	이번 릴리스 보류(임시; 사용자 승인 필요)		not_connected		Unlinked	unreviewed		unreviewed		unreviewed		unreviewed		unreviewed		unreviewed			Unreviewed		별도 platform/protocol service 결정 대기; 사용자 승인 전 구현 재개 금지
Binance	Sub Account REST	Http	GET	/sapi/v1/sub-account/sub/transfer/history	querySubAccountSpotAssetTransferHistory	documented_active	platform_limited	separate_platform_or_protocol_service	이번 릴리스 보류(임시; 사용자 승인 필요)		not_connected		Unlinked	unreviewed		unreviewed		unreviewed		unreviewed		unreviewed		unreviewed			Unreviewed		별도 platform/protocol service 결정 대기; 사용자 승인 전 구현 재개 금지
Binance	Sub Account REST	Http	GET	/sapi/v1/sub-account/subAccountApi	querySubAccountApiKey	documented_active	platform_limited	separate_platform_or_protocol_service	이번 릴리스 보류(임시; 사용자 승인 필요)		not_connected		Unlinked	unreviewed		unreviewed		unreviewed		unreviewed		unreviewed		unreviewed			Unreviewed		별도 platform/protocol service 결정 대기; 사용자 승인 전 구현 재개 금지
Binance	Sub Account REST	Http	GET	/sapi/v1/sub-account/subAccountApi/ipRestriction	getIpRestrictionForASubAccountApiKey	documented_active	platform_limited	separate_platform_or_protocol_service	이번 릴리스 보류(임시; 사용자 승인 필요)		not_connected		Unlinked	unreviewed		unreviewed		unreviewed		unreviewed		unreviewed		unreviewed			Unreviewed		별도 platform/protocol service 결정 대기; 사용자 승인 전 구현 재개 금지
Binance	Sub Account REST	Http	GET	/sapi/v1/sub-account/transaction-statistics	querySubAccountTransactionStatistics	documented_active	platform_limited	separate_platform_or_protocol_service	이번 릴리스 보류(임시; 사용자 승인 필요)		not_connected		Unlinked	unreviewed		unreviewed		unreviewed		unreviewed		unreviewed		unreviewed			Unreviewed		별도 platform/protocol service 결정 대기; 사용자 승인 전 구현 재개 금지
Binance	Sub Account REST	Http	GET	/sapi/v1/sub-account/transfer/subUserHistory	subAccountTransferHistory	documented_active	platform_limited	separate_platform_or_protocol_service	이번 릴리스 보류(임시; 사용자 승인 필요)		not_connected		Unlinked	unreviewed		unreviewed		unreviewed		unreviewed		unreviewed		unreviewed			Unreviewed		별도 platform/protocol service 결정 대기; 사용자 승인 전 구현 재개 금지
Binance	Sub Account REST	Http	GET	/sapi/v1/sub-account/universalTransfer	queryUniversalTransferHistory	documented_active	platform_limited	separate_platform_or_protocol_service	이번 릴리스 보류(임시; 사용자 승인 필요)		not_connected		Unlinked	unreviewed		unreviewed		unreviewed		unreviewed		unreviewed		unreviewed			Unreviewed		별도 platform/protocol service 결정 대기; 사용자 승인 전 구현 재개 금지
Binance	Sub Account REST	Http	GET	/sapi/v2/sub-account/futures/account	getDetailOnSubAccountsFuturesAccountV2	documented_active	platform_limited	separate_platform_or_protocol_service	이번 릴리스 보류(임시; 사용자 승인 필요)		not_connected		Unlinked	unreviewed		unreviewed		unreviewed		unreviewed		unreviewed		unreviewed			Unreviewed		별도 platform/protocol service 결정 대기; 사용자 승인 전 구현 재개 금지
Binance	Sub Account REST	Http	GET	/sapi/v2/sub-account/futures/accountSummary	getSummaryOfSubAccountsFuturesAccountV2	documented_active	platform_limited	separate_platform_or_protocol_service	이번 릴리스 보류(임시; 사용자 승인 필요)		not_connected		Unlinked	unreviewed		unreviewed		unreviewed		unreviewed		unreviewed		unreviewed			Unreviewed		별도 platform/protocol service 결정 대기; 사용자 승인 전 구현 재개 금지
Binance	Sub Account REST	Http	GET	/sapi/v2/sub-account/futures/positionRisk	getFuturesPositionRiskOfSubAccountV2	documented_active	platform_limited	separate_platform_or_protocol_service	이번 릴리스 보류(임시; 사용자 승인 필요)		not_connected		Unlinked	unreviewed		unreviewed		unreviewed		unreviewed		unreviewed		unreviewed			Unreviewed		별도 platform/protocol service 결정 대기; 사용자 승인 전 구현 재개 금지
Binance	Sub Account REST	Http	GET	/sapi/v3/sub-account/assets	querySubAccountAssets	documented_active	platform_limited	separate_platform_or_protocol_service	이번 릴리스 보류(임시; 사용자 승인 필요)		not_connected		Unlinked	unreviewed		unreviewed		unreviewed		unreviewed		unreviewed		unreviewed			Unreviewed		별도 platform/protocol service 결정 대기; 사용자 승인 전 구현 재개 금지
Binance	Sub Account REST	Http	GET	/sapi/v4/sub-account/assets	querySubAccountAssetsAssetManagement	documented_active	platform_limited	separate_platform_or_protocol_service	이번 릴리스 보류(임시; 사용자 승인 필요)		not_connected		Unlinked	unreviewed		unreviewed		unreviewed		unreviewed		unreviewed		unreviewed			Unreviewed		별도 platform/protocol service 결정 대기; 사용자 승인 전 구현 재개 금지
Binance	Sub Account REST	Http	POST	/sapi/v1/managed-subaccount/deposit	depositAssetsIntoTheManagedSubAccount	documented_active	platform_limited	separate_platform_or_protocol_service	이번 릴리스 보류(임시; 사용자 승인 필요)		not_connected		Unlinked	unreviewed		unreviewed		unreviewed		unreviewed		unreviewed		unreviewed			Unreviewed		별도 platform/protocol service 결정 대기; 사용자 승인 전 구현 재개 금지
Binance	Sub Account REST	Http	POST	/sapi/v1/managed-subaccount/withdraw	withdrawlAssetsFromTheManagedSubAccount	documented_active	platform_limited	separate_platform_or_protocol_service	이번 릴리스 보류(임시; 사용자 승인 필요)		not_connected		Unlinked	unreviewed		unreviewed		unreviewed		unreviewed		unreviewed		unreviewed			Unreviewed		별도 platform/protocol service 결정 대기; 사용자 승인 전 구현 재개 금지
Binance	Sub Account REST	Http	POST	/sapi/v1/sub-account/eoptions/enable	enableOptionsForSubAccount	documented_active	platform_limited	separate_platform_or_protocol_service	이번 릴리스 보류(임시; 사용자 승인 필요)		not_connected		Unlinked	unreviewed		unreviewed		unreviewed		unreviewed		unreviewed		unreviewed			Unreviewed		별도 platform/protocol service 결정 대기; 사용자 승인 전 구현 재개 금지
Binance	Sub Account REST	Http	POST	/sapi/v1/sub-account/futures/enable	enableFuturesForSubAccount	documented_active	platform_limited	separate_platform_or_protocol_service	이번 릴리스 보류(임시; 사용자 승인 필요)		not_connected		Unlinked	unreviewed		unreviewed		unreviewed		unreviewed		unreviewed		unreviewed			Unreviewed		별도 platform/protocol service 결정 대기; 사용자 승인 전 구현 재개 금지
Binance	Sub Account REST	Http	POST	/sapi/v1/sub-account/futures/internalTransfer	subAccountFuturesAssetTransfer	documented_active	platform_limited	separate_platform_or_protocol_service	이번 릴리스 보류(임시; 사용자 승인 필요)		not_connected		Unlinked	unreviewed		unreviewed		unreviewed		unreviewed		unreviewed		unreviewed			Unreviewed		별도 platform/protocol service 결정 대기; 사용자 승인 전 구현 재개 금지
Binance	Sub Account REST	Http	POST	/sapi/v1/sub-account/futures/move-position	movePositionForSubAccount	documented_active	platform_limited	separate_platform_or_protocol_service	이번 릴리스 보류(임시; 사용자 승인 필요)		not_connected		Unlinked	unreviewed		unreviewed		unreviewed		unreviewed		unreviewed		unreviewed			Unreviewed		별도 platform/protocol service 결정 대기; 사용자 승인 전 구현 재개 금지
Binance	Sub Account REST	Http	POST	/sapi/v1/sub-account/futures/transfer	futuresTransferForSubAccount	documented_active	platform_limited	separate_platform_or_protocol_service	이번 릴리스 보류(임시; 사용자 승인 필요)		not_connected		Unlinked	unreviewed		unreviewed		unreviewed		unreviewed		unreviewed		unreviewed			Unreviewed		별도 platform/protocol service 결정 대기; 사용자 승인 전 구현 재개 금지
Binance	Sub Account REST	Http	POST	/sapi/v1/sub-account/margin/transfer	marginTransferForSubAccount	documented_active	platform_limited	separate_platform_or_protocol_service	이번 릴리스 보류(임시; 사용자 승인 필요)		not_connected		Unlinked	unreviewed		unreviewed		unreviewed		unreviewed		unreviewed		unreviewed			Unreviewed		별도 platform/protocol service 결정 대기; 사용자 승인 전 구현 재개 금지
Binance	Sub Account REST	Http	POST	/sapi/v1/sub-account/subAccountApi	createSubAccountApiKey	documented_active	platform_limited	separate_platform_or_protocol_service	이번 릴리스 보류(임시; 사용자 승인 필요)		not_connected		Unlinked	unreviewed		unreviewed		unreviewed		unreviewed		unreviewed		unreviewed			Unreviewed		별도 platform/protocol service 결정 대기; 사용자 승인 전 구현 재개 금지
Binance	Sub Account REST	Http	POST	/sapi/v1/sub-account/subAccountApiPermission	modifySubAccountApiKeyPermission	documented_active	platform_limited	separate_platform_or_protocol_service	이번 릴리스 보류(임시; 사용자 승인 필요)		not_connected		Unlinked	unreviewed		unreviewed		unreviewed		unreviewed		unreviewed		unreviewed			Unreviewed		별도 platform/protocol service 결정 대기; 사용자 승인 전 구현 재개 금지
Binance	Sub Account REST	Http	POST	/sapi/v1/sub-account/transfer/subToMaster	transferToMaster	documented_active	platform_limited	separate_platform_or_protocol_service	이번 릴리스 보류(임시; 사용자 승인 필요)		not_connected		Unlinked	unreviewed		unreviewed		unreviewed		unreviewed		unreviewed		unreviewed			Unreviewed		별도 platform/protocol service 결정 대기; 사용자 승인 전 구현 재개 금지
Binance	Sub Account REST	Http	POST	/sapi/v1/sub-account/transfer/subToSub	transferToSubAccountOfSameMaster	documented_active	platform_limited	separate_platform_or_protocol_service	이번 릴리스 보류(임시; 사용자 승인 필요)		not_connected		Unlinked	unreviewed		unreviewed		unreviewed		unreviewed		unreviewed		unreviewed			Unreviewed		별도 platform/protocol service 결정 대기; 사용자 승인 전 구현 재개 금지
Binance	Sub Account REST	Http	POST	/sapi/v1/sub-account/universalTransfer	universalTransfer	documented_active	platform_limited	separate_platform_or_protocol_service	이번 릴리스 보류(임시; 사용자 승인 필요)		not_connected		Unlinked	unreviewed		unreviewed		unreviewed		unreviewed		unreviewed		unreviewed			Unreviewed		별도 platform/protocol service 결정 대기; 사용자 승인 전 구현 재개 금지
Binance	Sub Account REST	Http	POST	/sapi/v1/sub-account/virtualSubAccount	createAVirtualSubAccount	documented_active	platform_limited	separate_platform_or_protocol_service	이번 릴리스 보류(임시; 사용자 승인 필요)		not_connected		Unlinked	unreviewed		unreviewed		unreviewed		unreviewed		unreviewed		unreviewed			Unreviewed		별도 platform/protocol service 결정 대기; 사용자 승인 전 구현 재개 금지
Binance	Sub Account REST	Http	POST	/sapi/v2/sub-account/subAccountApi/ipRestriction	addIpRestrictionForSubAccountApiKey	documented_active	platform_limited	separate_platform_or_protocol_service	이번 릴리스 보류(임시; 사용자 승인 필요)		not_connected		Unlinked	unreviewed		unreviewed		unreviewed		unreviewed		unreviewed		unreviewed			Unreviewed		별도 platform/protocol service 결정 대기; 사용자 승인 전 구현 재개 금지
Binance	VIP CAAS REST	Http	DELETE	/sapi/v1/vip/caas/commission/fee-groups	deleteFeeGroup	documented_active	platform_limited	separate_platform_or_protocol_service	이번 릴리스 보류(임시; 사용자 승인 필요)		not_connected		Unlinked	unreviewed		unreviewed		unreviewed		unreviewed		unreviewed		unreviewed			Unreviewed		별도 platform/protocol service 결정 대기; 사용자 승인 전 구현 재개 금지
Binance	VIP CAAS REST	Http	DELETE	/sapi/v1/vip/caas/commission/fee-groups/members	unassignMembersFromFeeGroup	documented_active	platform_limited	separate_platform_or_protocol_service	이번 릴리스 보류(임시; 사용자 승인 필요)		not_connected		Unlinked	unreviewed		unreviewed		unreviewed		unreviewed		unreviewed		unreviewed			Unreviewed		별도 platform/protocol service 결정 대기; 사용자 승인 전 구현 재개 금지
Binance	VIP CAAS REST	Http	GET	/sapi/v1/vip/caas/commission/fee-groups	queryFeeGroups	documented_active	platform_limited	separate_platform_or_protocol_service	이번 릴리스 보류(임시; 사용자 승인 필요)		not_connected		Unlinked	unreviewed		unreviewed		unreviewed		unreviewed		unreviewed		unreviewed			Unreviewed		별도 platform/protocol service 결정 대기; 사용자 승인 전 구현 재개 금지
Binance	VIP CAAS REST	Http	GET	/sapi/v1/vip/caas/commission/fee-groups/members	queryFeeGroupMembers	documented_active	platform_limited	separate_platform_or_protocol_service	이번 릴리스 보류(임시; 사용자 승인 필요)		not_connected		Unlinked	unreviewed		unreviewed		unreviewed		unreviewed		unreviewed		unreviewed			Unreviewed		별도 platform/protocol service 결정 대기; 사용자 승인 전 구현 재개 금지
Binance	VIP CAAS REST	Http	GET	/sapi/v1/vip/caas/commission/markup-trade-aggregations	queryMarkupTradeCommissionAggregationReportings	documented_active	platform_limited	separate_platform_or_protocol_service	이번 릴리스 보류(임시; 사용자 승인 필요)		not_connected		Unlinked	unreviewed		unreviewed		unreviewed		unreviewed		unreviewed		unreviewed			Unreviewed		별도 platform/protocol service 결정 대기; 사용자 승인 전 구현 재개 금지
Binance	VIP CAAS REST	Http	GET	/sapi/v1/vip/caas/commission/markup-trade-details	queryMarkupTradeDetailReportings	documented_active	platform_limited	separate_platform_or_protocol_service	이번 릴리스 보류(임시; 사용자 승인 필요)		not_connected		Unlinked	unreviewed		unreviewed		unreviewed		unreviewed		unreviewed		unreviewed			Unreviewed		별도 platform/protocol service 결정 대기; 사용자 승인 전 구현 재개 금지
Binance	VIP CAAS REST	Http	GET	/sapi/v1/vip/caas/commission/member-fee-group	queryOneMembersFeeGroup	documented_active	platform_limited	separate_platform_or_protocol_service	이번 릴리스 보류(임시; 사용자 승인 필요)		not_connected		Unlinked	unreviewed		unreviewed		unreviewed		unreviewed		unreviewed		unreviewed			Unreviewed		별도 platform/protocol service 결정 대기; 사용자 승인 전 구현 재개 금지
Binance	VIP CAAS REST	Http	POST	/sapi/v1/vip/caas/commission/fee-groups	createFeeGroup	documented_active	platform_limited	separate_platform_or_protocol_service	이번 릴리스 보류(임시; 사용자 승인 필요)		not_connected		Unlinked	unreviewed		unreviewed		unreviewed		unreviewed		unreviewed		unreviewed			Unreviewed		별도 platform/protocol service 결정 대기; 사용자 승인 전 구현 재개 금지
Binance	VIP CAAS REST	Http	POST	/sapi/v1/vip/caas/commission/fee-groups/members	assignMembersToFeeGroup	documented_active	platform_limited	separate_platform_or_protocol_service	이번 릴리스 보류(임시; 사용자 승인 필요)		not_connected		Unlinked	unreviewed		unreviewed		unreviewed		unreviewed		unreviewed		unreviewed			Unreviewed		별도 platform/protocol service 결정 대기; 사용자 승인 전 구현 재개 금지
Binance	VIP CAAS REST	Http	PUT	/sapi/v1/vip/caas/commission/fee-groups/commission	updateFeeGroupCommission	documented_active	platform_limited	separate_platform_or_protocol_service	이번 릴리스 보류(임시; 사용자 승인 필요)		not_connected		Unlinked	unreviewed		unreviewed		unreviewed		unreviewed		unreviewed		unreviewed			Unreviewed		별도 platform/protocol service 결정 대기; 사용자 승인 전 구현 재개 금지
Binance	VIP Loan REST	Http	GET	/sapi/v1/loan/vip/accruedInterest	getVIPLoanAccruedInterest	documented_active	platform_limited	separate_platform_or_protocol_service	이번 릴리스 보류(임시; 사용자 승인 필요)		not_connected		Unlinked	unreviewed		unreviewed		unreviewed		unreviewed		unreviewed		unreviewed			Unreviewed		별도 platform/protocol service 결정 대기; 사용자 승인 전 구현 재개 금지
Binance	VIP Loan REST	Http	GET	/sapi/v1/loan/vip/collateral/account	checkVIPLoanCollateralAccount	documented_active	platform_limited	separate_platform_or_protocol_service	이번 릴리스 보류(임시; 사용자 승인 필요)		not_connected		Unlinked	unreviewed		unreviewed		unreviewed		unreviewed		unreviewed		unreviewed			Unreviewed		별도 platform/protocol service 결정 대기; 사용자 승인 전 구현 재개 금지
Binance	VIP Loan REST	Http	GET	/sapi/v1/loan/vip/collateral/data	getCollateralAssetData	documented_active	platform_limited	separate_platform_or_protocol_service	이번 릴리스 보류(임시; 사용자 승인 필요)		not_connected		Unlinked	unreviewed		unreviewed		unreviewed		unreviewed		unreviewed		unreviewed			Unreviewed		별도 platform/protocol service 결정 대기; 사용자 승인 전 구현 재개 금지
Binance	VIP Loan REST	Http	GET	/sapi/v1/loan/vip/fixed/market	queryVIPLoanFixedRateMarket	documented_active	platform_limited	separate_platform_or_protocol_service	이번 릴리스 보류(임시; 사용자 승인 필요)		not_connected		Unlinked	unreviewed		unreviewed		unreviewed		unreviewed		unreviewed		unreviewed			Unreviewed		별도 platform/protocol service 결정 대기; 사용자 승인 전 구현 재개 금지
Binance	VIP Loan REST	Http	GET	/sapi/v1/loan/vip/interestRateHistory	getVIPLoanInterestRateHistory	documented_active	platform_limited	separate_platform_or_protocol_service	이번 릴리스 보류(임시; 사용자 승인 필요)		not_connected		Unlinked	unreviewed		unreviewed		unreviewed		unreviewed		unreviewed		unreviewed			Unreviewed		별도 platform/protocol service 결정 대기; 사용자 승인 전 구현 재개 금지
Binance	VIP Loan REST	Http	GET	/sapi/v1/loan/vip/loanable/data	getLoanableAssetsData	documented_active	platform_limited	separate_platform_or_protocol_service	이번 릴리스 보류(임시; 사용자 승인 필요)		not_connected		Unlinked	unreviewed		unreviewed		unreviewed		unreviewed		unreviewed		unreviewed			Unreviewed		별도 platform/protocol service 결정 대기; 사용자 승인 전 구현 재개 금지
Binance	VIP Loan REST	Http	GET	/sapi/v1/loan/vip/ongoing/orders	getVIPLoanOngoingOrders	documented_active	platform_limited	separate_platform_or_protocol_service	이번 릴리스 보류(임시; 사용자 승인 필요)		not_connected		Unlinked	unreviewed		unreviewed		unreviewed		unreviewed		unreviewed		unreviewed			Unreviewed		별도 platform/protocol service 결정 대기; 사용자 승인 전 구현 재개 금지
Binance	VIP Loan REST	Http	GET	/sapi/v1/loan/vip/repay/history	getVIPLoanRepaymentHistory	documented_active	platform_limited	separate_platform_or_protocol_service	이번 릴리스 보류(임시; 사용자 승인 필요)		not_connected		Unlinked	unreviewed		unreviewed		unreviewed		unreviewed		unreviewed		unreviewed			Unreviewed		별도 platform/protocol service 결정 대기; 사용자 승인 전 구현 재개 금지
Binance	VIP Loan REST	Http	GET	/sapi/v1/loan/vip/request/data	queryApplicationStatus	documented_active	platform_limited	separate_platform_or_protocol_service	이번 릴리스 보류(임시; 사용자 승인 필요)		not_connected		Unlinked	unreviewed		unreviewed		unreviewed		unreviewed		unreviewed		unreviewed			Unreviewed		별도 platform/protocol service 결정 대기; 사용자 승인 전 구현 재개 금지
Binance	VIP Loan REST	Http	GET	/sapi/v1/loan/vip/request/interestRate	getBorrowInterestRate	documented_active	platform_limited	separate_platform_or_protocol_service	이번 릴리스 보류(임시; 사용자 승인 필요)		not_connected		Unlinked	unreviewed		unreviewed		unreviewed		unreviewed		unreviewed		unreviewed			Unreviewed		별도 platform/protocol service 결정 대기; 사용자 승인 전 구현 재개 금지
Binance	VIP Loan REST	Http	POST	/sapi/v1/loan/vip/borrow	vipLoanBorrow	documented_active	platform_limited	separate_platform_or_protocol_service	이번 릴리스 보류(임시; 사용자 승인 필요)		not_connected		Unlinked	unreviewed		unreviewed		unreviewed		unreviewed		unreviewed		unreviewed			Unreviewed		별도 platform/protocol service 결정 대기; 사용자 승인 전 구현 재개 금지
Binance	VIP Loan REST	Http	POST	/sapi/v1/loan/vip/fixed/borrow	vipLoanFixedRateBorrow	documented_active	platform_limited	separate_platform_or_protocol_service	이번 릴리스 보류(임시; 사용자 승인 필요)		not_connected		Unlinked	unreviewed		unreviewed		unreviewed		unreviewed		unreviewed		unreviewed			Unreviewed		별도 platform/protocol service 결정 대기; 사용자 승인 전 구현 재개 금지
Binance	VIP Loan REST	Http	POST	/sapi/v1/loan/vip/renew	vipLoanRenew	documented_active	platform_limited	separate_platform_or_protocol_service	이번 릴리스 보류(임시; 사용자 승인 필요)		not_connected		Unlinked	unreviewed		unreviewed		unreviewed		unreviewed		unreviewed		unreviewed			Unreviewed		별도 platform/protocol service 결정 대기; 사용자 승인 전 구현 재개 금지
Binance	VIP Loan REST	Http	POST	/sapi/v1/loan/vip/repay	vipLoanRepay	documented_active	platform_limited	separate_platform_or_protocol_service	이번 릴리스 보류(임시; 사용자 승인 필요)		not_connected		Unlinked	unreviewed		unreviewed		unreviewed		unreviewed		unreviewed		unreviewed			Unreviewed		별도 platform/protocol service 결정 대기; 사용자 승인 전 구현 재개 금지
Binance	VIP Service REST	Http	DELETE	/sapi/v1/vip/vip-portal/futures/ip-whitelists	removeFuturesIpWhitelists	documented_active	platform_limited	separate_platform_or_protocol_service	이번 릴리스 보류(임시; 사용자 승인 필요)		not_connected		Unlinked	unreviewed		unreviewed		unreviewed		unreviewed		unreviewed		unreviewed			Unreviewed		별도 platform/protocol service 결정 대기; 사용자 승인 전 구현 재개 금지
Binance	VIP Service REST	Http	GET	/sapi/v1/commission/queryCommissionFee	querySymbolCommissionFee	documented_active	platform_limited	separate_platform_or_protocol_service	이번 릴리스 보류(임시; 사용자 승인 필요)		not_connected		Unlinked	unreviewed		unreviewed		unreviewed		unreviewed		unreviewed		unreviewed			Unreviewed		별도 platform/protocol service 결정 대기; 사용자 승인 전 구현 재개 금지
Binance	VIP Service REST	Http	GET	/sapi/v1/vip/liquidity-programs/overview	queryLiquidityProgramOverview	documented_active	platform_limited	separate_platform_or_protocol_service	이번 릴리스 보류(임시; 사용자 승인 필요)		not_connected		Unlinked	unreviewed		unreviewed		unreviewed		unreviewed		unreviewed		unreviewed			Unreviewed		별도 platform/protocol service 결정 대기; 사용자 승인 전 구현 재개 금지
Binance	VIP Service REST	Http	GET	/sapi/v1/vip/liquidity-programs/performance	queryLiquidityProgramPerformance	documented_active	platform_limited	separate_platform_or_protocol_service	이번 릴리스 보류(임시; 사용자 승인 필요)		not_connected		Unlinked	unreviewed		unreviewed		unreviewed		unreviewed		unreviewed		unreviewed			Unreviewed		별도 platform/protocol service 결정 대기; 사용자 승인 전 구현 재개 금지
Binance	VIP Service REST	Http	GET	/sapi/v1/vip/liquidity-programs/weekly-result	queryLiquidityProgramWeeklyResults	documented_active	platform_limited	separate_platform_or_protocol_service	이번 릴리스 보류(임시; 사용자 승인 필요)		not_connected		Unlinked	unreviewed		unreviewed		unreviewed		unreviewed		unreviewed		unreviewed			Unreviewed		별도 platform/protocol service 결정 대기; 사용자 승인 전 구현 재개 금지
Binance	VIP Service REST	Http	GET	/sapi/v1/vip/vip-portal/futures/ip-whitelists	queryFuturesIpWhitelists	documented_active	platform_limited	separate_platform_or_protocol_service	이번 릴리스 보류(임시; 사용자 승인 필요)		not_connected		Unlinked	unreviewed		unreviewed		unreviewed		unreviewed		unreviewed		unreviewed			Unreviewed		별도 platform/protocol service 결정 대기; 사용자 승인 전 구현 재개 금지
Binance	VIP Service REST	Http	GET	/sapi/v1/vip/vip-portal/futures/rate-limits/ips	queryFuturesIpRateLimits	documented_active	platform_limited	separate_platform_or_protocol_service	이번 릴리스 보류(임시; 사용자 승인 필요)		not_connected		Unlinked	unreviewed		unreviewed		unreviewed		unreviewed		unreviewed		unreviewed			Unreviewed		별도 platform/protocol service 결정 대기; 사용자 승인 전 구현 재개 금지
Binance	VIP Service REST	Http	GET	/sapi/v1/vip/vip-portal/futures/rate-limits/ips/pages	queryFuturesIpRateLimitsWithPagination	documented_active	platform_limited	separate_platform_or_protocol_service	이번 릴리스 보류(임시; 사용자 승인 필요)		not_connected		Unlinked	unreviewed		unreviewed		unreviewed		unreviewed		unreviewed		unreviewed			Unreviewed		별도 platform/protocol service 결정 대기; 사용자 승인 전 구현 재개 금지
Binance	VIP Service REST	Http	GET	/sapi/v1/vip/vip-portal/futures/rate-limits/orders	queryFuturesUserorderRateLimits	documented_active	platform_limited	separate_platform_or_protocol_service	이번 릴리스 보류(임시; 사용자 승인 필요)		not_connected		Unlinked	unreviewed		unreviewed		unreviewed		unreviewed		unreviewed		unreviewed			Unreviewed		별도 platform/protocol service 결정 대기; 사용자 승인 전 구현 재개 금지
Binance	VIP Service REST	Http	GET	/sapi/v1/vip/vip-portal/futures/rate-limits/orders/pages	queryFuturesUserorderRateLimitsWithPagination	documented_active	platform_limited	separate_platform_or_protocol_service	이번 릴리스 보류(임시; 사용자 승인 필요)		not_connected		Unlinked	unreviewed		unreviewed		unreviewed		unreviewed		unreviewed		unreviewed			Unreviewed		별도 platform/protocol service 결정 대기; 사용자 승인 전 구현 재개 금지
Binance	VIP Service REST	Http	POST	/sapi/v1/vip/vip-portal/futures/ip-whitelists	addFuturesIpWhitelists	documented_active	platform_limited	separate_platform_or_protocol_service	이번 릴리스 보류(임시; 사용자 승인 필요)		not_connected		Unlinked	unreviewed		unreviewed		unreviewed		unreviewed		unreviewed		unreviewed			Unreviewed		별도 platform/protocol service 결정 대기; 사용자 승인 전 구현 재개 금지
Binance	Wallet REST	Http	GET	/sapi/v1/account/apiRestrictions	getApiKeyPermission	documented_active	common_existing	general_adapter_or_provider	해당 없음	wallet.api_key_permissions	connected	bindings/common/src/coverage.rs::OPERATIONS	Implemented	present	src/adapter.rs:157	present	bindings/common/src/schema.rs::binding_schema	present	bindings/python/python/maxt/_generated_contract.py;bindings/dart/lib/src/generated_contract.dart;bindings/typescript/src/generated/contract.ts	present	bindings/python/python/maxt/adapters.py	present	bindings/dart/lib/src/generated_provider_methods.dart	present	bindings/typescript/src/generated/api.ts	Fixture	MechanicallyConnected	prepare_withdrawal	감사 초안; 의미상 Complete 아님
Binance	Wallet REST	Http	GET	/sapi/v1/account/apiTradingStatus	accountApiTradingStatus	documented_active	provider_typed	general_adapter_or_provider	해당 없음		not_connected		Unlinked	unreviewed		unreviewed		unreviewed		unreviewed		unreviewed		unreviewed			Unreviewed		원장/감사 queue에 유지; 새 발견은 다음 backlog
Binance	Wallet REST	Http	GET	/sapi/v1/account/info	accountInfo	documented_active	provider_typed	general_adapter_or_provider	해당 없음		not_connected		Unlinked	unreviewed		unreviewed		unreviewed		unreviewed		unreviewed		unreviewed			Unreviewed		원장/감사 queue에 유지; 새 발견은 다음 backlog
Binance	Wallet REST	Http	GET	/sapi/v1/account/status	accountStatus	documented_active	provider_typed	general_adapter_or_provider	해당 없음		not_connected		Unlinked	unreviewed		unreviewed		unreviewed		unreviewed		unreviewed		unreviewed			Unreviewed		원장/감사 queue에 유지; 새 발견은 다음 backlog
Binance	Wallet REST	Http	GET	/sapi/v1/accountSnapshot	dailyAccountSnapshot	documented_active	provider_typed	general_adapter_or_provider	해당 없음		not_connected		Unlinked	unreviewed		unreviewed		unreviewed		unreviewed		unreviewed		unreviewed			Unreviewed		원장/감사 queue에 유지; 새 발견은 다음 backlog
Binance	Wallet REST	Http	GET	/sapi/v1/addressVerify/list	fetchAddressVerificationList	documented_active	provider_typed	general_adapter_or_provider	해당 없음		not_connected		Unlinked	unreviewed		unreviewed		unreviewed		unreviewed		unreviewed		unreviewed			Unreviewed		원장/감사 queue에 유지; 새 발견은 다음 backlog
Binance	Wallet REST	Http	GET	/sapi/v1/asset/assetDetail	assetDetail	documented_active	provider_typed	general_adapter_or_provider	해당 없음		not_connected		Unlinked	unreviewed		unreviewed		unreviewed		unreviewed		unreviewed		unreviewed			Unreviewed		원장/감사 queue에 유지; 새 발견은 다음 backlog
Binance	Wallet REST	Http	GET	/sapi/v1/asset/assetDividend	assetDividendRecord	documented_active	provider_typed	general_adapter_or_provider	해당 없음		not_connected		Unlinked	unreviewed		unreviewed		unreviewed		unreviewed		unreviewed		unreviewed			Unreviewed		원장/감사 queue에 유지; 새 발견은 다음 backlog
Binance	Wallet REST	Http	GET	/sapi/v1/asset/custody/transfer-history	queryUserDelegationHistory	documented_active	provider_typed	general_adapter_or_provider	해당 없음		not_connected		Unlinked	unreviewed		unreviewed		unreviewed		unreviewed		unreviewed		unreviewed			Unreviewed		원장/감사 queue에 유지; 새 발견은 다음 backlog
Binance	Wallet REST	Http	GET	/sapi/v1/asset/dribblet	dustlog	documented_active	provider_typed	general_adapter_or_provider	해당 없음		not_connected		Unlinked	unreviewed		unreviewed		unreviewed		unreviewed		unreviewed		unreviewed			Unreviewed		원장/감사 queue에 유지; 새 발견은 다음 backlog
Binance	Wallet REST	Http	GET	/sapi/v1/asset/ledger-transfer/cloud-mining/queryByPage	getCloudMiningPaymentAndRefundHistory	documented_active	provider_typed	general_adapter_or_provider	해당 없음		not_connected		Unlinked	unreviewed		unreviewed		unreviewed		unreviewed		unreviewed		unreviewed			Unreviewed		원장/감사 queue에 유지; 새 발견은 다음 backlog
Binance	Wallet REST	Http	GET	/sapi/v1/asset/tradeFee	tradeFee	documented_active	provider_typed	general_adapter_or_provider	해당 없음		not_connected		Unlinked	unreviewed		unreviewed		unreviewed		unreviewed		unreviewed		unreviewed			Unreviewed		원장/감사 queue에 유지; 새 발견은 다음 backlog
Binance	Wallet REST	Http	GET	/sapi/v1/asset/transfer	queryUserUniversalTransferHistory	documented_active	provider_typed	general_adapter_or_provider	해당 없음		not_connected		Unlinked	unreviewed		unreviewed		unreviewed		unreviewed		unreviewed		unreviewed			Unreviewed		원장/감사 queue에 유지; 새 발견은 다음 backlog
Binance	Wallet REST	Http	GET	/sapi/v1/asset/wallet/balance	queryUserWalletBalance	documented_active	provider_typed	general_adapter_or_provider	해당 없음		not_connected		Unlinked	unreviewed		unreviewed		unreviewed		unreviewed		unreviewed		unreviewed			Unreviewed		원장/감사 queue에 유지; 새 발견은 다음 backlog
Binance	Wallet REST	Http	GET	/sapi/v1/capital/config/getall	allCoinsInformation	documented_active	common_existing	general_adapter_or_provider	해당 없음	wallet.all_coins_information	connected	bindings/common/src/coverage.rs::OPERATIONS	Implemented	present	src/adapter.rs:121	present	bindings/common/src/schema.rs::binding_schema	present	bindings/python/python/maxt/_generated_contract.py;bindings/dart/lib/src/generated_contract.dart;bindings/typescript/src/generated/contract.ts	present	bindings/python/python/maxt/adapters.py	present	bindings/dart/lib/src/generated_provider_methods.dart	present	bindings/typescript/src/generated/api.ts	Fixture	MechanicallyConnected	asset_networks	감사 초안; 의미상 Complete 아님
Binance	Wallet REST	Http	GET	/sapi/v1/capital/deposit/address	depositAddress	documented_active	common_existing	general_adapter_or_provider	해당 없음	wallet.deposit_address	connected	bindings/common/src/coverage.rs::OPERATIONS	Implemented	present	src/adapter.rs:135	present	bindings/common/src/schema.rs::binding_schema	present	bindings/python/python/maxt/_generated_contract.py;bindings/dart/lib/src/generated_contract.dart;bindings/typescript/src/generated/contract.ts	present	bindings/python/python/maxt/adapters.py	present	bindings/dart/lib/src/generated_provider_methods.dart	present	bindings/typescript/src/generated/api.ts	Fixture	MechanicallyConnected	deposit_address	감사 초안; 의미상 Complete 아님
Binance	Wallet REST	Http	GET	/sapi/v1/capital/deposit/address/list	fetchDepositAddressListWithNetwork	documented_active	provider_typed	general_adapter_or_provider	해당 없음		not_connected		Unlinked	unreviewed		unreviewed		unreviewed		unreviewed		unreviewed		unreviewed			Unreviewed		원장/감사 queue에 유지; 새 발견은 다음 backlog
Binance	Wallet REST	Http	GET	/sapi/v1/capital/deposit/hisrec	depositHistory	documented_active	common_existing	general_adapter_or_provider	해당 없음	wallet.deposit_history	connected	bindings/common/src/coverage.rs::OPERATIONS	Implemented	present	src/adapter.rs:190	present	bindings/common/src/schema.rs::binding_schema	present	bindings/python/python/maxt/_generated_contract.py;bindings/dart/lib/src/generated_contract.dart;bindings/typescript/src/generated/contract.ts	present	bindings/python/python/maxt/adapters.py	present	bindings/dart/lib/src/generated_provider_methods.dart	present	bindings/typescript/src/generated/api.ts	Fixture	MechanicallyConnected	deposits	감사 초안; 의미상 Complete 아님
Binance	Wallet REST	Http	GET	/sapi/v1/capital/withdraw/address/list	fetchWithdrawAddressList	documented_active	common_existing	general_adapter_or_provider	해당 없음	wallet.withdraw_address_list	connected	bindings/common/src/coverage.rs::OPERATIONS	Implemented	present	src/adapter.rs:157	present	bindings/common/src/schema.rs::binding_schema	present	bindings/python/python/maxt/_generated_contract.py;bindings/dart/lib/src/generated_contract.dart;bindings/typescript/src/generated/contract.ts	present	bindings/python/python/maxt/adapters.py	present	bindings/dart/lib/src/generated_provider_methods.dart	present	bindings/typescript/src/generated/api.ts	Fixture	MechanicallyConnected	prepare_withdrawal	감사 초안; 의미상 Complete 아님
Binance	Wallet REST	Http	GET	/sapi/v1/capital/withdraw/history	withdrawHistory	documented_active	common_existing	general_adapter_or_provider	해당 없음	wallet.withdraw_history	connected	bindings/common/src/coverage.rs::OPERATIONS	Implemented	present	src/adapter.rs:196	present	bindings/common/src/schema.rs::binding_schema	present	bindings/python/python/maxt/_generated_contract.py;bindings/dart/lib/src/generated_contract.dart;bindings/typescript/src/generated/contract.ts	present	bindings/python/python/maxt/adapters.py	present	bindings/dart/lib/src/generated_provider_methods.dart	present	bindings/typescript/src/generated/api.ts	Fixture	MechanicallyConnected	withdrawals	감사 초안; 의미상 Complete 아님
Binance	Wallet REST	Http	GET	/sapi/v1/capital/withdraw/quota	fetchWithdrawQuota	documented_active	provider_typed	general_adapter_or_provider	해당 없음		not_connected		Unlinked	unreviewed		unreviewed		unreviewed		unreviewed		unreviewed		unreviewed			Unreviewed		원장/감사 queue에 유지; 새 발견은 다음 backlog
Binance	Wallet REST	Http	GET	/sapi/v1/localentity/country/list	getCountryList	documented_active	provider_typed	general_adapter_or_provider	해당 없음		not_connected		Unlinked	unreviewed		unreviewed		unreviewed		unreviewed		unreviewed		unreviewed			Unreviewed		원장/감사 queue에 유지; 새 발견은 다음 backlog
Binance	Wallet REST	Http	GET	/sapi/v1/localentity/deposit/history	depositHistoryTravelRule	documented_active	provider_typed	general_adapter_or_provider	해당 없음		not_connected		Unlinked	unreviewed		unreviewed		unreviewed		unreviewed		unreviewed		unreviewed			Unreviewed		원장/감사 queue에 유지; 새 발견은 다음 backlog
Binance	Wallet REST	Http	GET	/sapi/v1/localentity/questionnaire-requirements	checkQuestionnaireRequirements	documented_active	common_existing	general_adapter_or_provider	해당 없음	wallet.questionnaire_requirements	connected	bindings/common/src/coverage.rs::OPERATIONS	Implemented	present	src/adapter.rs:157	present	bindings/common/src/schema.rs::binding_schema	present	bindings/python/python/maxt/_generated_contract.py;bindings/dart/lib/src/generated_contract.dart;bindings/typescript/src/generated/contract.ts	present	bindings/python/python/maxt/adapters.py	present	bindings/dart/lib/src/generated_provider_methods.dart	present	bindings/typescript/src/generated/api.ts	Fixture	MechanicallyConnected	prepare_withdrawal	감사 초안; 의미상 Complete 아님
Binance	Wallet REST	Http	GET	/sapi/v1/localentity/region/list	getRegionList	documented_active	provider_typed	general_adapter_or_provider	해당 없음		not_connected		Unlinked	unreviewed		unreviewed		unreviewed		unreviewed		unreviewed		unreviewed			Unreviewed		원장/감사 queue에 유지; 새 발견은 다음 backlog
Binance	Wallet REST	Http	GET	/sapi/v1/localentity/vasp	vaspList	documented_active	provider_typed	general_adapter_or_provider	해당 없음		not_connected		Unlinked	unreviewed		unreviewed		unreviewed		unreviewed		unreviewed		unreviewed			Unreviewed		원장/감사 queue에 유지; 새 발견은 다음 backlog
Binance	Wallet REST	Http	GET	/sapi/v1/localentity/withdraw/history	withdrawHistoryV1	documented_active	provider_typed	general_adapter_or_provider	해당 없음		not_connected		Unlinked	unreviewed		unreviewed		unreviewed		unreviewed		unreviewed		unreviewed			Unreviewed		원장/감사 queue에 유지; 새 발견은 다음 backlog
Binance	Wallet REST	Http	GET	/sapi/v1/spot/asset/tags	getSpotAssetTags	documented_active	provider_typed	general_adapter_or_provider	해당 없음		not_connected		Unlinked	unreviewed		unreviewed		unreviewed		unreviewed		unreviewed		unreviewed			Unreviewed		원장/감사 queue에 유지; 새 발견은 다음 backlog
Binance	Wallet REST	Http	GET	/sapi/v1/spot/delist-schedule	getSymbolsDelistScheduleForSpot	documented_active	provider_typed	general_adapter_or_provider	해당 없음		not_connected		Unlinked	unreviewed		unreviewed		unreviewed		unreviewed		unreviewed		unreviewed			Unreviewed		원장/감사 queue에 유지; 새 발견은 다음 backlog
Binance	Wallet REST	Http	GET	/sapi/v1/spot/open-symbol-list	getOpenSymbolList	documented_active	provider_typed	general_adapter_or_provider	해당 없음		not_connected		Unlinked	unreviewed		unreviewed		unreviewed		unreviewed		unreviewed		unreviewed			Unreviewed		원장/감사 queue에 유지; 새 발견은 다음 backlog
Binance	Wallet REST	Http	GET	/sapi/v1/system/status	systemStatus	documented_active	provider_typed	general_adapter_or_provider	해당 없음		not_connected		Unlinked	unreviewed		unreviewed		unreviewed		unreviewed		unreviewed		unreviewed			Unreviewed		원장/감사 queue에 유지; 새 발견은 다음 backlog
Binance	Wallet REST	Http	GET	/sapi/v2/localentity/deposit/history	depositHistoryV2	documented_active	provider_typed	general_adapter_or_provider	해당 없음		not_connected		Unlinked	unreviewed		unreviewed		unreviewed		unreviewed		unreviewed		unreviewed			Unreviewed		원장/감사 queue에 유지; 새 발견은 다음 backlog
Binance	Wallet REST	Http	GET	/sapi/v2/localentity/withdraw/history	withdrawHistoryV2	documented_active	provider_typed	general_adapter_or_provider	해당 없음		not_connected		Unlinked	unreviewed		unreviewed		unreviewed		unreviewed		unreviewed		unreviewed			Unreviewed		원장/감사 queue에 유지; 새 발견은 다음 backlog
Binance	Wallet REST	Http	POST	/sapi/v1/account/disableFastWithdrawSwitch	disableFastWithdrawSwitch	documented_active	provider_typed	general_adapter_or_provider	해당 없음		not_connected		Unlinked	unreviewed		unreviewed		unreviewed		unreviewed		unreviewed		unreviewed			Unreviewed		원장/감사 queue에 유지; 새 발견은 다음 backlog
Binance	Wallet REST	Http	POST	/sapi/v1/account/enableFastWithdrawSwitch	enableFastWithdrawSwitch	documented_active	provider_typed	general_adapter_or_provider	해당 없음		not_connected		Unlinked	unreviewed		unreviewed		unreviewed		unreviewed		unreviewed		unreviewed			Unreviewed		원장/감사 queue에 유지; 새 발견은 다음 backlog
Binance	Wallet REST	Http	POST	/sapi/v1/asset/dust	dustTransfer	documented_active	provider_typed	general_adapter_or_provider	해당 없음		not_connected		Unlinked	unreviewed		unreviewed		unreviewed		unreviewed		unreviewed		unreviewed			Unreviewed		원장/감사 queue에 유지; 새 발견은 다음 backlog
Binance	Wallet REST	Http	POST	/sapi/v1/asset/dust-btc	getAssetsThatCanBeConvertedIntoBnb	documented_active	provider_typed	general_adapter_or_provider	해당 없음		not_connected		Unlinked	unreviewed		unreviewed		unreviewed		unreviewed		unreviewed		unreviewed			Unreviewed		원장/감사 queue에 유지; 새 발견은 다음 backlog
Binance	Wallet REST	Http	POST	/sapi/v1/asset/dust-convert/convert	dustConvert	documented_active	provider_typed	general_adapter_or_provider	해당 없음		not_connected		Unlinked	unreviewed		unreviewed		unreviewed		unreviewed		unreviewed		unreviewed			Unreviewed		원장/감사 queue에 유지; 새 발견은 다음 backlog
Binance	Wallet REST	Http	POST	/sapi/v1/asset/dust-convert/query-convertible-assets	dustConvertibleAssets	documented_active	provider_typed	general_adapter_or_provider	해당 없음		not_connected		Unlinked	unreviewed		unreviewed		unreviewed		unreviewed		unreviewed		unreviewed			Unreviewed		원장/감사 queue에 유지; 새 발견은 다음 backlog
Binance	Wallet REST	Http	POST	/sapi/v1/asset/get-funding-asset	fundingWallet	documented_active	provider_typed	general_adapter_or_provider	해당 없음		not_connected		Unlinked	unreviewed		unreviewed		unreviewed		unreviewed		unreviewed		unreviewed			Unreviewed		원장/감사 queue에 유지; 새 발견은 다음 backlog
Binance	Wallet REST	Http	POST	/sapi/v1/asset/transfer	userUniversalTransfer	documented_active	provider_typed	general_adapter_or_provider	해당 없음		not_connected		Unlinked	unreviewed		unreviewed		unreviewed		unreviewed		unreviewed		unreviewed			Unreviewed		원장/감사 queue에 유지; 새 발견은 다음 backlog
Binance	Wallet REST	Http	POST	/sapi/v1/bnbBurn	toggleBnbBurnOnSpotTradeAndMarginInterest	documented_active	provider_typed	general_adapter_or_provider	해당 없음		not_connected		Unlinked	unreviewed		unreviewed		unreviewed		unreviewed		unreviewed		unreviewed			Unreviewed		원장/감사 queue에 유지; 새 발견은 다음 backlog
Binance	Wallet REST	Http	POST	/sapi/v1/capital/deposit/credit-apply	oneClickArrivalDepositApply	documented_active	provider_typed	general_adapter_or_provider	해당 없음		not_connected		Unlinked	unreviewed		unreviewed		unreviewed		unreviewed		unreviewed		unreviewed			Unreviewed		원장/감사 queue에 유지; 새 발견은 다음 backlog
Binance	Wallet REST	Http	POST	/sapi/v1/capital/withdraw/apply	withdraw	documented_active	common_existing	general_adapter_or_provider	해당 없음	wallet.withdraw	connected	bindings/common/src/coverage.rs::OPERATIONS	Implemented	present	src/adapter.rs:166	present	bindings/common/src/schema.rs::binding_schema	present	bindings/python/python/maxt/_generated_contract.py;bindings/dart/lib/src/generated_contract.dart;bindings/typescript/src/generated/contract.ts	present	bindings/python/python/maxt/adapters.py	present	bindings/dart/lib/src/generated_provider_methods.dart	present	bindings/typescript/src/generated/api.ts	Fixture	MechanicallyConnected	withdraw	감사 초안; 의미상 Complete 아님
Binance	Wallet REST	Http	POST	/sapi/v1/localentity/broker/withdraw/apply	brokerWithdraw	documented_active	provider_typed	general_adapter_or_provider	해당 없음		not_connected		Unlinked	unreviewed		unreviewed		unreviewed		unreviewed		unreviewed		unreviewed			Unreviewed		원장/감사 queue에 유지; 새 발견은 다음 backlog
Binance	Wallet REST	Http	POST	/sapi/v1/localentity/withdraw/apply	withdrawTravelRule	documented_active	provider_typed	general_adapter_or_provider	해당 없음		not_connected		Unlinked	unreviewed		unreviewed		unreviewed		unreviewed		unreviewed		unreviewed			Unreviewed		원장/감사 queue에 유지; 새 발견은 다음 backlog
Binance	Wallet REST	Http	POST	/sapi/v3/asset/getUserAsset	userAsset	documented_active	provider_typed	general_adapter_or_provider	해당 없음		not_connected		Unlinked	unreviewed		unreviewed		unreviewed		unreviewed		unreviewed		unreviewed			Unreviewed		원장/감사 queue에 유지; 새 발견은 다음 backlog
Binance	Wallet REST	Http	PUT	/sapi/v1/localentity/broker/deposit/provide-info	submitDepositQuestionnaire	documented_active	provider_typed	general_adapter_or_provider	해당 없음		not_connected		Unlinked	unreviewed		unreviewed		unreviewed		unreviewed		unreviewed		unreviewed			Unreviewed		원장/감사 queue에 유지; 새 발견은 다음 backlog
Binance	Wallet REST	Http	PUT	/sapi/v1/localentity/deposit/provide-info	submitDepositQuestionnaireTravelRule	documented_active	provider_typed	general_adapter_or_provider	해당 없음		not_connected		Unlinked	unreviewed		unreviewed		unreviewed		unreviewed		unreviewed		unreviewed			Unreviewed		원장/감사 queue에 유지; 새 발견은 다음 backlog
Binance	Wallet REST	Http	PUT	/sapi/v2/localentity/deposit/provide-info	submitDepositQuestionnaireV2	documented_active	provider_typed	general_adapter_or_provider	해당 없음		not_connected		Unlinked	unreviewed		unreviewed		unreviewed		unreviewed		unreviewed		unreviewed			Unreviewed		원장/감사 queue에 유지; 새 발견은 다음 backlog
Bithumb	Deposits and withdrawals	Http	DELETE	/v1/withdraws/coin	가상-자산-출금-취소	documented_active	common_existing	general_adapter_or_provider	해당 없음	wallet.cancel_withdrawal	connected	bindings/common/src/coverage.rs::OPERATIONS	Partial	present	src/adapter.rs:184	present	bindings/common/src/schema.rs::binding_schema	present	bindings/python/python/maxt/_generated_contract.py;bindings/dart/lib/src/generated_contract.dart;bindings/typescript/src/generated/contract.ts	present	bindings/python/python/maxt/adapters.py	present	bindings/dart/lib/src/generated_provider_methods.dart	present	bindings/typescript/src/generated/api.ts	Fixture	Partial	cancel_withdrawal	원장/감사 queue에 유지; 새 발견은 다음 backlog
Bithumb	Deposits and withdrawals	Http	GET	/v1/api_keys	api-키-리스트-조회	documented_active	provider_typed	general_adapter_or_provider	해당 없음	wallet.api_keys	connected	bindings/common/src/coverage.rs::OPERATIONS	Implemented	present	src/adapters/bithumb/mod.rs:1208	present	bindings/common/src/schema.rs::binding_schema	present	bindings/python/python/maxt/_generated_contract.py;bindings/dart/lib/src/generated_contract.dart;bindings/typescript/src/generated/contract.ts	present	bindings/python/python/maxt/adapters.py	present	bindings/dart/lib/src/generated_provider_methods.dart	present	bindings/typescript/src/generated/api.ts	Fixture	MechanicallyConnected	api_keys	감사 초안; 의미상 Complete 아님
Bithumb	Deposits and withdrawals	Http	GET	/v1/deposit	개별-입금-조회	documented_active	common_existing	general_adapter_or_provider	해당 없음	wallet.deposit	connected	bindings/common/src/coverage.rs::OPERATIONS	Partial	present	src/adapter.rs:172	present	bindings/common/src/schema.rs::binding_schema	present	bindings/python/python/maxt/_generated_contract.py;bindings/dart/lib/src/generated_contract.dart;bindings/typescript/src/generated/contract.ts	present	bindings/python/python/maxt/adapters.py	present	bindings/dart/lib/src/generated_provider_methods.dart	present	bindings/typescript/src/generated/api.ts	Fixture	Partial	deposit	원장/감사 queue에 유지; 새 발견은 다음 backlog
Bithumb	Deposits and withdrawals	Http	GET	/v1/deposits	입금-리스트-조회	documented_active	common_existing	general_adapter_or_provider	해당 없음	wallet.deposits	connected	bindings/common/src/coverage.rs::OPERATIONS	Implemented	present	src/adapter.rs:190	present	bindings/common/src/schema.rs::binding_schema	present	bindings/python/python/maxt/_generated_contract.py;bindings/dart/lib/src/generated_contract.dart;bindings/typescript/src/generated/contract.ts	present	bindings/python/python/maxt/adapters.py	present	bindings/dart/lib/src/generated_provider_methods.dart	present	bindings/typescript/src/generated/api.ts	Fixture	MechanicallyConnected	deposits	감사 초안; 의미상 Complete 아님
Bithumb	Deposits and withdrawals	Http	GET	/v1/deposits/coin_address	개별-입금-주소-조회	documented_active	common_existing	general_adapter_or_provider	해당 없음	wallet.deposit_address	connected	bindings/common/src/coverage.rs::OPERATIONS	Implemented	present	src/adapter.rs:135	present	bindings/common/src/schema.rs::binding_schema	present	bindings/python/python/maxt/_generated_contract.py;bindings/dart/lib/src/generated_contract.dart;bindings/typescript/src/generated/contract.ts	present	bindings/python/python/maxt/adapters.py	present	bindings/dart/lib/src/generated_provider_methods.dart	present	bindings/typescript/src/generated/api.ts	Fixture	MechanicallyConnected	deposit_address	감사 초안; 의미상 Complete 아님
Bithumb	Deposits and withdrawals	Http	GET	/v1/deposits/coin_addresses	전체-입금-주소-조회	documented_active	common_existing	general_adapter_or_provider	해당 없음	wallet.deposit_addresses	connected	bindings/common/src/coverage.rs::OPERATIONS	Implemented	present	src/adapter.rs:130	present	bindings/common/src/schema.rs::binding_schema	present	bindings/python/python/maxt/_generated_contract.py;bindings/dart/lib/src/generated_contract.dart;bindings/typescript/src/generated/contract.ts	present	bindings/python/python/maxt/adapters.py	present	bindings/dart/lib/src/generated_provider_methods.dart	present	bindings/typescript/src/generated/api.ts	Fixture	MechanicallyConnected	deposit_addresses	감사 초안; 의미상 Complete 아님
Bithumb	Deposits and withdrawals	Http	GET	/v1/status/wallet	입출금-현황	documented_active	common_existing	general_adapter_or_provider	해당 없음	wallet.wallet_status	connected	bindings/common/src/coverage.rs::OPERATIONS	Implemented	present	src/adapter.rs:121	present	bindings/common/src/schema.rs::binding_schema	present	bindings/python/python/maxt/_generated_contract.py;bindings/dart/lib/src/generated_contract.dart;bindings/typescript/src/generated/contract.ts	present	bindings/python/python/maxt/adapters.py	present	bindings/dart/lib/src/generated_provider_methods.dart	present	bindings/typescript/src/generated/api.ts	Fixture	MechanicallyConnected	asset_networks	감사 초안; 의미상 Complete 아님
Bithumb	Deposits and withdrawals	Http	GET	/v1/withdraw	개별-출금-조회	documented_active	common_existing	general_adapter_or_provider	해당 없음	wallet.withdrawal	connected	bindings/common/src/coverage.rs::OPERATIONS	Partial	present	src/adapter.rs:178	present	bindings/common/src/schema.rs::binding_schema	present	bindings/python/python/maxt/_generated_contract.py;bindings/dart/lib/src/generated_contract.dart;bindings/typescript/src/generated/contract.ts	present	bindings/python/python/maxt/adapters.py	present	bindings/dart/lib/src/generated_provider_methods.dart	present	bindings/typescript/src/generated/api.ts	Fixture	Partial	withdrawal	원장/감사 queue에 유지; 새 발견은 다음 backlog
Bithumb	Deposits and withdrawals	Http	GET	/v1/withdraws	출금-리스트-조회	documented_active	common_existing	general_adapter_or_provider	해당 없음	wallet.withdrawals	connected	bindings/common/src/coverage.rs::OPERATIONS	Implemented	present	src/adapter.rs:196	present	bindings/common/src/schema.rs::binding_schema	present	bindings/python/python/maxt/_generated_contract.py;bindings/dart/lib/src/generated_contract.dart;bindings/typescript/src/generated/contract.ts	present	bindings/python/python/maxt/adapters.py	present	bindings/dart/lib/src/generated_provider_methods.dart	present	bindings/typescript/src/generated/api.ts	Fixture	MechanicallyConnected	withdrawals	감사 초안; 의미상 Complete 아님
Bithumb	Deposits and withdrawals	Http	GET	/v1/withdraws/chance	출금-가능-정보	documented_active	common_existing	general_adapter_or_provider	해당 없음	wallet.withdraw_chance	connected	bindings/common/src/coverage.rs::OPERATIONS	Implemented	present	src/adapter.rs:157	present	bindings/common/src/schema.rs::binding_schema	present	bindings/python/python/maxt/_generated_contract.py;bindings/dart/lib/src/generated_contract.dart;bindings/typescript/src/generated/contract.ts	present	bindings/python/python/maxt/adapters.py	present	bindings/dart/lib/src/generated_provider_methods.dart	present	bindings/typescript/src/generated/api.ts	Fixture	MechanicallyConnected	prepare_withdrawal	감사 초안; 의미상 Complete 아님
Bithumb	Deposits and withdrawals	Http	GET	/v1/withdraws/coin_addresses	출금-허용-주소-리스트-조회	documented_active	provider_typed	general_adapter_or_provider	해당 없음	wallet.withdraw_addresses	connected	bindings/common/src/coverage.rs::OPERATIONS	Implemented	present	src/adapters/bithumb/mod.rs:1217	present	bindings/common/src/schema.rs::binding_schema	present	bindings/python/python/maxt/_generated_contract.py;bindings/dart/lib/src/generated_contract.dart;bindings/typescript/src/generated/contract.ts	present	bindings/python/python/maxt/adapters.py	present	bindings/dart/lib/src/generated_provider_methods.dart	present	bindings/typescript/src/generated/api.ts	Fixture	MechanicallyConnected	withdrawal_addresses	감사 초안; 의미상 Complete 아님
Bithumb	Deposits and withdrawals	Http	POST	/v1/deposits/generate_coin_address	입금-주소-생성-요청	documented_active	common_existing	general_adapter_or_provider	해당 없음	wallet.create_deposit_address	connected	bindings/common/src/coverage.rs::OPERATIONS	Implemented	present	src/adapter.rs:148	present	bindings/common/src/schema.rs::binding_schema	present	bindings/python/python/maxt/_generated_contract.py;bindings/dart/lib/src/generated_contract.dart;bindings/typescript/src/generated/contract.ts	present	bindings/python/python/maxt/adapters.py	present	bindings/dart/lib/src/generated_provider_methods.dart	present	bindings/typescript/src/generated/api.ts	Fixture	MechanicallyConnected	create_deposit_address	감사 초안; 의미상 Complete 아님
Bithumb	Deposits and withdrawals	Http	POST	/v1/withdraws/coin	가상-자산-출금-요청	documented_active	common_existing	general_adapter_or_provider	해당 없음	wallet.withdraw_coin	connected	bindings/common/src/coverage.rs::OPERATIONS	Implemented	present	src/adapter.rs:166	present	bindings/common/src/schema.rs::binding_schema	present	bindings/python/python/maxt/_generated_contract.py;bindings/dart/lib/src/generated_contract.dart;bindings/typescript/src/generated/contract.ts	present	bindings/python/python/maxt/adapters.py	present	bindings/dart/lib/src/generated_provider_methods.dart	present	bindings/typescript/src/generated/api.ts	Fixture	MechanicallyConnected	withdraw	감사 초안; 의미상 Complete 아님
Bithumb	Exchange	Http	DELETE	/v2/order	주문-취소-접수	documented_active	common_existing	general_adapter_or_provider	해당 없음	exchange.cancel_order	connected	bindings/common/src/coverage.rs::OPERATIONS	Partial	present	src/adapter.rs:250;src/adapter.rs:256	present	bindings/common/src/schema.rs::binding_schema	present	bindings/python/python/maxt/_generated_contract.py;bindings/dart/lib/src/generated_contract.dart;bindings/typescript/src/generated/contract.ts	present	bindings/python/python/maxt/adapters.py	present	bindings/dart/lib/src/generated_provider_methods.dart	present	bindings/typescript/src/generated/api.ts	Fixture	Partial	cancel_order;cancel_order_by_client_id	원장/감사 queue에 유지; 새 발견은 다음 backlog
Bithumb	Exchange	Http	GET	/v1/accounts	전체-자산-조회	documented_active	common_existing	general_adapter_or_provider	해당 없음	exchange.balances	connected	bindings/common/src/coverage.rs::OPERATIONS	Implemented	present	src/adapter.rs:110	present	bindings/common/src/schema.rs::binding_schema	present	bindings/python/python/maxt/_generated_contract.py;bindings/dart/lib/src/generated_contract.dart;bindings/typescript/src/generated/contract.ts	present	bindings/python/python/maxt/adapters.py	present	bindings/dart/lib/src/generated_provider_methods.dart	present	bindings/typescript/src/generated/api.ts	Fixture	MechanicallyConnected	balances	감사 초안; 의미상 Complete 아님
Bithumb	Exchange	Http	GET	/v1/order	개별-주문-조회	documented_active	common_and_provider	general_adapter_or_provider	해당 없음	exchange.get_order	connected	bindings/common/src/coverage.rs::OPERATIONS	Implemented	present	src/adapter.rs:211;src/adapter.rs:217;src/adapters/bithumb/mod.rs:1227	present	bindings/common/src/schema.rs::binding_schema	present	bindings/python/python/maxt/_generated_contract.py;bindings/dart/lib/src/generated_contract.dart;bindings/typescript/src/generated/contract.ts	present	bindings/python/python/maxt/adapters.py	present	bindings/dart/lib/src/generated_provider_methods.dart	present	bindings/typescript/src/generated/api.ts	Fixture	MechanicallyConnected	order;order_by_client_id;order_detail	감사 초안; 의미상 Complete 아님
Bithumb	Exchange	Http	GET	/v1/orders	주문-리스트-조회	documented_active	common_and_provider	general_adapter_or_provider	해당 없음	exchange.orders	connected	bindings/common/src/coverage.rs::OPERATIONS	Partial	present	src/adapter.rs:205;src/adapters/bithumb/mod.rs:1240	present	bindings/common/src/schema.rs::binding_schema	present	bindings/python/python/maxt/_generated_contract.py;bindings/dart/lib/src/generated_contract.dart;bindings/typescript/src/generated/contract.ts	present	bindings/python/python/maxt/adapters.py	present	bindings/dart/lib/src/generated_provider_methods.dart	present	bindings/typescript/src/generated/api.ts	Fixture	Partial	open_orders;order_list	원장/감사 queue에 유지; 새 발견은 다음 backlog
Bithumb	Exchange	Http	GET	/v1/orders/chance	주문-가능-정보	documented_active	common_existing	general_adapter_or_provider	해당 없음	exchange.available_order_info	connected	bindings/common/src/coverage.rs::OPERATIONS	Implemented	present	src/adapter.rs:115	present	bindings/common/src/schema.rs::binding_schema	present	bindings/python/python/maxt/_generated_contract.py;bindings/dart/lib/src/generated_contract.dart;bindings/typescript/src/generated/contract.ts	present	bindings/python/python/maxt/adapters.py	present	bindings/dart/lib/src/generated_provider_methods.dart	present	bindings/typescript/src/generated/api.ts	Fixture	MechanicallyConnected	order_rules	감사 초안; 의미상 Complete 아님
Bithumb	Exchange	Http	GET	/v2/orders/history	종료-주문-목록-조회	documented_active	common_and_provider	general_adapter_or_provider	해당 없음	exchange.closed_orders	connected	bindings/common/src/coverage.rs::OPERATIONS	Implemented	present	src/adapter.rs:229;src/adapters/bithumb/mod.rs:1248	present	bindings/common/src/schema.rs::binding_schema	present	bindings/python/python/maxt/_generated_contract.py;bindings/dart/lib/src/generated_contract.dart;bindings/typescript/src/generated/contract.ts	present	bindings/python/python/maxt/adapters.py	present	bindings/dart/lib/src/generated_provider_methods.dart	present	bindings/typescript/src/generated/api.ts	Fixture	MechanicallyConnected	closed_orders;order_history	감사 초안; 의미상 Complete 아님
Bithumb	Exchange	Http	GET	/v2/orders/pending	대기-주문-목록-조회	documented_active	provider_typed	general_adapter_or_provider	해당 없음	exchange.pending_orders	connected	bindings/common/src/coverage.rs::OPERATIONS	Implemented	present	src/adapters/bithumb/mod.rs:1256	present	bindings/common/src/schema.rs::binding_schema	present	bindings/python/python/maxt/_generated_contract.py;bindings/dart/lib/src/generated_contract.dart;bindings/typescript/src/generated/contract.ts	present	bindings/python/python/maxt/adapters.py	present	bindings/dart/lib/src/generated_provider_methods.dart	present	bindings/typescript/src/generated/api.ts	Fixture	MechanicallyConnected	pending_orders	감사 초안; 의미상 Complete 아님
Bithumb	Exchange	Http	POST	/v2/orders	주문-요청	documented_active	common_existing	general_adapter_or_provider	해당 없음	exchange.new_order	connected	bindings/common/src/coverage.rs::OPERATIONS	Partial	present	src/adapter.rs:244	present	bindings/common/src/schema.rs::binding_schema	present	bindings/python/python/maxt/_generated_contract.py;bindings/dart/lib/src/generated_contract.dart;bindings/typescript/src/generated/contract.ts	present	bindings/python/python/maxt/adapters.py	present	bindings/dart/lib/src/generated_provider_methods.dart	present	bindings/typescript/src/generated/api.ts	Fixture	Partial	place_order	원장/감사 queue에 유지; 새 발견은 다음 backlog
Bithumb	Exchange	Http	POST	/v2/orders/batch	다건-주문-요청	documented_active	provider_typed	general_adapter_or_provider	해당 없음	exchange.batch_orders	connected	bindings/common/src/coverage.rs::OPERATIONS	Partial	present	src/adapters/bithumb/mod.rs:1285	present	bindings/common/src/schema.rs::binding_schema	present	bindings/python/python/maxt/_generated_contract.py;bindings/dart/lib/src/generated_contract.dart;bindings/typescript/src/generated/contract.ts	present	bindings/python/python/maxt/adapters.py	present	bindings/dart/lib/src/generated_provider_methods.dart	present	bindings/typescript/src/generated/api.ts	Fixture	Partial	batch_orders	원장/감사 queue에 유지; 새 발견은 다음 backlog
Bithumb	Exchange	Http	POST	/v2/orders/cancel	다건-주문-취소-접수	documented_active	common_existing	general_adapter_or_provider	해당 없음	exchange.cancel_orders	connected	bindings/common/src/coverage.rs::OPERATIONS	Partial	present	src/adapter.rs:266	present	bindings/common/src/schema.rs::binding_schema	present	bindings/python/python/maxt/_generated_contract.py;bindings/dart/lib/src/generated_contract.dart;bindings/typescript/src/generated/contract.ts	present	bindings/python/python/maxt/adapters.py	present	bindings/dart/lib/src/generated_provider_methods.dart	present	bindings/typescript/src/generated/api.ts	Fixture	Partial	cancel_orders	원장/감사 queue에 유지; 새 발견은 다음 backlog
Bithumb	Exchange	Http	POST	/v2/orders/search	다건-주문-조회	documented_active	common_existing	general_adapter_or_provider	해당 없음	exchange.orders_by_ids	connected	bindings/common/src/coverage.rs::OPERATIONS	Partial	present	src/adapter.rs:223	present	bindings/common/src/schema.rs::binding_schema	present	bindings/python/python/maxt/_generated_contract.py;bindings/dart/lib/src/generated_contract.dart;bindings/typescript/src/generated/contract.ts	present	bindings/python/python/maxt/adapters.py	present	bindings/dart/lib/src/generated_provider_methods.dart	present	bindings/typescript/src/generated/api.ts	Fixture	Partial	orders_by_ids	원장/감사 queue에 유지; 새 발견은 다음 backlog
Bithumb	Exchange	WebSocketStream	SUBSCRIBE	type=myAsset	myAsset	documented_active	common_existing	general_adapter_or_provider	해당 없음	exchange.my_asset_stream	connected	bindings/common/src/coverage.rs::OPERATIONS	Partial	present	src/adapter.rs:238	present	bindings/common/src/schema.rs::binding_schema	present	bindings/python/python/maxt/_generated_contract.py;bindings/dart/lib/src/generated_contract.dart;bindings/typescript/src/generated/contract.ts	present	bindings/python/python/maxt/adapters.py	present	bindings/dart/lib/src/generated_provider_methods.dart	present	bindings/typescript/src/generated/api.ts	Fixture	Partial	subscribe_account	원장/감사 queue에 유지; 새 발견은 다음 backlog
Bithumb	Exchange	WebSocketStream	SUBSCRIBE	type=myOrder	myOrder	documented_active	common_existing	general_adapter_or_provider	해당 없음	exchange.my_order_stream	connected	bindings/common/src/coverage.rs::OPERATIONS	Partial	present	src/adapter.rs:238	present	bindings/common/src/schema.rs::binding_schema	present	bindings/python/python/maxt/_generated_contract.py;bindings/dart/lib/src/generated_contract.dart;bindings/typescript/src/generated/contract.ts	present	bindings/python/python/maxt/adapters.py	present	bindings/dart/lib/src/generated_provider_methods.dart	present	bindings/typescript/src/generated/api.ts	Fixture	Partial	subscribe_account	원장/감사 queue에 유지; 새 발견은 다음 backlog
Bithumb	KRW deposits and withdrawals	Http	GET	/v1/deposits/krw	원화-입금-리스트-조회	documented_active	provider_typed	general_adapter_or_provider	해당 없음	krw.deposits	connected	bindings/common/src/coverage.rs::OPERATIONS	Implemented	present	src/adapters/bithumb/mod.rs:1189	present	bindings/common/src/schema.rs::binding_schema	present	bindings/python/python/maxt/_generated_contract.py;bindings/dart/lib/src/generated_contract.dart;bindings/typescript/src/generated/contract.ts	present	bindings/python/python/maxt/adapters.py	present	bindings/dart/lib/src/generated_provider_methods.dart	present	bindings/typescript/src/generated/api.ts	Fixture	MechanicallyConnected	krw_deposits	감사 초안; 의미상 Complete 아님
Bithumb	KRW deposits and withdrawals	Http	GET	/v1/withdraws/krw	원화-출금-리스트-조회	documented_active	provider_typed	general_adapter_or_provider	해당 없음	krw.withdrawals	connected	bindings/common/src/coverage.rs::OPERATIONS	Implemented	present	src/adapters/bithumb/mod.rs:1169	present	bindings/common/src/schema.rs::binding_schema	present	bindings/python/python/maxt/_generated_contract.py;bindings/dart/lib/src/generated_contract.dart;bindings/typescript/src/generated/contract.ts	present	bindings/python/python/maxt/adapters.py	present	bindings/dart/lib/src/generated_provider_methods.dart	present	bindings/typescript/src/generated/api.ts	Fixture	MechanicallyConnected	krw_withdrawals	감사 초안; 의미상 Complete 아님
Bithumb	KRW deposits and withdrawals	Http	POST	/v1/deposits/krw	원화-입금	documented_active	provider_typed	general_adapter_or_provider	해당 없음	krw.deposit	connected	bindings/common/src/coverage.rs::OPERATIONS	Implemented	present	src/adapters/bithumb/mod.rs:1200	present	bindings/common/src/schema.rs::binding_schema	present	bindings/python/python/maxt/_generated_contract.py;bindings/dart/lib/src/generated_contract.dart;bindings/typescript/src/generated/contract.ts	present	bindings/python/python/maxt/adapters.py	present	bindings/dart/lib/src/generated_provider_methods.dart	present	bindings/typescript/src/generated/api.ts	Fixture	MechanicallyConnected	deposit_krw	감사 초안; 의미상 Complete 아님
Bithumb	KRW deposits and withdrawals	Http	POST	/v1/withdraws/krw	원화-출금-요청	documented_active	provider_typed	general_adapter_or_provider	해당 없음	krw.withdraw	connected	bindings/common/src/coverage.rs::OPERATIONS	Implemented	present	src/adapters/bithumb/mod.rs:1181	present	bindings/common/src/schema.rs::binding_schema	present	bindings/python/python/maxt/_generated_contract.py;bindings/dart/lib/src/generated_contract.dart;bindings/typescript/src/generated/contract.ts	present	bindings/python/python/maxt/adapters.py	present	bindings/dart/lib/src/generated_provider_methods.dart	present	bindings/typescript/src/generated/api.ts	Fixture	MechanicallyConnected	withdraw_krw	감사 초안; 의미상 Complete 아님
Bithumb	Quotation	Http	GET	/v1/candles/days	일day-캔들-조회	documented_active	common_existing	general_adapter_or_provider	해당 없음	quotation.candles_days	connected	bindings/common/src/coverage.rs::OPERATIONS	Implemented	present	src/adapter.rs:68	present	bindings/common/src/schema.rs::binding_schema	present	bindings/python/python/maxt/_generated_contract.py;bindings/dart/lib/src/generated_contract.dart;bindings/typescript/src/generated/contract.ts	present	bindings/python/python/maxt/adapters.py	present	bindings/dart/lib/src/generated_provider_methods.dart	present	bindings/typescript/src/generated/api.ts	LiveRead	MechanicallyConnected	candles	감사 초안; 의미상 Complete 아님
Bithumb	Quotation	Http	GET	/v1/candles/minutes/{unit}	분minute-캔들-조회	documented_active	common_existing	general_adapter_or_provider	해당 없음	quotation.candles_minutes	connected	bindings/common/src/coverage.rs::OPERATIONS	Implemented	present	src/adapter.rs:68	present	bindings/common/src/schema.rs::binding_schema	present	bindings/python/python/maxt/_generated_contract.py;bindings/dart/lib/src/generated_contract.dart;bindings/typescript/src/generated/contract.ts	present	bindings/python/python/maxt/adapters.py	present	bindings/dart/lib/src/generated_provider_methods.dart	present	bindings/typescript/src/generated/api.ts	LiveRead	MechanicallyConnected	candles	감사 초안; 의미상 Complete 아님
Bithumb	Quotation	Http	GET	/v1/candles/months	월month-캔들-조회	documented_active	common_existing	general_adapter_or_provider	해당 없음	quotation.candles_months	connected	bindings/common/src/coverage.rs::OPERATIONS	Implemented	present	src/adapter.rs:68	present	bindings/common/src/schema.rs::binding_schema	present	bindings/python/python/maxt/_generated_contract.py;bindings/dart/lib/src/generated_contract.dart;bindings/typescript/src/generated/contract.ts	present	bindings/python/python/maxt/adapters.py	present	bindings/dart/lib/src/generated_provider_methods.dart	present	bindings/typescript/src/generated/api.ts	LiveRead	MechanicallyConnected	candles	감사 초안; 의미상 Complete 아님
Bithumb	Quotation	Http	GET	/v1/candles/weeks	주week-캔들-조회	documented_active	common_existing	general_adapter_or_provider	해당 없음	quotation.candles_weeks	connected	bindings/common/src/coverage.rs::OPERATIONS	Implemented	present	src/adapter.rs:68	present	bindings/common/src/schema.rs::binding_schema	present	bindings/python/python/maxt/_generated_contract.py;bindings/dart/lib/src/generated_contract.dart;bindings/typescript/src/generated/contract.ts	present	bindings/python/python/maxt/adapters.py	present	bindings/dart/lib/src/generated_provider_methods.dart	present	bindings/typescript/src/generated/api.ts	LiveRead	MechanicallyConnected	candles	감사 초안; 의미상 Complete 아님
Bithumb	Quotation	Http	GET	/v1/market/all	거래-대상-목록-조회	documented_active	common_and_provider	general_adapter_or_provider	해당 없음	quotation.markets	connected	bindings/common/src/coverage.rs::OPERATIONS	Implemented	present	src/adapter.rs:44;src/adapters/bithumb/mod.rs:1139	present	bindings/common/src/schema.rs::binding_schema	present	bindings/python/python/maxt/_generated_contract.py;bindings/dart/lib/src/generated_contract.dart;bindings/typescript/src/generated/contract.ts	present	bindings/python/python/maxt/adapters.py	present	bindings/dart/lib/src/generated_provider_methods.dart	present	bindings/typescript/src/generated/api.ts	LiveRead	MechanicallyConnected	market_warnings;markets	감사 초안; 의미상 Complete 아님
Bithumb	Quotation	Http	GET	/v1/market/virtual_asset_warning	경보제-조회	documented_active	provider_typed	general_adapter_or_provider	해당 없음	quotation.virtual_asset_warning	connected	bindings/common/src/coverage.rs::OPERATIONS	Implemented	present	src/adapters/bithumb/mod.rs:1147	present	bindings/common/src/schema.rs::binding_schema	present	bindings/python/python/maxt/_generated_contract.py;bindings/dart/lib/src/generated_contract.dart;bindings/typescript/src/generated/contract.ts	present	bindings/python/python/maxt/adapters.py	present	bindings/dart/lib/src/generated_provider_methods.dart	present	bindings/typescript/src/generated/api.ts	LiveRead	MechanicallyConnected	market_alerts	감사 초안; 의미상 Complete 아님
Bithumb	Quotation	Http	GET	/v1/notices	공지사항-조회	documented_active	provider_typed	general_adapter_or_provider	해당 없음	quotation.notices	connected	bindings/common/src/coverage.rs::OPERATIONS	Implemented	present	src/adapters/bithumb/mod.rs:1155	present	bindings/common/src/schema.rs::binding_schema	present	bindings/python/python/maxt/_generated_contract.py;bindings/dart/lib/src/generated_contract.dart;bindings/typescript/src/generated/contract.ts	present	bindings/python/python/maxt/adapters.py	present	bindings/dart/lib/src/generated_provider_methods.dart	present	bindings/typescript/src/generated/api.ts	LiveRead	MechanicallyConnected	notices	감사 초안; 의미상 Complete 아님
Bithumb	Quotation	Http	GET	/v1/orderbook	호가-조회	documented_active	common_existing	general_adapter_or_provider	해당 없음	quotation.orderbook	connected	bindings/common/src/coverage.rs::OPERATIONS	Partial	present	src/adapter.rs:56	present	bindings/common/src/schema.rs::binding_schema	present	bindings/python/python/maxt/_generated_contract.py;bindings/dart/lib/src/generated_contract.dart;bindings/typescript/src/generated/contract.ts	present	bindings/python/python/maxt/adapters.py	present	bindings/dart/lib/src/generated_provider_methods.dart	present	bindings/typescript/src/generated/api.ts	LiveRead	Partial	order_book	원장/감사 queue에 유지; 새 발견은 다음 backlog
Bithumb	Quotation	Http	GET	/v1/ticker	현재가-조회	documented_active	common_existing	general_adapter_or_provider	해당 없음	quotation.ticker	connected	bindings/common/src/coverage.rs::OPERATIONS	Implemented	present	src/adapter.rs:62	present	bindings/common/src/schema.rs::binding_schema	present	bindings/python/python/maxt/_generated_contract.py;bindings/dart/lib/src/generated_contract.dart;bindings/typescript/src/generated/contract.ts	present	bindings/python/python/maxt/adapters.py	present	bindings/dart/lib/src/generated_provider_methods.dart	present	bindings/typescript/src/generated/api.ts	LiveRead	MechanicallyConnected	ticker	감사 초안; 의미상 Complete 아님
Bithumb	Quotation	Http	GET	/v1/trades/ticks	체결-내역-조회	documented_active	common_existing	general_adapter_or_provider	해당 없음	quotation.trades_ticks	connected	bindings/common/src/coverage.rs::OPERATIONS	Implemented	present	src/adapter.rs:50	present	bindings/common/src/schema.rs::binding_schema	present	bindings/python/python/maxt/_generated_contract.py;bindings/dart/lib/src/generated_contract.dart;bindings/typescript/src/generated/contract.ts	present	bindings/python/python/maxt/adapters.py	present	bindings/dart/lib/src/generated_provider_methods.dart	present	bindings/typescript/src/generated/api.ts	LiveRead	MechanicallyConnected	trades	감사 초안; 의미상 Complete 아님
Bithumb	Quotation	Http	GET	/v2/fee/inout/{currency}	입출금-수수료-조회	documented_active	provider_typed	general_adapter_or_provider	해당 없음	quotation.inout_fee	connected	bindings/common/src/coverage.rs::OPERATIONS	Implemented	present	src/adapters/bithumb/mod.rs:1164	present	bindings/common/src/schema.rs::binding_schema	present	bindings/python/python/maxt/_generated_contract.py;bindings/dart/lib/src/generated_contract.dart;bindings/typescript/src/generated/contract.ts	present	bindings/python/python/maxt/adapters.py	present	bindings/dart/lib/src/generated_provider_methods.dart	present	bindings/typescript/src/generated/api.ts	LiveRead	MechanicallyConnected	transfer_fees	감사 초안; 의미상 Complete 아님
Bithumb	Quotation	WebSocketStream	SUBSCRIBE	type=orderbook	orderbook	documented_active	common_existing	general_adapter_or_provider	해당 없음	quotation.orderbook_stream	connected	bindings/common/src/coverage.rs::OPERATIONS	Partial	present	src/adapter.rs:78	present	bindings/common/src/schema.rs::binding_schema	present	bindings/python/python/maxt/_generated_contract.py;bindings/dart/lib/src/generated_contract.dart;bindings/typescript/src/generated/contract.ts	present	bindings/python/python/maxt/adapters.py	present	bindings/dart/lib/src/generated_provider_methods.dart	present	bindings/typescript/src/generated/api.ts	LiveRead	Partial	subscribe	원장/감사 queue에 유지; 새 발견은 다음 backlog
Bithumb	Quotation	WebSocketStream	SUBSCRIBE	type=ticker	ticker	documented_active	common_existing	general_adapter_or_provider	해당 없음	quotation.ticker_stream	connected	bindings/common/src/coverage.rs::OPERATIONS	Partial	present	src/adapter.rs:78	present	bindings/common/src/schema.rs::binding_schema	present	bindings/python/python/maxt/_generated_contract.py;bindings/dart/lib/src/generated_contract.dart;bindings/typescript/src/generated/contract.ts	present	bindings/python/python/maxt/adapters.py	present	bindings/dart/lib/src/generated_provider_methods.dart	present	bindings/typescript/src/generated/api.ts	LiveRead	Partial	subscribe	원장/감사 queue에 유지; 새 발견은 다음 backlog
Bithumb	Quotation	WebSocketStream	SUBSCRIBE	type=trade	trade	documented_active	common_existing	general_adapter_or_provider	해당 없음	quotation.trade_stream	connected	bindings/common/src/coverage.rs::OPERATIONS	Partial	present	src/adapter.rs:78	present	bindings/common/src/schema.rs::binding_schema	present	bindings/python/python/maxt/_generated_contract.py;bindings/dart/lib/src/generated_contract.dart;bindings/typescript/src/generated/contract.ts	present	bindings/python/python/maxt/adapters.py	present	bindings/dart/lib/src/generated_provider_methods.dart	present	bindings/typescript/src/generated/api.ts	LiveRead	Partial	subscribe	원장/감사 queue에 유지; 새 발견은 다음 backlog
Bithumb	TWAP	Http	DELETE	/v1/twap	twap-주문-취소	documented_active	provider_typed	general_adapter_or_provider	해당 없음	twap.cancel_twap	connected	bindings/common/src/coverage.rs::OPERATIONS	Implemented	present	src/adapters/bithumb/mod.rs:1277	present	bindings/common/src/schema.rs::binding_schema	present	bindings/python/python/maxt/_generated_contract.py;bindings/dart/lib/src/generated_contract.dart;bindings/typescript/src/generated/contract.ts	present	bindings/python/python/maxt/adapters.py	present	bindings/dart/lib/src/generated_provider_methods.dart	present	bindings/typescript/src/generated/api.ts	Fixture	MechanicallyConnected	cancel_twap_order	감사 초안; 의미상 Complete 아님
Bithumb	TWAP	Http	GET	/v1/twap	twap-주문내역-조회	documented_active	provider_typed	general_adapter_or_provider	해당 없음	twap.twap	connected	bindings/common/src/coverage.rs::OPERATIONS	Implemented	present	src/adapters/bithumb/mod.rs:1264	present	bindings/common/src/schema.rs::binding_schema	present	bindings/python/python/maxt/_generated_contract.py;bindings/dart/lib/src/generated_contract.dart;bindings/typescript/src/generated/contract.ts	present	bindings/python/python/maxt/adapters.py	present	bindings/dart/lib/src/generated_provider_methods.dart	present	bindings/typescript/src/generated/api.ts	Fixture	MechanicallyConnected	twap_orders	감사 초안; 의미상 Complete 아님
Bithumb	TWAP	Http	POST	/v1/twap	twap-주문-요청	documented_active	provider_typed	general_adapter_or_provider	해당 없음	twap.create_twap	connected	bindings/common/src/coverage.rs::OPERATIONS	Implemented	present	src/adapters/bithumb/mod.rs:1272	present	bindings/common/src/schema.rs::binding_schema	present	bindings/python/python/maxt/_generated_contract.py;bindings/dart/lib/src/generated_contract.dart;bindings/typescript/src/generated/contract.ts	present	bindings/python/python/maxt/adapters.py	present	bindings/dart/lib/src/generated_provider_methods.dart	present	bindings/typescript/src/generated/api.ts	Fixture	MechanicallyConnected	create_twap_order	감사 초안; 의미상 Complete 아님
Hyperliquid	CoreWriter	Contract	CALL	0x3333333333333333333333333333333333333333 action_id=1	limitOrder	documented_active	platform_limited	separate_platform_or_protocol_service	이번 릴리스 보류(임시; 사용자 승인 필요)		not_connected		Unlinked	unreviewed		unreviewed		unreviewed		unreviewed		unreviewed		unreviewed			Unreviewed		별도 platform/protocol service 결정 대기; 사용자 승인 전 구현 재개 금지
Hyperliquid	CoreWriter	Contract	CALL	0x3333333333333333333333333333333333333333 action_id=10	cancelOrderByOid	documented_active	platform_limited	separate_platform_or_protocol_service	이번 릴리스 보류(임시; 사용자 승인 필요)		not_connected		Unlinked	unreviewed		unreviewed		unreviewed		unreviewed		unreviewed		unreviewed			Unreviewed		별도 platform/protocol service 결정 대기; 사용자 승인 전 구현 재개 금지
Hyperliquid	CoreWriter	Contract	CALL	0x3333333333333333333333333333333333333333 action_id=11	cancelOrderByCloid	documented_active	platform_limited	separate_platform_or_protocol_service	이번 릴리스 보류(임시; 사용자 승인 필요)		not_connected		Unlinked	unreviewed		unreviewed		unreviewed		unreviewed		unreviewed		unreviewed			Unreviewed		별도 platform/protocol service 결정 대기; 사용자 승인 전 구현 재개 금지
Hyperliquid	CoreWriter	Contract	CALL	0x3333333333333333333333333333333333333333 action_id=12	approveBuilderFee	documented_active	platform_limited	separate_platform_or_protocol_service	이번 릴리스 보류(임시; 사용자 승인 필요)		not_connected		Unlinked	unreviewed		unreviewed		unreviewed		unreviewed		unreviewed		unreviewed			Unreviewed		별도 platform/protocol service 결정 대기; 사용자 승인 전 구현 재개 금지
Hyperliquid	CoreWriter	Contract	CALL	0x3333333333333333333333333333333333333333 action_id=13	sendAsset	documented_active	platform_limited	separate_platform_or_protocol_service	이번 릴리스 보류(임시; 사용자 승인 필요)		not_connected		Unlinked	unreviewed		unreviewed		unreviewed		unreviewed		unreviewed		unreviewed			Unreviewed		별도 platform/protocol service 결정 대기; 사용자 승인 전 구현 재개 금지
Hyperliquid	CoreWriter	Contract	CALL	0x3333333333333333333333333333333333333333 action_id=15	borrowLendOperation	documented_active	platform_limited	separate_platform_or_protocol_service	이번 릴리스 보류(임시; 사용자 승인 필요)		not_connected		Unlinked	unreviewed		unreviewed		unreviewed		unreviewed		unreviewed		unreviewed			Unreviewed		별도 platform/protocol service 결정 대기; 사용자 승인 전 구현 재개 금지
Hyperliquid	CoreWriter	Contract	CALL	0x3333333333333333333333333333333333333333 action_id=16	setAbstraction	documented_active	platform_limited	separate_platform_or_protocol_service	이번 릴리스 보류(임시; 사용자 승인 필요)		not_connected		Unlinked	unreviewed		unreviewed		unreviewed		unreviewed		unreviewed		unreviewed			Unreviewed		별도 platform/protocol service 결정 대기; 사용자 승인 전 구현 재개 금지
Hyperliquid	CoreWriter	Contract	CALL	0x3333333333333333333333333333333333333333 action_id=17	outcomeOperation	documented_active	platform_limited	separate_platform_or_protocol_service	이번 릴리스 보류(임시; 사용자 승인 필요)		not_connected		Unlinked	unreviewed		unreviewed		unreviewed		unreviewed		unreviewed		unreviewed			Unreviewed		별도 platform/protocol service 결정 대기; 사용자 승인 전 구현 재개 금지
Hyperliquid	CoreWriter	Contract	CALL	0x3333333333333333333333333333333333333333 action_id=2	vaultTransfer	documented_active	platform_limited	separate_platform_or_protocol_service	이번 릴리스 보류(임시; 사용자 승인 필요)		not_connected		Unlinked	unreviewed		unreviewed		unreviewed		unreviewed		unreviewed		unreviewed			Unreviewed		별도 platform/protocol service 결정 대기; 사용자 승인 전 구현 재개 금지
Hyperliquid	CoreWriter	Contract	CALL	0x3333333333333333333333333333333333333333 action_id=3	tokenDelegate	documented_active	platform_limited	separate_platform_or_protocol_service	이번 릴리스 보류(임시; 사용자 승인 필요)		not_connected		Unlinked	unreviewed		unreviewed		unreviewed		unreviewed		unreviewed		unreviewed			Unreviewed		별도 platform/protocol service 결정 대기; 사용자 승인 전 구현 재개 금지
Hyperliquid	CoreWriter	Contract	CALL	0x3333333333333333333333333333333333333333 action_id=4	stakingDeposit	documented_active	platform_limited	separate_platform_or_protocol_service	이번 릴리스 보류(임시; 사용자 승인 필요)		not_connected		Unlinked	unreviewed		unreviewed		unreviewed		unreviewed		unreviewed		unreviewed			Unreviewed		별도 platform/protocol service 결정 대기; 사용자 승인 전 구현 재개 금지
Hyperliquid	CoreWriter	Contract	CALL	0x3333333333333333333333333333333333333333 action_id=5	stakingWithdraw	documented_active	platform_limited	separate_platform_or_protocol_service	이번 릴리스 보류(임시; 사용자 승인 필요)		not_connected		Unlinked	unreviewed		unreviewed		unreviewed		unreviewed		unreviewed		unreviewed			Unreviewed		별도 platform/protocol service 결정 대기; 사용자 승인 전 구현 재개 금지
Hyperliquid	CoreWriter	Contract	CALL	0x3333333333333333333333333333333333333333 action_id=6	spotSend	documented_active	platform_limited	separate_platform_or_protocol_service	이번 릴리스 보류(임시; 사용자 승인 필요)		not_connected		Unlinked	unreviewed		unreviewed		unreviewed		unreviewed		unreviewed		unreviewed			Unreviewed		별도 platform/protocol service 결정 대기; 사용자 승인 전 구현 재개 금지
Hyperliquid	CoreWriter	Contract	CALL	0x3333333333333333333333333333333333333333 action_id=7	usdClassTransfer	documented_active	platform_limited	separate_platform_or_protocol_service	이번 릴리스 보류(임시; 사용자 승인 필요)		not_connected		Unlinked	unreviewed		unreviewed		unreviewed		unreviewed		unreviewed		unreviewed			Unreviewed		별도 platform/protocol service 결정 대기; 사용자 승인 전 구현 재개 금지
Hyperliquid	CoreWriter	Contract	CALL	0x3333333333333333333333333333333333333333 action_id=8	finalizeEvmContract	documented_active	platform_limited	separate_platform_or_protocol_service	이번 릴리스 보류(임시; 사용자 승인 필요)		not_connected		Unlinked	unreviewed		unreviewed		unreviewed		unreviewed		unreviewed		unreviewed			Unreviewed		별도 platform/protocol service 결정 대기; 사용자 승인 전 구현 재개 금지
Hyperliquid	CoreWriter	Contract	CALL	0x3333333333333333333333333333333333333333 action_id=9	addApiWallet	documented_active	platform_limited	separate_platform_or_protocol_service	이번 릴리스 보류(임시; 사용자 승인 필요)		not_connected		Unlinked	unreviewed		unreviewed		unreviewed		unreviewed		unreviewed		unreviewed			Unreviewed		별도 platform/protocol service 결정 대기; 사용자 승인 전 구현 재개 금지
Hyperliquid	Exchange endpoint	Http	POST	/exchange action=agentSendAsset	agentSendAsset	documented_active	provider_typed	general_adapter_or_provider	해당 없음		not_connected		Unlinked	unreviewed		unreviewed		unreviewed		unreviewed		unreviewed		unreviewed			Unreviewed		원장/감사 queue에 유지; 새 발견은 다음 backlog
Hyperliquid	Exchange endpoint	Http	POST	/exchange action=agentSetAbstraction	agentSetAbstraction	documented_active	provider_typed	general_adapter_or_provider	해당 없음		not_connected		Unlinked	unreviewed		unreviewed		unreviewed		unreviewed		unreviewed		unreviewed			Unreviewed		원장/감사 queue에 유지; 새 발견은 다음 backlog
Hyperliquid	Exchange endpoint	Http	POST	/exchange action=approveAgent	approveAgent	documented_active	provider_typed	general_adapter_or_provider	해당 없음		not_connected		Unlinked	unreviewed		unreviewed		unreviewed		unreviewed		unreviewed		unreviewed			Unreviewed		원장/감사 queue에 유지; 새 발견은 다음 backlog
Hyperliquid	Exchange endpoint	Http	POST	/exchange action=approveBuilderFee	approveBuilderFee	documented_active	provider_typed	general_adapter_or_provider	해당 없음		not_connected		Unlinked	unreviewed		unreviewed		unreviewed		unreviewed		unreviewed		unreviewed			Unreviewed		원장/감사 queue에 유지; 새 발견은 다음 backlog
Hyperliquid	Exchange endpoint	Http	POST	/exchange action=authorizeAqav2Role	authorizeAqav2Role	documented_active	platform_limited	separate_platform_or_protocol_service	이번 릴리스 보류(임시; 사용자 승인 필요)		not_connected		Unlinked	unreviewed		unreviewed		unreviewed		unreviewed		unreviewed		unreviewed			Unreviewed		별도 platform/protocol service 결정 대기; 사용자 승인 전 구현 재개 금지
Hyperliquid	Exchange endpoint	Http	POST	/exchange action=batchModify	batchModify	documented_active	provider_typed	general_adapter_or_provider	해당 없음		not_connected		Unlinked	unreviewed		unreviewed		unreviewed		unreviewed		unreviewed		unreviewed			Unreviewed		원장/감사 queue에 유지; 새 발견은 다음 backlog
Hyperliquid	Exchange endpoint	Http	POST	/exchange action=cDeposit	cDeposit	documented_active	provider_typed	general_adapter_or_provider	해당 없음		not_connected		Unlinked	unreviewed		unreviewed		unreviewed		unreviewed		unreviewed		unreviewed			Unreviewed		원장/감사 queue에 유지; 새 발견은 다음 backlog
Hyperliquid	Exchange endpoint	Http	POST	/exchange action=cWithdraw	cWithdraw	documented_active	provider_typed	general_adapter_or_provider	해당 없음		not_connected		Unlinked	unreviewed		unreviewed		unreviewed		unreviewed		unreviewed		unreviewed			Unreviewed		원장/감사 queue에 유지; 새 발견은 다음 backlog
Hyperliquid	Exchange endpoint	Http	POST	/exchange action=cancel	cancel	documented_active	common_existing	general_adapter_or_provider	해당 없음	exchange.cancel	connected	bindings/common/src/coverage.rs::OPERATIONS	Partial	present	src/adapter.rs:250	present	bindings/common/src/schema.rs::binding_schema	present	bindings/python/python/maxt/_generated_contract.py;bindings/dart/lib/src/generated_contract.dart;bindings/typescript/src/generated/contract.ts	present	bindings/python/python/maxt/adapters.py	present	bindings/dart/lib/src/generated_provider_methods.dart	present	bindings/typescript/src/generated/api.ts	Fixture	Partial	cancel_order	원장/감사 queue에 유지; 새 발견은 다음 backlog
Hyperliquid	Exchange endpoint	Http	POST	/exchange action=cancelByCloid	cancelByCloid	documented_active	provider_typed	general_adapter_or_provider	해당 없음		not_connected		Unlinked	unreviewed		unreviewed		unreviewed		unreviewed		unreviewed		unreviewed			Unreviewed		원장/감사 queue에 유지; 새 발견은 다음 backlog
Hyperliquid	Exchange endpoint	Http	POST	/exchange action=claimRewards	claimRewards	documented_active	provider_typed	general_adapter_or_provider	해당 없음		not_connected		Unlinked	unreviewed		unreviewed		unreviewed		unreviewed		unreviewed		unreviewed			Unreviewed		원장/감사 queue에 유지; 새 발견은 다음 backlog
Hyperliquid	Exchange endpoint	Http	POST	/exchange action=hip3LiquidatorTransfer	hip3LiquidatorTransfer	documented_active	provider_typed	general_adapter_or_provider	해당 없음		not_connected		Unlinked	unreviewed		unreviewed		unreviewed		unreviewed		unreviewed		unreviewed			Unreviewed		원장/감사 queue에 유지; 새 발견은 다음 backlog
Hyperliquid	Exchange endpoint	Http	POST	/exchange action=modify	modify	documented_active	provider_typed	general_adapter_or_provider	해당 없음		not_connected		Unlinked	unreviewed		unreviewed		unreviewed		unreviewed		unreviewed		unreviewed			Unreviewed		원장/감사 queue에 유지; 새 발견은 다음 backlog
Hyperliquid	Exchange endpoint	Http	POST	/exchange action=noop	noop	documented_active	provider_typed	general_adapter_or_provider	해당 없음		not_connected		Unlinked	unreviewed		unreviewed		unreviewed		unreviewed		unreviewed		unreviewed			Unreviewed		원장/감사 queue에 유지; 새 발견은 다음 backlog
Hyperliquid	Exchange endpoint	Http	POST	/exchange action=order	order	documented_active	common_existing	general_adapter_or_provider	해당 없음	exchange.order	connected	bindings/common/src/coverage.rs::OPERATIONS	Partial	present	src/adapter.rs:244	present	bindings/common/src/schema.rs::binding_schema	present	bindings/python/python/maxt/_generated_contract.py;bindings/dart/lib/src/generated_contract.dart;bindings/typescript/src/generated/contract.ts	present	bindings/python/python/maxt/adapters.py	present	bindings/dart/lib/src/generated_provider_methods.dart	present	bindings/typescript/src/generated/api.ts	Fixture	Partial	place_order	원장/감사 queue에 유지; 새 발견은 다음 backlog
Hyperliquid	Exchange endpoint	Http	POST	/exchange action=reserveRequestWeight	reserveRequestWeight	documented_active	provider_typed	general_adapter_or_provider	해당 없음		not_connected		Unlinked	unreviewed		unreviewed		unreviewed		unreviewed		unreviewed		unreviewed			Unreviewed		원장/감사 queue에 유지; 새 발견은 다음 backlog
Hyperliquid	Exchange endpoint	Http	POST	/exchange action=scheduleCancel	scheduleCancel	documented_active	provider_typed	general_adapter_or_provider	해당 없음		not_connected		Unlinked	unreviewed		unreviewed		unreviewed		unreviewed		unreviewed		unreviewed			Unreviewed		원장/감사 queue에 유지; 새 발견은 다음 backlog
Hyperliquid	Exchange endpoint	Http	POST	/exchange action=sendAsset	sendAsset	documented_active	provider_typed	general_adapter_or_provider	해당 없음		not_connected		Unlinked	unreviewed		unreviewed		unreviewed		unreviewed		unreviewed		unreviewed			Unreviewed		원장/감사 queue에 유지; 새 발견은 다음 backlog
Hyperliquid	Exchange endpoint	Http	POST	/exchange action=sendToEvmWithData	sendToEvmWithData	documented_active	provider_typed	general_adapter_or_provider	해당 없음		not_connected		Unlinked	unreviewed		unreviewed		unreviewed		unreviewed		unreviewed		unreviewed			Unreviewed		원장/감사 queue에 유지; 새 발견은 다음 backlog
Hyperliquid	Exchange endpoint	Http	POST	/exchange action=spotSend	spotSend	documented_active	provider_typed	general_adapter_or_provider	해당 없음		not_connected		Unlinked	unreviewed		unreviewed		unreviewed		unreviewed		unreviewed		unreviewed			Unreviewed		원장/감사 queue에 유지; 새 발견은 다음 backlog
Hyperliquid	Exchange endpoint	Http	POST	/exchange action=tokenDelegate	tokenDelegate	documented_active	provider_typed	general_adapter_or_provider	해당 없음		not_connected		Unlinked	unreviewed		unreviewed		unreviewed		unreviewed		unreviewed		unreviewed			Unreviewed		원장/감사 queue에 유지; 새 발견은 다음 backlog
Hyperliquid	Exchange endpoint	Http	POST	/exchange action=topUpIsolatedOnlyMargin	topUpIsolatedOnlyMargin	documented_active	provider_typed	general_adapter_or_provider	해당 없음		not_connected		Unlinked	unreviewed		unreviewed		unreviewed		unreviewed		unreviewed		unreviewed			Unreviewed		원장/감사 queue에 유지; 새 발견은 다음 backlog
Hyperliquid	Exchange endpoint	Http	POST	/exchange action=twapCancel	twapCancel	documented_active	provider_typed	general_adapter_or_provider	해당 없음		not_connected		Unlinked	unreviewed		unreviewed		unreviewed		unreviewed		unreviewed		unreviewed			Unreviewed		원장/감사 queue에 유지; 새 발견은 다음 backlog
Hyperliquid	Exchange endpoint	Http	POST	/exchange action=twapOrder	twapOrder	documented_active	provider_typed	general_adapter_or_provider	해당 없음		not_connected		Unlinked	unreviewed		unreviewed		unreviewed		unreviewed		unreviewed		unreviewed			Unreviewed		원장/감사 queue에 유지; 새 발견은 다음 backlog
Hyperliquid	Exchange endpoint	Http	POST	/exchange action=updateIsolatedMargin	updateIsolatedMargin	documented_active	provider_typed	general_adapter_or_provider	해당 없음		not_connected		Unlinked	unreviewed		unreviewed		unreviewed		unreviewed		unreviewed		unreviewed			Unreviewed		원장/감사 queue에 유지; 새 발견은 다음 backlog
Hyperliquid	Exchange endpoint	Http	POST	/exchange action=updateLeverage	updateLeverage	documented_active	common_existing	general_adapter_or_provider	해당 없음	exchange.update_leverage	connected	bindings/common/src/coverage.rs::OPERATIONS	Implemented	present	src/adapter.rs:301	present	bindings/common/src/schema.rs::binding_schema	present	bindings/python/python/maxt/_generated_contract.py;bindings/dart/lib/src/generated_contract.dart;bindings/typescript/src/generated/contract.ts	present	bindings/python/python/maxt/adapters.py	present	bindings/dart/lib/src/generated_provider_methods.dart	present	bindings/typescript/src/generated/api.ts	Fixture	MechanicallyConnected	set_margin	감사 초안; 의미상 Complete 아님
Hyperliquid	Exchange endpoint	Http	POST	/exchange action=usdClassTransfer	usdClassTransfer	documented_active	provider_typed	general_adapter_or_provider	해당 없음		not_connected		Unlinked	unreviewed		unreviewed		unreviewed		unreviewed		unreviewed		unreviewed			Unreviewed		원장/감사 queue에 유지; 새 발견은 다음 backlog
Hyperliquid	Exchange endpoint	Http	POST	/exchange action=usdSend	usdSend	documented_active	provider_typed	general_adapter_or_provider	해당 없음		not_connected		Unlinked	unreviewed		unreviewed		unreviewed		unreviewed		unreviewed		unreviewed			Unreviewed		원장/감사 queue에 유지; 새 발견은 다음 backlog
Hyperliquid	Exchange endpoint	Http	POST	/exchange action=userOutcome variant=mergeOutcome	userOutcome.mergeOutcome	documented_active	provider_typed	general_adapter_or_provider	해당 없음		not_connected		Unlinked	unreviewed		unreviewed		unreviewed		unreviewed		unreviewed		unreviewed			Unreviewed		원장/감사 queue에 유지; 새 발견은 다음 backlog
Hyperliquid	Exchange endpoint	Http	POST	/exchange action=userOutcome variant=mergeQuestion	userOutcome.mergeQuestion	documented_active	provider_typed	general_adapter_or_provider	해당 없음		not_connected		Unlinked	unreviewed		unreviewed		unreviewed		unreviewed		unreviewed		unreviewed			Unreviewed		원장/감사 queue에 유지; 새 발견은 다음 backlog
Hyperliquid	Exchange endpoint	Http	POST	/exchange action=userOutcome variant=negateOutcome	userOutcome.negateOutcome	documented_active	provider_typed	general_adapter_or_provider	해당 없음		not_connected		Unlinked	unreviewed		unreviewed		unreviewed		unreviewed		unreviewed		unreviewed			Unreviewed		원장/감사 queue에 유지; 새 발견은 다음 backlog
Hyperliquid	Exchange endpoint	Http	POST	/exchange action=userOutcome variant=splitOutcome	userOutcome.splitOutcome	documented_active	provider_typed	general_adapter_or_provider	해당 없음		not_connected		Unlinked	unreviewed		unreviewed		unreviewed		unreviewed		unreviewed		unreviewed			Unreviewed		원장/감사 queue에 유지; 새 발견은 다음 backlog
Hyperliquid	Exchange endpoint	Http	POST	/exchange action=userSetAbstraction	userSetAbstraction	documented_active	provider_typed	general_adapter_or_provider	해당 없음		not_connected		Unlinked	unreviewed		unreviewed		unreviewed		unreviewed		unreviewed		unreviewed			Unreviewed		원장/감사 queue에 유지; 새 발견은 다음 backlog
Hyperliquid	Exchange endpoint	Http	POST	/exchange action=validatorL1Stream	validatorL1Stream	documented_active	platform_limited	separate_platform_or_protocol_service	이번 릴리스 보류(임시; 사용자 승인 필요)		not_connected		Unlinked	unreviewed		unreviewed		unreviewed		unreviewed		unreviewed		unreviewed			Unreviewed		별도 platform/protocol service 결정 대기; 사용자 승인 전 구현 재개 금지
Hyperliquid	Exchange endpoint	Http	POST	/exchange action=vaultTransfer	vaultTransfer	documented_active	provider_typed	general_adapter_or_provider	해당 없음		not_connected		Unlinked	unreviewed		unreviewed		unreviewed		unreviewed		unreviewed		unreviewed			Unreviewed		원장/감사 queue에 유지; 새 발견은 다음 backlog
Hyperliquid	Exchange endpoint	Http	POST	/exchange action=withdraw3	withdraw3	documented_active	provider_typed	general_adapter_or_provider	해당 없음		not_connected		Unlinked	unreviewed		unreviewed		unreviewed		unreviewed		unreviewed		unreviewed			Unreviewed		원장/감사 queue에 유지; 새 발견은 다음 backlog
Hyperliquid	Exchange supplementary docs	Http	POST	/exchange action=convertToMultiSigUser	convertToMultiSigUser	documented_active	provider_typed	general_adapter_or_provider	해당 없음		not_connected		Unlinked	unreviewed		unreviewed		unreviewed		unreviewed		unreviewed		unreviewed			Unreviewed		원장/감사 queue에 유지; 새 발견은 다음 backlog
Hyperliquid	Exchange supplementary docs	Http	POST	/exchange action=evmUserModify	evmUserModify	documented_active	provider_typed	general_adapter_or_provider	해당 없음		not_connected		Unlinked	unreviewed		unreviewed		unreviewed		unreviewed		unreviewed		unreviewed			Unreviewed		원장/감사 queue에 유지; 새 발견은 다음 backlog
Hyperliquid	Exchange supplementary docs	Http	POST	/exchange action=gossipPriorityBid	gossipPriorityBid	documented_active	provider_typed	general_adapter_or_provider	해당 없음		not_connected		Unlinked	unreviewed		unreviewed		unreviewed		unreviewed		unreviewed		unreviewed			Unreviewed		원장/감사 queue에 유지; 새 발견은 다음 backlog
Hyperliquid	Exchange supplementary docs	Http	POST	/exchange action=multiSig	multiSig	documented_active	provider_typed	general_adapter_or_provider	해당 없음		not_connected		Unlinked	unreviewed		unreviewed		unreviewed		unreviewed		unreviewed		unreviewed			Unreviewed		원장/감사 queue에 유지; 새 발견은 다음 backlog
Hyperliquid	HIP-1/HIP-2 deployer actions	Http	POST	/exchange action=spotDeploy variant=disableAlignedQuoteToken	spotDeploy.disableAlignedQuoteToken	documented_active	platform_limited	separate_platform_or_protocol_service	이번 릴리스 보류(임시; 사용자 승인 필요)		not_connected		Unlinked	unreviewed		unreviewed		unreviewed		unreviewed		unreviewed		unreviewed			Unreviewed		별도 platform/protocol service 결정 대기; 사용자 승인 전 구현 재개 금지
Hyperliquid	HIP-1/HIP-2 deployer actions	Http	POST	/exchange action=spotDeploy variant=disableQuoteToken	spotDeploy.disableQuoteToken	documented_active	platform_limited	separate_platform_or_protocol_service	이번 릴리스 보류(임시; 사용자 승인 필요)		not_connected		Unlinked	unreviewed		unreviewed		unreviewed		unreviewed		unreviewed		unreviewed			Unreviewed		별도 platform/protocol service 결정 대기; 사용자 승인 전 구현 재개 금지
Hyperliquid	HIP-1/HIP-2 deployer actions	Http	POST	/exchange action=spotDeploy variant=enableAlignedQuoteToken	spotDeploy.enableAlignedQuoteToken	documented_active	platform_limited	separate_platform_or_protocol_service	이번 릴리스 보류(임시; 사용자 승인 필요)		not_connected		Unlinked	unreviewed		unreviewed		unreviewed		unreviewed		unreviewed		unreviewed			Unreviewed		별도 platform/protocol service 결정 대기; 사용자 승인 전 구현 재개 금지
Hyperliquid	HIP-1/HIP-2 deployer actions	Http	POST	/exchange action=spotDeploy variant=enableQuoteToken	spotDeploy.enableQuoteToken	documented_active	platform_limited	separate_platform_or_protocol_service	이번 릴리스 보류(임시; 사용자 승인 필요)		not_connected		Unlinked	unreviewed		unreviewed		unreviewed		unreviewed		unreviewed		unreviewed			Unreviewed		별도 platform/protocol service 결정 대기; 사용자 승인 전 구현 재개 금지
Hyperliquid	HIP-1/HIP-2 deployer actions	Http	POST	/exchange action=spotDeploy variant=genesis	spotDeploy.genesis	documented_active	platform_limited	separate_platform_or_protocol_service	이번 릴리스 보류(임시; 사용자 승인 필요)		not_connected		Unlinked	unreviewed		unreviewed		unreviewed		unreviewed		unreviewed		unreviewed			Unreviewed		별도 platform/protocol service 결정 대기; 사용자 승인 전 구현 재개 금지
Hyperliquid	HIP-1/HIP-2 deployer actions	Http	POST	/exchange action=spotDeploy variant=registerHyperliquidity	spotDeploy.registerHyperliquidity	documented_active	platform_limited	separate_platform_or_protocol_service	이번 릴리스 보류(임시; 사용자 승인 필요)		not_connected		Unlinked	unreviewed		unreviewed		unreviewed		unreviewed		unreviewed		unreviewed			Unreviewed		별도 platform/protocol service 결정 대기; 사용자 승인 전 구현 재개 금지
Hyperliquid	HIP-1/HIP-2 deployer actions	Http	POST	/exchange action=spotDeploy variant=registerSpot	spotDeploy.registerSpot	documented_active	platform_limited	separate_platform_or_protocol_service	이번 릴리스 보류(임시; 사용자 승인 필요)		not_connected		Unlinked	unreviewed		unreviewed		unreviewed		unreviewed		unreviewed		unreviewed			Unreviewed		별도 platform/protocol service 결정 대기; 사용자 승인 전 구현 재개 금지
Hyperliquid	HIP-1/HIP-2 deployer actions	Http	POST	/exchange action=spotDeploy variant=registerToken2	spotDeploy.registerToken2	documented_active	platform_limited	separate_platform_or_protocol_service	이번 릴리스 보류(임시; 사용자 승인 필요)		not_connected		Unlinked	unreviewed		unreviewed		unreviewed		unreviewed		unreviewed		unreviewed			Unreviewed		별도 platform/protocol service 결정 대기; 사용자 승인 전 구현 재개 금지
Hyperliquid	HIP-1/HIP-2 deployer actions	Http	POST	/exchange action=spotDeploy variant=setDeployerTradingFeeShare	spotDeploy.setDeployerTradingFeeShare	documented_active	platform_limited	separate_platform_or_protocol_service	이번 릴리스 보류(임시; 사용자 승인 필요)		not_connected		Unlinked	unreviewed		unreviewed		unreviewed		unreviewed		unreviewed		unreviewed			Unreviewed		별도 platform/protocol service 결정 대기; 사용자 승인 전 구현 재개 금지
Hyperliquid	HIP-1/HIP-2 deployer actions	Http	POST	/exchange action=spotDeploy variant=userGenesis	spotDeploy.userGenesis	documented_active	platform_limited	separate_platform_or_protocol_service	이번 릴리스 보류(임시; 사용자 승인 필요)		not_connected		Unlinked	unreviewed		unreviewed		unreviewed		unreviewed		unreviewed		unreviewed			Unreviewed		별도 platform/protocol service 결정 대기; 사용자 승인 전 구현 재개 금지
Hyperliquid	HIP-3 deployer actions	Http	POST	/exchange action=perpDeploy variant=disableDex	perpDeploy.disableDex	documented_active	platform_limited	separate_platform_or_protocol_service	이번 릴리스 보류(임시; 사용자 승인 필요)		not_connected		Unlinked	unreviewed		unreviewed		unreviewed		unreviewed		unreviewed		unreviewed			Unreviewed		별도 platform/protocol service 결정 대기; 사용자 승인 전 구현 재개 금지
Hyperliquid	HIP-3 deployer actions	Http	POST	/exchange action=perpDeploy variant=haltTrading	perpDeploy.haltTrading	documented_active	platform_limited	separate_platform_or_protocol_service	이번 릴리스 보류(임시; 사용자 승인 필요)		not_connected		Unlinked	unreviewed		unreviewed		unreviewed		unreviewed		unreviewed		unreviewed			Unreviewed		별도 platform/protocol service 결정 대기; 사용자 승인 전 구현 재개 금지
Hyperliquid	HIP-3 deployer actions	Http	POST	/exchange action=perpDeploy variant=registerAsset	perpDeploy.registerAsset	documented_active	platform_limited	separate_platform_or_protocol_service	이번 릴리스 보류(임시; 사용자 승인 필요)		not_connected		Unlinked	unreviewed		unreviewed		unreviewed		unreviewed		unreviewed		unreviewed			Unreviewed		별도 platform/protocol service 결정 대기; 사용자 승인 전 구현 재개 금지
Hyperliquid	HIP-3 deployer actions	Http	POST	/exchange action=perpDeploy variant=registerAsset2	perpDeploy.registerAsset2	documented_active	platform_limited	separate_platform_or_protocol_service	이번 릴리스 보류(임시; 사용자 승인 필요)		not_connected		Unlinked	unreviewed		unreviewed		unreviewed		unreviewed		unreviewed		unreviewed			Unreviewed		별도 platform/protocol service 결정 대기; 사용자 승인 전 구현 재개 금지
Hyperliquid	HIP-3 deployer actions	Http	POST	/exchange action=perpDeploy variant=setDeployerFees	perpDeploy.setDeployerFees	documented_active	platform_limited	separate_platform_or_protocol_service	이번 릴리스 보류(임시; 사용자 승인 필요)		not_connected		Unlinked	unreviewed		unreviewed		unreviewed		unreviewed		unreviewed		unreviewed			Unreviewed		별도 platform/protocol service 결정 대기; 사용자 승인 전 구현 재개 금지
Hyperliquid	HIP-3 deployer actions	Http	POST	/exchange action=perpDeploy variant=setFeeRecipient	perpDeploy.setFeeRecipient	documented_active	platform_limited	separate_platform_or_protocol_service	이번 릴리스 보류(임시; 사용자 승인 필요)		not_connected		Unlinked	unreviewed		unreviewed		unreviewed		unreviewed		unreviewed		unreviewed			Unreviewed		별도 platform/protocol service 결정 대기; 사용자 승인 전 구현 재개 금지
Hyperliquid	HIP-3 deployer actions	Http	POST	/exchange action=perpDeploy variant=setFundingInterestRates	perpDeploy.setFundingInterestRates	documented_active	platform_limited	separate_platform_or_protocol_service	이번 릴리스 보류(임시; 사용자 승인 필요)		not_connected		Unlinked	unreviewed		unreviewed		unreviewed		unreviewed		unreviewed		unreviewed			Unreviewed		별도 platform/protocol service 결정 대기; 사용자 승인 전 구현 재개 금지
Hyperliquid	HIP-3 deployer actions	Http	POST	/exchange action=perpDeploy variant=setFundingMultipliers	perpDeploy.setFundingMultipliers	documented_active	platform_limited	separate_platform_or_protocol_service	이번 릴리스 보류(임시; 사용자 승인 필요)		not_connected		Unlinked	unreviewed		unreviewed		unreviewed		unreviewed		unreviewed		unreviewed			Unreviewed		별도 platform/protocol service 결정 대기; 사용자 승인 전 구현 재개 금지
Hyperliquid	HIP-3 deployer actions	Http	POST	/exchange action=perpDeploy variant=setMarginModes	perpDeploy.setMarginModes	documented_active	platform_limited	separate_platform_or_protocol_service	이번 릴리스 보류(임시; 사용자 승인 필요)		not_connected		Unlinked	unreviewed		unreviewed		unreviewed		unreviewed		unreviewed		unreviewed			Unreviewed		별도 platform/protocol service 결정 대기; 사용자 승인 전 구현 재개 금지
Hyperliquid	HIP-3 deployer actions	Http	POST	/exchange action=perpDeploy variant=setMarginTableIds	perpDeploy.setMarginTableIds	documented_active	platform_limited	separate_platform_or_protocol_service	이번 릴리스 보류(임시; 사용자 승인 필요)		not_connected		Unlinked	unreviewed		unreviewed		unreviewed		unreviewed		unreviewed		unreviewed			Unreviewed		별도 platform/protocol service 결정 대기; 사용자 승인 전 구현 재개 금지
Hyperliquid	HIP-3 deployer actions	Http	POST	/exchange action=perpDeploy variant=setOpenInterestCaps	perpDeploy.setOpenInterestCaps	documented_active	platform_limited	separate_platform_or_protocol_service	이번 릴리스 보류(임시; 사용자 승인 필요)		not_connected		Unlinked	unreviewed		unreviewed		unreviewed		unreviewed		unreviewed		unreviewed			Unreviewed		별도 platform/protocol service 결정 대기; 사용자 승인 전 구현 재개 금지
Hyperliquid	HIP-3 deployer actions	Http	POST	/exchange action=perpDeploy variant=setOracle	perpDeploy.setOracle	documented_active	platform_limited	separate_platform_or_protocol_service	이번 릴리스 보류(임시; 사용자 승인 필요)		not_connected		Unlinked	unreviewed		unreviewed		unreviewed		unreviewed		unreviewed		unreviewed			Unreviewed		별도 platform/protocol service 결정 대기; 사용자 승인 전 구현 재개 금지
Hyperliquid	HIP-3 deployer actions	Http	POST	/exchange action=perpDeploy variant=setPerpAnnotation	perpDeploy.setPerpAnnotation	documented_active	platform_limited	separate_platform_or_protocol_service	이번 릴리스 보류(임시; 사용자 승인 필요)		not_connected		Unlinked	unreviewed		unreviewed		unreviewed		unreviewed		unreviewed		unreviewed			Unreviewed		별도 platform/protocol service 결정 대기; 사용자 승인 전 구현 재개 금지
Hyperliquid	HIP-3 deployer actions	Http	POST	/exchange action=perpDeploy variant=setSubDeployers	perpDeploy.setSubDeployers	documented_active	platform_limited	separate_platform_or_protocol_service	이번 릴리스 보류(임시; 사용자 승인 필요)		not_connected		Unlinked	unreviewed		unreviewed		unreviewed		unreviewed		unreviewed		unreviewed			Unreviewed		별도 platform/protocol service 결정 대기; 사용자 승인 전 구현 재개 금지
Hyperliquid	HIP-4 deployer actions	Http	POST	/exchange action=activateOutcomeDeployer	activateOutcomeDeployer	documented_testnet	platform_limited	separate_platform_or_protocol_service	이번 릴리스 보류(임시; 사용자 승인 필요)		not_connected		Unlinked	unreviewed		unreviewed		unreviewed		unreviewed		unreviewed		unreviewed			Unreviewed		별도 platform/protocol service 결정 대기; 사용자 승인 전 구현 재개 금지
Hyperliquid	HIP-4 deployer actions	Http	POST	/exchange action=spotDeploy outcome.registerQuestionFromTemplate	spotDeploy.registerQuestionFromTemplate	documented_testnet	platform_limited	separate_platform_or_protocol_service	이번 릴리스 보류(임시; 사용자 승인 필요)		not_connected		Unlinked	unreviewed		unreviewed		unreviewed		unreviewed		unreviewed		unreviewed			Unreviewed		별도 platform/protocol service 결정 대기; 사용자 승인 전 구현 재개 금지
Hyperliquid	HIP-4 deployer actions	Http	POST	/exchange action=spotDeploy outcome.registerStandaloneOutcomeFromTemplate	spotDeploy.registerStandaloneOutcomeFromTemplate	documented_testnet	platform_limited	separate_platform_or_protocol_service	이번 릴리스 보류(임시; 사용자 승인 필요)		not_connected		Unlinked	unreviewed		unreviewed		unreviewed		unreviewed		unreviewed		unreviewed			Unreviewed		별도 platform/protocol service 결정 대기; 사용자 승인 전 구현 재개 금지
Hyperliquid	HIP-4 deployer actions	Http	POST	/exchange action=spotDeploy outcome.settleOutcome	spotDeploy.settleOutcome	documented_testnet	platform_limited	separate_platform_or_protocol_service	이번 릴리스 보류(임시; 사용자 승인 필요)		not_connected		Unlinked	unreviewed		unreviewed		unreviewed		unreviewed		unreviewed		unreviewed			Unreviewed		별도 platform/protocol service 결정 대기; 사용자 승인 전 구현 재개 금지
Hyperliquid	HIP-4 deployer actions	Http	POST	/exchange action=spotDeploy outcome.settleQuestion2	spotDeploy.settleQuestion2	documented_testnet	platform_limited	separate_platform_or_protocol_service	이번 릴리스 보류(임시; 사용자 승인 필요)		not_connected		Unlinked	unreviewed		unreviewed		unreviewed		unreviewed		unreviewed		unreviewed			Unreviewed		별도 platform/protocol service 결정 대기; 사용자 승인 전 구현 재개 금지
Hyperliquid	HIP-4 info	Http	POST	/info type=outcomeTemplates	outcomeTemplates	documented_active	platform_limited	separate_platform_or_protocol_service	이번 릴리스 보류(임시; 사용자 승인 필요)		not_connected		Unlinked	unreviewed		unreviewed		unreviewed		unreviewed		unreviewed		unreviewed			Unreviewed		별도 platform/protocol service 결정 대기; 사용자 승인 전 구현 재개 금지
Hyperliquid	HyperEVM JSON-RPC	JsonRpc	POST	https://rpc.hyperliquid.xyz/evm method=eth_bigBlockGasPrice	eth_bigBlockGasPrice	documented_active	platform_limited	separate_platform_or_protocol_service	이번 릴리스 보류(임시; 사용자 승인 필요)		not_connected		Unlinked	unreviewed		unreviewed		unreviewed		unreviewed		unreviewed		unreviewed			Unreviewed		별도 platform/protocol service 결정 대기; 사용자 승인 전 구현 재개 금지
Hyperliquid	HyperEVM JSON-RPC	JsonRpc	POST	https://rpc.hyperliquid.xyz/evm method=eth_blockNumber	eth_blockNumber	documented_active	platform_limited	separate_platform_or_protocol_service	이번 릴리스 보류(임시; 사용자 승인 필요)		not_connected		Unlinked	unreviewed		unreviewed		unreviewed		unreviewed		unreviewed		unreviewed			Unreviewed		별도 platform/protocol service 결정 대기; 사용자 승인 전 구현 재개 금지
Hyperliquid	HyperEVM JSON-RPC	JsonRpc	POST	https://rpc.hyperliquid.xyz/evm method=eth_call	eth_call	documented_active	platform_limited	separate_platform_or_protocol_service	이번 릴리스 보류(임시; 사용자 승인 필요)		not_connected		Unlinked	unreviewed		unreviewed		unreviewed		unreviewed		unreviewed		unreviewed			Unreviewed		별도 platform/protocol service 결정 대기; 사용자 승인 전 구현 재개 금지
Hyperliquid	HyperEVM JSON-RPC	JsonRpc	POST	https://rpc.hyperliquid.xyz/evm method=eth_chainId	eth_chainId	documented_active	platform_limited	separate_platform_or_protocol_service	이번 릴리스 보류(임시; 사용자 승인 필요)		not_connected		Unlinked	unreviewed		unreviewed		unreviewed		unreviewed		unreviewed		unreviewed			Unreviewed		별도 platform/protocol service 결정 대기; 사용자 승인 전 구현 재개 금지
Hyperliquid	HyperEVM JSON-RPC	JsonRpc	POST	https://rpc.hyperliquid.xyz/evm method=eth_estimateGas	eth_estimateGas	documented_active	platform_limited	separate_platform_or_protocol_service	이번 릴리스 보류(임시; 사용자 승인 필요)		not_connected		Unlinked	unreviewed		unreviewed		unreviewed		unreviewed		unreviewed		unreviewed			Unreviewed		별도 platform/protocol service 결정 대기; 사용자 승인 전 구현 재개 금지
Hyperliquid	HyperEVM JSON-RPC	JsonRpc	POST	https://rpc.hyperliquid.xyz/evm method=eth_feeHistory	eth_feeHistory	documented_active	platform_limited	separate_platform_or_protocol_service	이번 릴리스 보류(임시; 사용자 승인 필요)		not_connected		Unlinked	unreviewed		unreviewed		unreviewed		unreviewed		unreviewed		unreviewed			Unreviewed		별도 platform/protocol service 결정 대기; 사용자 승인 전 구현 재개 금지
Hyperliquid	HyperEVM JSON-RPC	JsonRpc	POST	https://rpc.hyperliquid.xyz/evm method=eth_gasPrice	eth_gasPrice	documented_active	platform_limited	separate_platform_or_protocol_service	이번 릴리스 보류(임시; 사용자 승인 필요)		not_connected		Unlinked	unreviewed		unreviewed		unreviewed		unreviewed		unreviewed		unreviewed			Unreviewed		별도 platform/protocol service 결정 대기; 사용자 승인 전 구현 재개 금지
Hyperliquid	HyperEVM JSON-RPC	JsonRpc	POST	https://rpc.hyperliquid.xyz/evm method=eth_getBalance	eth_getBalance	documented_active	platform_limited	separate_platform_or_protocol_service	이번 릴리스 보류(임시; 사용자 승인 필요)		not_connected		Unlinked	unreviewed		unreviewed		unreviewed		unreviewed		unreviewed		unreviewed			Unreviewed		별도 platform/protocol service 결정 대기; 사용자 승인 전 구현 재개 금지
Hyperliquid	HyperEVM JSON-RPC	JsonRpc	POST	https://rpc.hyperliquid.xyz/evm method=eth_getBlockByHash	eth_getBlockByHash	documented_active	platform_limited	separate_platform_or_protocol_service	이번 릴리스 보류(임시; 사용자 승인 필요)		not_connected		Unlinked	unreviewed		unreviewed		unreviewed		unreviewed		unreviewed		unreviewed			Unreviewed		별도 platform/protocol service 결정 대기; 사용자 승인 전 구현 재개 금지
Hyperliquid	HyperEVM JSON-RPC	JsonRpc	POST	https://rpc.hyperliquid.xyz/evm method=eth_getBlockByNumber	eth_getBlockByNumber	documented_active	platform_limited	separate_platform_or_protocol_service	이번 릴리스 보류(임시; 사용자 승인 필요)		not_connected		Unlinked	unreviewed		unreviewed		unreviewed		unreviewed		unreviewed		unreviewed			Unreviewed		별도 platform/protocol service 결정 대기; 사용자 승인 전 구현 재개 금지
Hyperliquid	HyperEVM JSON-RPC	JsonRpc	POST	https://rpc.hyperliquid.xyz/evm method=eth_getBlockReceipts	eth_getBlockReceipts	documented_active	platform_limited	separate_platform_or_protocol_service	이번 릴리스 보류(임시; 사용자 승인 필요)		not_connected		Unlinked	unreviewed		unreviewed		unreviewed		unreviewed		unreviewed		unreviewed			Unreviewed		별도 platform/protocol service 결정 대기; 사용자 승인 전 구현 재개 금지
Hyperliquid	HyperEVM JSON-RPC	JsonRpc	POST	https://rpc.hyperliquid.xyz/evm method=eth_getBlockTransactionCountByHash	eth_getBlockTransactionCountByHash	documented_active	platform_limited	separate_platform_or_protocol_service	이번 릴리스 보류(임시; 사용자 승인 필요)		not_connected		Unlinked	unreviewed		unreviewed		unreviewed		unreviewed		unreviewed		unreviewed			Unreviewed		별도 platform/protocol service 결정 대기; 사용자 승인 전 구현 재개 금지
Hyperliquid	HyperEVM JSON-RPC	JsonRpc	POST	https://rpc.hyperliquid.xyz/evm method=eth_getBlockTransactionCountByNumber	eth_getBlockTransactionCountByNumber	documented_active	platform_limited	separate_platform_or_protocol_service	이번 릴리스 보류(임시; 사용자 승인 필요)		not_connected		Unlinked	unreviewed		unreviewed		unreviewed		unreviewed		unreviewed		unreviewed			Unreviewed		별도 platform/protocol service 결정 대기; 사용자 승인 전 구현 재개 금지
Hyperliquid	HyperEVM JSON-RPC	JsonRpc	POST	https://rpc.hyperliquid.xyz/evm method=eth_getCode	eth_getCode	documented_active	platform_limited	separate_platform_or_protocol_service	이번 릴리스 보류(임시; 사용자 승인 필요)		not_connected		Unlinked	unreviewed		unreviewed		unreviewed		unreviewed		unreviewed		unreviewed			Unreviewed		별도 platform/protocol service 결정 대기; 사용자 승인 전 구현 재개 금지
Hyperliquid	HyperEVM JSON-RPC	JsonRpc	POST	https://rpc.hyperliquid.xyz/evm method=eth_getLogs	eth_getLogs	documented_active	platform_limited	separate_platform_or_protocol_service	이번 릴리스 보류(임시; 사용자 승인 필요)		not_connected		Unlinked	unreviewed		unreviewed		unreviewed		unreviewed		unreviewed		unreviewed			Unreviewed		별도 platform/protocol service 결정 대기; 사용자 승인 전 구현 재개 금지
Hyperliquid	HyperEVM JSON-RPC	JsonRpc	POST	https://rpc.hyperliquid.xyz/evm method=eth_getStorageAt	eth_getStorageAt	documented_active	platform_limited	separate_platform_or_protocol_service	이번 릴리스 보류(임시; 사용자 승인 필요)		not_connected		Unlinked	unreviewed		unreviewed		unreviewed		unreviewed		unreviewed		unreviewed			Unreviewed		별도 platform/protocol service 결정 대기; 사용자 승인 전 구현 재개 금지
Hyperliquid	HyperEVM JSON-RPC	JsonRpc	POST	https://rpc.hyperliquid.xyz/evm method=eth_getSystemTxsByBlockHash	eth_getSystemTxsByBlockHash	documented_active	platform_limited	separate_platform_or_protocol_service	이번 릴리스 보류(임시; 사용자 승인 필요)		not_connected		Unlinked	unreviewed		unreviewed		unreviewed		unreviewed		unreviewed		unreviewed			Unreviewed		별도 platform/protocol service 결정 대기; 사용자 승인 전 구현 재개 금지
Hyperliquid	HyperEVM JSON-RPC	JsonRpc	POST	https://rpc.hyperliquid.xyz/evm method=eth_getSystemTxsByBlockNumber	eth_getSystemTxsByBlockNumber	documented_active	platform_limited	separate_platform_or_protocol_service	이번 릴리스 보류(임시; 사용자 승인 필요)		not_connected		Unlinked	unreviewed		unreviewed		unreviewed		unreviewed		unreviewed		unreviewed			Unreviewed		별도 platform/protocol service 결정 대기; 사용자 승인 전 구현 재개 금지
Hyperliquid	HyperEVM JSON-RPC	JsonRpc	POST	https://rpc.hyperliquid.xyz/evm method=eth_getTransactionByBlockHashAndIndex	eth_getTransactionByBlockHashAndIndex	documented_active	platform_limited	separate_platform_or_protocol_service	이번 릴리스 보류(임시; 사용자 승인 필요)		not_connected		Unlinked	unreviewed		unreviewed		unreviewed		unreviewed		unreviewed		unreviewed			Unreviewed		별도 platform/protocol service 결정 대기; 사용자 승인 전 구현 재개 금지
Hyperliquid	HyperEVM JSON-RPC	JsonRpc	POST	https://rpc.hyperliquid.xyz/evm method=eth_getTransactionByBlockNumberAndIndex	eth_getTransactionByBlockNumberAndIndex	documented_active	platform_limited	separate_platform_or_protocol_service	이번 릴리스 보류(임시; 사용자 승인 필요)		not_connected		Unlinked	unreviewed		unreviewed		unreviewed		unreviewed		unreviewed		unreviewed			Unreviewed		별도 platform/protocol service 결정 대기; 사용자 승인 전 구현 재개 금지
Hyperliquid	HyperEVM JSON-RPC	JsonRpc	POST	https://rpc.hyperliquid.xyz/evm method=eth_getTransactionByHash	eth_getTransactionByHash	documented_active	platform_limited	separate_platform_or_protocol_service	이번 릴리스 보류(임시; 사용자 승인 필요)		not_connected		Unlinked	unreviewed		unreviewed		unreviewed		unreviewed		unreviewed		unreviewed			Unreviewed		별도 platform/protocol service 결정 대기; 사용자 승인 전 구현 재개 금지
Hyperliquid	HyperEVM JSON-RPC	JsonRpc	POST	https://rpc.hyperliquid.xyz/evm method=eth_getTransactionCount	eth_getTransactionCount	documented_active	platform_limited	separate_platform_or_protocol_service	이번 릴리스 보류(임시; 사용자 승인 필요)		not_connected		Unlinked	unreviewed		unreviewed		unreviewed		unreviewed		unreviewed		unreviewed			Unreviewed		별도 platform/protocol service 결정 대기; 사용자 승인 전 구현 재개 금지
Hyperliquid	HyperEVM JSON-RPC	JsonRpc	POST	https://rpc.hyperliquid.xyz/evm method=eth_getTransactionReceipt	eth_getTransactionReceipt	documented_active	platform_limited	separate_platform_or_protocol_service	이번 릴리스 보류(임시; 사용자 승인 필요)		not_connected		Unlinked	unreviewed		unreviewed		unreviewed		unreviewed		unreviewed		unreviewed			Unreviewed		별도 platform/protocol service 결정 대기; 사용자 승인 전 구현 재개 금지
Hyperliquid	HyperEVM JSON-RPC	JsonRpc	POST	https://rpc.hyperliquid.xyz/evm method=eth_maxPriorityFeePerGas	eth_maxPriorityFeePerGas	documented_active	platform_limited	separate_platform_or_protocol_service	이번 릴리스 보류(임시; 사용자 승인 필요)		not_connected		Unlinked	unreviewed		unreviewed		unreviewed		unreviewed		unreviewed		unreviewed			Unreviewed		별도 platform/protocol service 결정 대기; 사용자 승인 전 구현 재개 금지
Hyperliquid	HyperEVM JSON-RPC	JsonRpc	POST	https://rpc.hyperliquid.xyz/evm method=eth_syncing	eth_syncing	documented_active	platform_limited	separate_platform_or_protocol_service	이번 릴리스 보류(임시; 사용자 승인 필요)		not_connected		Unlinked	unreviewed		unreviewed		unreviewed		unreviewed		unreviewed		unreviewed			Unreviewed		별도 platform/protocol service 결정 대기; 사용자 승인 전 구현 재개 금지
Hyperliquid	HyperEVM JSON-RPC	JsonRpc	POST	https://rpc.hyperliquid.xyz/evm method=eth_usingBigBlocks	eth_usingBigBlocks	documented_active	platform_limited	separate_platform_or_protocol_service	이번 릴리스 보류(임시; 사용자 승인 필요)		not_connected		Unlinked	unreviewed		unreviewed		unreviewed		unreviewed		unreviewed		unreviewed			Unreviewed		별도 platform/protocol service 결정 대기; 사용자 승인 전 구현 재개 금지
Hyperliquid	HyperEVM JSON-RPC	JsonRpc	POST	https://rpc.hyperliquid.xyz/evm method=net_version	net_version	documented_active	platform_limited	separate_platform_or_protocol_service	이번 릴리스 보류(임시; 사용자 승인 필요)		not_connected		Unlinked	unreviewed		unreviewed		unreviewed		unreviewed		unreviewed		unreviewed			Unreviewed		별도 platform/protocol service 결정 대기; 사용자 승인 전 구현 재개 금지
Hyperliquid	HyperEVM JSON-RPC	JsonRpc	POST	https://rpc.hyperliquid.xyz/evm method=web3_clientVersion	web3_clientVersion	documented_active	platform_limited	separate_platform_or_protocol_service	이번 릴리스 보류(임시; 사용자 승인 필요)		not_connected		Unlinked	unreviewed		unreviewed		unreviewed		unreviewed		unreviewed		unreviewed			Unreviewed		별도 platform/protocol service 결정 대기; 사용자 승인 전 구현 재개 금지
Hyperliquid	Info endpoint	Http	POST	/info type=allBorrowLendReserveStates	allBorrowLendReserveStates	documented_active	provider_typed	general_adapter_or_provider	해당 없음		not_connected		Unlinked	unreviewed		unreviewed		unreviewed		unreviewed		unreviewed		unreviewed			Unreviewed		원장/감사 queue에 유지; 새 발견은 다음 backlog
Hyperliquid	Info endpoint	Http	POST	/info type=allMids	allMids	documented_active	provider_typed	general_adapter_or_provider	해당 없음	info.all_mids	connected	bindings/common/src/coverage.rs::OPERATIONS	Partial	present	src/adapters/hyperliquid/mod.rs:438	present	bindings/common/src/schema.rs::binding_schema	present	bindings/python/python/maxt/_generated_contract.py;bindings/dart/lib/src/generated_contract.dart;bindings/typescript/src/generated/contract.ts	present	bindings/python/python/maxt/adapters.py	present	bindings/dart/lib/src/generated_provider_methods.dart	present	bindings/typescript/src/generated/api.ts	Fixture	Partial	all_mids	원장/감사 queue에 유지; 새 발견은 다음 backlog
Hyperliquid	Info endpoint	Http	POST	/info type=approvedBuilders	approvedBuilders	documented_active	provider_typed	general_adapter_or_provider	해당 없음		not_connected		Unlinked	unreviewed		unreviewed		unreviewed		unreviewed		unreviewed		unreviewed			Unreviewed		원장/감사 queue에 유지; 새 발견은 다음 backlog
Hyperliquid	Info endpoint	Http	POST	/info type=borrowLendReserveState	borrowLendReserveState	documented_active	provider_typed	general_adapter_or_provider	해당 없음		not_connected		Unlinked	unreviewed		unreviewed		unreviewed		unreviewed		unreviewed		unreviewed			Unreviewed		원장/감사 queue에 유지; 새 발견은 다음 backlog
Hyperliquid	Info endpoint	Http	POST	/info type=borrowLendUserState	borrowLendUserState	documented_active	provider_typed	general_adapter_or_provider	해당 없음		not_connected		Unlinked	unreviewed		unreviewed		unreviewed		unreviewed		unreviewed		unreviewed			Unreviewed		원장/감사 queue에 유지; 새 발견은 다음 backlog
Hyperliquid	Info endpoint	Http	POST	/info type=candleSnapshot	candleSnapshot	documented_active	common_existing	general_adapter_or_provider	해당 없음	info.candle_snapshot	connected	bindings/common/src/coverage.rs::OPERATIONS	Implemented	present	src/adapter.rs:68	present	bindings/common/src/schema.rs::binding_schema	present	bindings/python/python/maxt/_generated_contract.py;bindings/dart/lib/src/generated_contract.dart;bindings/typescript/src/generated/contract.ts	present	bindings/python/python/maxt/adapters.py	present	bindings/dart/lib/src/generated_provider_methods.dart	present	bindings/typescript/src/generated/api.ts	LiveRead	MechanicallyConnected	candles	감사 초안; 의미상 Complete 아님
Hyperliquid	Info endpoint	Http	POST	/info type=delegations	delegations	documented_active	provider_typed	general_adapter_or_provider	해당 없음		not_connected		Unlinked	unreviewed		unreviewed		unreviewed		unreviewed		unreviewed		unreviewed			Unreviewed		원장/감사 queue에 유지; 새 발견은 다음 backlog
Hyperliquid	Info endpoint	Http	POST	/info type=delegatorHistory	delegatorHistory	documented_active	provider_typed	general_adapter_or_provider	해당 없음		not_connected		Unlinked	unreviewed		unreviewed		unreviewed		unreviewed		unreviewed		unreviewed			Unreviewed		원장/감사 queue에 유지; 새 발견은 다음 backlog
Hyperliquid	Info endpoint	Http	POST	/info type=delegatorRewards	delegatorRewards	documented_active	provider_typed	general_adapter_or_provider	해당 없음		not_connected		Unlinked	unreviewed		unreviewed		unreviewed		unreviewed		unreviewed		unreviewed			Unreviewed		원장/감사 queue에 유지; 새 발견은 다음 backlog
Hyperliquid	Info endpoint	Http	POST	/info type=delegatorSummary	delegatorSummary	documented_active	provider_typed	general_adapter_or_provider	해당 없음		not_connected		Unlinked	unreviewed		unreviewed		unreviewed		unreviewed		unreviewed		unreviewed			Unreviewed		원장/감사 queue에 유지; 새 발견은 다음 backlog
Hyperliquid	Info endpoint	Http	POST	/info type=frontendOpenOrders	frontendOpenOrders	documented_active	common_existing	general_adapter_or_provider	해당 없음	info.frontend_open_orders	connected	bindings/common/src/coverage.rs::OPERATIONS	Partial	present	src/adapter.rs:205	present	bindings/common/src/schema.rs::binding_schema	present	bindings/python/python/maxt/_generated_contract.py;bindings/dart/lib/src/generated_contract.dart;bindings/typescript/src/generated/contract.ts	present	bindings/python/python/maxt/adapters.py	present	bindings/dart/lib/src/generated_provider_methods.dart	present	bindings/typescript/src/generated/api.ts	Fixture	Partial	open_orders	원장/감사 queue에 유지; 새 발견은 다음 backlog
Hyperliquid	Info endpoint	Http	POST	/info type=historicalOrders	historicalOrders	documented_active	provider_typed	general_adapter_or_provider	해당 없음	info.historical_orders	connected	bindings/common/src/coverage.rs::OPERATIONS	Implemented	present	src/adapters/hyperliquid/mod.rs:402	present	bindings/common/src/schema.rs::binding_schema	present	bindings/python/python/maxt/_generated_contract.py;bindings/dart/lib/src/generated_contract.dart;bindings/typescript/src/generated/contract.ts	present	bindings/python/python/maxt/adapters.py	present	bindings/dart/lib/src/generated_provider_methods.dart	present	bindings/typescript/src/generated/api.ts	Fixture	MechanicallyConnected	historical_orders	감사 초안; 의미상 Complete 아님
Hyperliquid	Info endpoint	Http	POST	/info type=l2Book	l2Book	documented_active	common_existing	general_adapter_or_provider	해당 없음	info.l2_book	connected	bindings/common/src/coverage.rs::OPERATIONS	Implemented	present	src/adapter.rs:56	present	bindings/common/src/schema.rs::binding_schema	present	bindings/python/python/maxt/_generated_contract.py;bindings/dart/lib/src/generated_contract.dart;bindings/typescript/src/generated/contract.ts	present	bindings/python/python/maxt/adapters.py	present	bindings/dart/lib/src/generated_provider_methods.dart	present	bindings/typescript/src/generated/api.ts	LiveRead	MechanicallyConnected	order_book	감사 초안; 의미상 Complete 아님
Hyperliquid	Info endpoint	Http	POST	/info type=maxBuilderFee	maxBuilderFee	documented_active	provider_typed	general_adapter_or_provider	해당 없음		not_connected		Unlinked	unreviewed		unreviewed		unreviewed		unreviewed		unreviewed		unreviewed			Unreviewed		원장/감사 queue에 유지; 새 발견은 다음 backlog
Hyperliquid	Info endpoint	Http	POST	/info type=openOrders	openOrders	documented_active	provider_typed	general_adapter_or_provider	해당 없음	info.open_orders	connected	bindings/common/src/coverage.rs::OPERATIONS	Implemented	present	src/adapters/hyperliquid/mod.rs:365	present	bindings/common/src/schema.rs::binding_schema	present	bindings/python/python/maxt/_generated_contract.py;bindings/dart/lib/src/generated_contract.dart;bindings/typescript/src/generated/contract.ts	present	bindings/python/python/maxt/adapters.py	present	bindings/dart/lib/src/generated_provider_methods.dart	present	bindings/typescript/src/generated/api.ts	Fixture	MechanicallyConnected	basic_open_orders	감사 초안; 의미상 Complete 아님
Hyperliquid	Info endpoint	Http	POST	/info type=orderStatus	orderStatus	documented_active	provider_typed	general_adapter_or_provider	해당 없음	info.order_status	connected	bindings/common/src/coverage.rs::OPERATIONS	Implemented	present	src/adapters/hyperliquid/mod.rs:382	present	bindings/common/src/schema.rs::binding_schema	present	bindings/python/python/maxt/_generated_contract.py;bindings/dart/lib/src/generated_contract.dart;bindings/typescript/src/generated/contract.ts	present	bindings/python/python/maxt/adapters.py	present	bindings/dart/lib/src/generated_provider_methods.dart	present	bindings/typescript/src/generated/api.ts	Fixture	MechanicallyConnected	order_status	감사 초안; 의미상 Complete 아님
Hyperliquid	Info endpoint	Http	POST	/info type=portfolio	portfolio	documented_active	provider_typed	general_adapter_or_provider	해당 없음	info.portfolio	connected	bindings/common/src/coverage.rs::OPERATIONS	Implemented	present	src/adapters/hyperliquid/mod.rs:287	present	bindings/common/src/schema.rs::binding_schema	present	bindings/python/python/maxt/_generated_contract.py;bindings/dart/lib/src/generated_contract.dart;bindings/typescript/src/generated/contract.ts	present	bindings/python/python/maxt/adapters.py	present	bindings/dart/lib/src/generated_provider_methods.dart	present	bindings/typescript/src/generated/api.ts	Fixture	MechanicallyConnected	portfolio	감사 초안; 의미상 Complete 아님
Hyperliquid	Info endpoint	Http	POST	/info type=referral	referral	documented_active	provider_typed	general_adapter_or_provider	해당 없음	info.referral	connected	bindings/common/src/coverage.rs::OPERATIONS	Implemented	present	src/adapters/hyperliquid/mod.rs:268	present	bindings/common/src/schema.rs::binding_schema	present	bindings/python/python/maxt/_generated_contract.py;bindings/dart/lib/src/generated_contract.dart;bindings/typescript/src/generated/contract.ts	present	bindings/python/python/maxt/adapters.py	present	bindings/dart/lib/src/generated_provider_methods.dart	present	bindings/typescript/src/generated/api.ts	Fixture	MechanicallyConnected	referral	감사 초안; 의미상 Complete 아님
Hyperliquid	Info endpoint	Http	POST	/info type=subAccounts	subAccounts	documented_active	provider_typed	general_adapter_or_provider	해당 없음	info.sub_accounts	connected	bindings/common/src/coverage.rs::OPERATIONS	Implemented	present	src/adapters/hyperliquid/mod.rs:298	present	bindings/common/src/schema.rs::binding_schema	present	bindings/python/python/maxt/_generated_contract.py;bindings/dart/lib/src/generated_contract.dart;bindings/typescript/src/generated/contract.ts	present	bindings/python/python/maxt/adapters.py	present	bindings/dart/lib/src/generated_provider_methods.dart	present	bindings/typescript/src/generated/api.ts	Fixture	MechanicallyConnected	sub_accounts	감사 초안; 의미상 Complete 아님
Hyperliquid	Info endpoint	Http	POST	/info type=userAbstraction	userAbstraction	documented_active	provider_typed	general_adapter_or_provider	해당 없음		not_connected		Unlinked	unreviewed		unreviewed		unreviewed		unreviewed		unreviewed		unreviewed			Unreviewed		원장/감사 queue에 유지; 새 발견은 다음 backlog
Hyperliquid	Info endpoint	Http	POST	/info type=userDexAbstraction	userDexAbstraction	documented_active	provider_typed	general_adapter_or_provider	해당 없음		not_connected		Unlinked	unreviewed		unreviewed		unreviewed		unreviewed		unreviewed		unreviewed			Unreviewed		원장/감사 queue에 유지; 새 발견은 다음 backlog
Hyperliquid	Info endpoint	Http	POST	/info type=userFees	userFees	documented_active	provider_typed	general_adapter_or_provider	해당 없음	info.user_fees	connected	bindings/common/src/coverage.rs::OPERATIONS	Implemented	present	src/adapters/hyperliquid/mod.rs:279	present	bindings/common/src/schema.rs::binding_schema	present	bindings/python/python/maxt/_generated_contract.py;bindings/dart/lib/src/generated_contract.dart;bindings/typescript/src/generated/contract.ts	present	bindings/python/python/maxt/adapters.py	present	bindings/dart/lib/src/generated_provider_methods.dart	present	bindings/typescript/src/generated/api.ts	Fixture	MechanicallyConnected	user_fees	감사 초안; 의미상 Complete 아님
Hyperliquid	Info endpoint	Http	POST	/info type=userFills	userFills	documented_active	provider_typed	general_adapter_or_provider	해당 없음	info.user_fills	connected	bindings/common/src/coverage.rs::OPERATIONS	Implemented	present	src/adapters/hyperliquid/mod.rs:325	present	bindings/common/src/schema.rs::binding_schema	present	bindings/python/python/maxt/_generated_contract.py;bindings/dart/lib/src/generated_contract.dart;bindings/typescript/src/generated/contract.ts	present	bindings/python/python/maxt/adapters.py	present	bindings/dart/lib/src/generated_provider_methods.dart	present	bindings/typescript/src/generated/api.ts	Fixture	MechanicallyConnected	user_fills	감사 초안; 의미상 Complete 아님
Hyperliquid	Info endpoint	Http	POST	/info type=userFillsByTime	userFillsByTime	documented_active	provider_typed	general_adapter_or_provider	해당 없음	info.user_fills_by_time	connected	bindings/common/src/coverage.rs::OPERATIONS	Implemented	present	src/adapters/hyperliquid/mod.rs:343	present	bindings/common/src/schema.rs::binding_schema	present	bindings/python/python/maxt/_generated_contract.py;bindings/dart/lib/src/generated_contract.dart;bindings/typescript/src/generated/contract.ts	present	bindings/python/python/maxt/adapters.py	present	bindings/dart/lib/src/generated_provider_methods.dart	present	bindings/typescript/src/generated/api.ts	Fixture	MechanicallyConnected	user_fills_by_time	감사 초안; 의미상 Complete 아님
Hyperliquid	Info endpoint	Http	POST	/info type=userRateLimit	userRateLimit	documented_active	provider_typed	general_adapter_or_provider	해당 없음	info.user_rate_limit	connected	bindings/common/src/coverage.rs::OPERATIONS	Implemented	present	src/adapters/hyperliquid/mod.rs:245	present	bindings/common/src/schema.rs::binding_schema	present	bindings/python/python/maxt/_generated_contract.py;bindings/dart/lib/src/generated_contract.dart;bindings/typescript/src/generated/contract.ts	present	bindings/python/python/maxt/adapters.py	present	bindings/dart/lib/src/generated_provider_methods.dart	present	bindings/typescript/src/generated/api.ts	Fixture	MechanicallyConnected	user_rate_limit	감사 초안; 의미상 Complete 아님
Hyperliquid	Info endpoint	Http	POST	/info type=userRole	userRole	documented_active	provider_typed	general_adapter_or_provider	해당 없음	info.user_role	connected	bindings/common/src/coverage.rs::OPERATIONS	Implemented	present	src/adapters/hyperliquid/mod.rs:257	present	bindings/common/src/schema.rs::binding_schema	present	bindings/python/python/maxt/_generated_contract.py;bindings/dart/lib/src/generated_contract.dart;bindings/typescript/src/generated/contract.ts	present	bindings/python/python/maxt/adapters.py	present	bindings/dart/lib/src/generated_provider_methods.dart	present	bindings/typescript/src/generated/api.ts	Fixture	MechanicallyConnected	user_role	감사 초안; 의미상 Complete 아님
Hyperliquid	Info endpoint	Http	POST	/info type=userTwapSliceFills	userTwapSliceFills	documented_active	provider_typed	general_adapter_or_provider	해당 없음		not_connected		Unlinked	unreviewed		unreviewed		unreviewed		unreviewed		unreviewed		unreviewed			Unreviewed		원장/감사 queue에 유지; 새 발견은 다음 backlog
Hyperliquid	Info endpoint	Http	POST	/info type=userVaultEquities	userVaultEquities	documented_active	provider_typed	general_adapter_or_provider	해당 없음	info.user_vault_equities	connected	bindings/common/src/coverage.rs::OPERATIONS	Implemented	present	src/adapters/hyperliquid/mod.rs:306	present	bindings/common/src/schema.rs::binding_schema	present	bindings/python/python/maxt/_generated_contract.py;bindings/dart/lib/src/generated_contract.dart;bindings/typescript/src/generated/contract.ts	present	bindings/python/python/maxt/adapters.py	present	bindings/dart/lib/src/generated_provider_methods.dart	present	bindings/typescript/src/generated/api.ts	Fixture	MechanicallyConnected	user_vault_equities	감사 초안; 의미상 Complete 아님
Hyperliquid	Info endpoint	Http	POST	/info type=vaultDetails	vaultDetails	documented_active	provider_typed	general_adapter_or_provider	해당 없음		not_connected		Unlinked	unreviewed		unreviewed		unreviewed		unreviewed		unreviewed		unreviewed			Unreviewed		원장/감사 queue에 유지; 새 발견은 다음 backlog
Hyperliquid	Info rate limits	Http	POST	/info type=recentTrades	recentTrades	documented_active	common_existing	general_adapter_or_provider	해당 없음	info.recent_trades	connected	bindings/common/src/coverage.rs::OPERATIONS	Implemented	present	src/adapter.rs:50	present	bindings/common/src/schema.rs::binding_schema	present	bindings/python/python/maxt/_generated_contract.py;bindings/dart/lib/src/generated_contract.dart;bindings/typescript/src/generated/contract.ts	present	bindings/python/python/maxt/adapters.py	present	bindings/dart/lib/src/generated_provider_methods.dart	present	bindings/typescript/src/generated/api.ts	LiveRead	MechanicallyConnected	trades	감사 초안; 의미상 Complete 아님
Hyperliquid	L1Read precompile	Contract	STATICCALL	L1Read.sol::accountMarginSummary	accountMarginSummary	documented_testnet	platform_limited	separate_platform_or_protocol_service	이번 릴리스 보류(임시; 사용자 승인 필요)		not_connected		Unlinked	unreviewed		unreviewed		unreviewed		unreviewed		unreviewed		unreviewed			Unreviewed		별도 platform/protocol service 결정 대기; 사용자 승인 전 구현 재개 금지
Hyperliquid	L1Read precompile	Contract	STATICCALL	L1Read.sol::bbo	bbo	documented_testnet	platform_limited	separate_platform_or_protocol_service	이번 릴리스 보류(임시; 사용자 승인 필요)		not_connected		Unlinked	unreviewed		unreviewed		unreviewed		unreviewed		unreviewed		unreviewed			Unreviewed		별도 platform/protocol service 결정 대기; 사용자 승인 전 구현 재개 금지
Hyperliquid	L1Read precompile	Contract	STATICCALL	L1Read.sol::borrowLendReserveState	borrowLendReserveState	documented_testnet	platform_limited	separate_platform_or_protocol_service	이번 릴리스 보류(임시; 사용자 승인 필요)		not_connected		Unlinked	unreviewed		unreviewed		unreviewed		unreviewed		unreviewed		unreviewed			Unreviewed		별도 platform/protocol service 결정 대기; 사용자 승인 전 구현 재개 금지
Hyperliquid	L1Read precompile	Contract	STATICCALL	L1Read.sol::borrowLendUserState	borrowLendUserState	documented_testnet	platform_limited	separate_platform_or_protocol_service	이번 릴리스 보류(임시; 사용자 승인 필요)		not_connected		Unlinked	unreviewed		unreviewed		unreviewed		unreviewed		unreviewed		unreviewed			Unreviewed		별도 platform/protocol service 결정 대기; 사용자 승인 전 구현 재개 금지
Hyperliquid	L1Read precompile	Contract	STATICCALL	L1Read.sol::coreUserExists	coreUserExists	documented_testnet	platform_limited	separate_platform_or_protocol_service	이번 릴리스 보류(임시; 사용자 승인 필요)		not_connected		Unlinked	unreviewed		unreviewed		unreviewed		unreviewed		unreviewed		unreviewed			Unreviewed		별도 platform/protocol service 결정 대기; 사용자 승인 전 구현 재개 금지
Hyperliquid	L1Read precompile	Contract	STATICCALL	L1Read.sol::delegations	delegations	documented_testnet	platform_limited	separate_platform_or_protocol_service	이번 릴리스 보류(임시; 사용자 승인 필요)		not_connected		Unlinked	unreviewed		unreviewed		unreviewed		unreviewed		unreviewed		unreviewed			Unreviewed		별도 platform/protocol service 결정 대기; 사용자 승인 전 구현 재개 금지
Hyperliquid	L1Read precompile	Contract	STATICCALL	L1Read.sol::delegatorSummary	delegatorSummary	documented_testnet	platform_limited	separate_platform_or_protocol_service	이번 릴리스 보류(임시; 사용자 승인 필요)		not_connected		Unlinked	unreviewed		unreviewed		unreviewed		unreviewed		unreviewed		unreviewed			Unreviewed		별도 platform/protocol service 결정 대기; 사용자 승인 전 구현 재개 금지
Hyperliquid	L1Read precompile	Contract	STATICCALL	L1Read.sol::l1BlockNumber	l1BlockNumber	documented_testnet	platform_limited	separate_platform_or_protocol_service	이번 릴리스 보류(임시; 사용자 승인 필요)		not_connected		Unlinked	unreviewed		unreviewed		unreviewed		unreviewed		unreviewed		unreviewed			Unreviewed		별도 platform/protocol service 결정 대기; 사용자 승인 전 구현 재개 금지
Hyperliquid	L1Read precompile	Contract	STATICCALL	L1Read.sol::markPx	markPx	documented_testnet	platform_limited	separate_platform_or_protocol_service	이번 릴리스 보류(임시; 사용자 승인 필요)		not_connected		Unlinked	unreviewed		unreviewed		unreviewed		unreviewed		unreviewed		unreviewed			Unreviewed		별도 platform/protocol service 결정 대기; 사용자 승인 전 구현 재개 금지
Hyperliquid	L1Read precompile	Contract	STATICCALL	L1Read.sol::oraclePx	oraclePx	documented_testnet	platform_limited	separate_platform_or_protocol_service	이번 릴리스 보류(임시; 사용자 승인 필요)		not_connected		Unlinked	unreviewed		unreviewed		unreviewed		unreviewed		unreviewed		unreviewed			Unreviewed		별도 platform/protocol service 결정 대기; 사용자 승인 전 구현 재개 금지
Hyperliquid	L1Read precompile	Contract	STATICCALL	L1Read.sol::outcomeStatus	outcomeStatus	documented_testnet	platform_limited	separate_platform_or_protocol_service	이번 릴리스 보류(임시; 사용자 승인 필요)		not_connected		Unlinked	unreviewed		unreviewed		unreviewed		unreviewed		unreviewed		unreviewed			Unreviewed		별도 platform/protocol service 결정 대기; 사용자 승인 전 구현 재개 금지
Hyperliquid	L1Read precompile	Contract	STATICCALL	L1Read.sol::perpAssetInfo	perpAssetInfo	documented_testnet	platform_limited	separate_platform_or_protocol_service	이번 릴리스 보류(임시; 사용자 승인 필요)		not_connected		Unlinked	unreviewed		unreviewed		unreviewed		unreviewed		unreviewed		unreviewed			Unreviewed		별도 platform/protocol service 결정 대기; 사용자 승인 전 구현 재개 금지
Hyperliquid	L1Read precompile	Contract	STATICCALL	L1Read.sol::position	position	documented_testnet	platform_limited	separate_platform_or_protocol_service	이번 릴리스 보류(임시; 사용자 승인 필요)		not_connected		Unlinked	unreviewed		unreviewed		unreviewed		unreviewed		unreviewed		unreviewed			Unreviewed		별도 platform/protocol service 결정 대기; 사용자 승인 전 구현 재개 금지
Hyperliquid	L1Read precompile	Contract	STATICCALL	L1Read.sol::position2	position2	documented_testnet	platform_limited	separate_platform_or_protocol_service	이번 릴리스 보류(임시; 사용자 승인 필요)		not_connected		Unlinked	unreviewed		unreviewed		unreviewed		unreviewed		unreviewed		unreviewed			Unreviewed		별도 platform/protocol service 결정 대기; 사용자 승인 전 구현 재개 금지
Hyperliquid	L1Read precompile	Contract	STATICCALL	L1Read.sol::spotBalance	spotBalance	documented_testnet	platform_limited	separate_platform_or_protocol_service	이번 릴리스 보류(임시; 사용자 승인 필요)		not_connected		Unlinked	unreviewed		unreviewed		unreviewed		unreviewed		unreviewed		unreviewed			Unreviewed		별도 platform/protocol service 결정 대기; 사용자 승인 전 구현 재개 금지
Hyperliquid	L1Read precompile	Contract	STATICCALL	L1Read.sol::spotInfo	spotInfo	documented_testnet	platform_limited	separate_platform_or_protocol_service	이번 릴리스 보류(임시; 사용자 승인 필요)		not_connected		Unlinked	unreviewed		unreviewed		unreviewed		unreviewed		unreviewed		unreviewed			Unreviewed		별도 platform/protocol service 결정 대기; 사용자 승인 전 구현 재개 금지
Hyperliquid	L1Read precompile	Contract	STATICCALL	L1Read.sol::spotPx	spotPx	documented_testnet	platform_limited	separate_platform_or_protocol_service	이번 릴리스 보류(임시; 사용자 승인 필요)		not_connected		Unlinked	unreviewed		unreviewed		unreviewed		unreviewed		unreviewed		unreviewed			Unreviewed		별도 platform/protocol service 결정 대기; 사용자 승인 전 구현 재개 금지
Hyperliquid	L1Read precompile	Contract	STATICCALL	L1Read.sol::tokenInfo	tokenInfo	documented_testnet	platform_limited	separate_platform_or_protocol_service	이번 릴리스 보류(임시; 사용자 승인 필요)		not_connected		Unlinked	unreviewed		unreviewed		unreviewed		unreviewed		unreviewed		unreviewed			Unreviewed		별도 platform/protocol service 결정 대기; 사용자 승인 전 구현 재개 금지
Hyperliquid	L1Read precompile	Contract	STATICCALL	L1Read.sol::tokenSupply	tokenSupply	documented_testnet	platform_limited	separate_platform_or_protocol_service	이번 릴리스 보류(임시; 사용자 승인 필요)		not_connected		Unlinked	unreviewed		unreviewed		unreviewed		unreviewed		unreviewed		unreviewed			Unreviewed		별도 platform/protocol service 결정 대기; 사용자 승인 전 구현 재개 금지
Hyperliquid	L1Read precompile	Contract	STATICCALL	L1Read.sol::userVaultEquity	userVaultEquity	documented_testnet	platform_limited	separate_platform_or_protocol_service	이번 릴리스 보류(임시; 사용자 승인 필요)		not_connected		Unlinked	unreviewed		unreviewed		unreviewed		unreviewed		unreviewed		unreviewed			Unreviewed		별도 platform/protocol service 결정 대기; 사용자 승인 전 구현 재개 금지
Hyperliquid	L1Read precompile	Contract	STATICCALL	L1Read.sol::withdrawable	withdrawable	documented_testnet	platform_limited	separate_platform_or_protocol_service	이번 릴리스 보류(임시; 사용자 승인 필요)		not_connected		Unlinked	unreviewed		unreviewed		unreviewed		unreviewed		unreviewed		unreviewed			Unreviewed		별도 platform/protocol service 결정 대기; 사용자 승인 전 구현 재개 금지
Hyperliquid	Perpetuals info	Http	POST	/info type=activeAssetData	activeAssetData	documented_active	provider_typed	general_adapter_or_provider	해당 없음		not_connected		Unlinked	unreviewed		unreviewed		unreviewed		unreviewed		unreviewed		unreviewed			Unreviewed		원장/감사 queue에 유지; 새 발견은 다음 backlog
Hyperliquid	Perpetuals info	Http	POST	/info type=allPerpMetas	allPerpMetas	documented_active	provider_typed	general_adapter_or_provider	해당 없음		not_connected		Unlinked	unreviewed		unreviewed		unreviewed		unreviewed		unreviewed		unreviewed			Unreviewed		원장/감사 queue에 유지; 새 발견은 다음 backlog
Hyperliquid	Perpetuals info	Http	POST	/info type=clearinghouseState	clearinghouseState	documented_active	common_existing	general_adapter_or_provider	해당 없음	info.clearinghouse_state	connected	bindings/common/src/coverage.rs::OPERATIONS	Partial	present	src/adapter.rs:275;src/adapter.rs:281	present	bindings/common/src/schema.rs::binding_schema	present	bindings/python/python/maxt/_generated_contract.py;bindings/dart/lib/src/generated_contract.dart;bindings/typescript/src/generated/contract.ts	present	bindings/python/python/maxt/adapters.py	present	bindings/dart/lib/src/generated_provider_methods.dart	present	bindings/typescript/src/generated/api.ts	Fixture	Partial	margin_summary;positions	원장/감사 queue에 유지; 새 발견은 다음 backlog
Hyperliquid	Perpetuals info	Http	POST	/info type=fundingHistory	fundingHistory	documented_active	common_existing	general_adapter_or_provider	해당 없음	info.funding_history	connected	bindings/common/src/coverage.rs::OPERATIONS	Implemented	present	src/adapter.rs:286	present	bindings/common/src/schema.rs::binding_schema	present	bindings/python/python/maxt/_generated_contract.py;bindings/dart/lib/src/generated_contract.dart;bindings/typescript/src/generated/contract.ts	present	bindings/python/python/maxt/adapters.py	present	bindings/dart/lib/src/generated_provider_methods.dart	present	bindings/typescript/src/generated/api.ts	LiveRead	MechanicallyConnected	funding_rates	감사 초안; 의미상 Complete 아님
Hyperliquid	Perpetuals info	Http	POST	/info type=meta	meta	documented_active	common_existing	general_adapter_or_provider	해당 없음	info.meta	connected	bindings/common/src/coverage.rs::OPERATIONS	Partial	present	src/adapter.rs:44	present	bindings/common/src/schema.rs::binding_schema	present	bindings/python/python/maxt/_generated_contract.py;bindings/dart/lib/src/generated_contract.dart;bindings/typescript/src/generated/contract.ts	present	bindings/python/python/maxt/adapters.py	present	bindings/dart/lib/src/generated_provider_methods.dart	present	bindings/typescript/src/generated/api.ts	LiveRead	Partial	markets	원장/감사 queue에 유지; 새 발견은 다음 backlog
Hyperliquid	Perpetuals info	Http	POST	/info type=metaAndAssetCtxs	metaAndAssetCtxs	documented_active	common_and_provider	general_adapter_or_provider	해당 없음	info.meta_and_asset_contexts	connected	bindings/common/src/coverage.rs::OPERATIONS	Partial	present	src/adapter.rs:62;src/adapters/hyperliquid/mod.rs:421	present	bindings/common/src/schema.rs::binding_schema	present	bindings/python/python/maxt/_generated_contract.py;bindings/dart/lib/src/generated_contract.dart;bindings/typescript/src/generated/contract.ts	present	bindings/python/python/maxt/adapters.py	present	bindings/dart/lib/src/generated_provider_methods.dart	present	bindings/typescript/src/generated/api.ts	LiveRead	Partial	asset_context;ticker	원장/감사 queue에 유지; 새 발견은 다음 backlog
Hyperliquid	Perpetuals info	Http	POST	/info type=perpAnnotation	perpAnnotation	documented_active	provider_typed	general_adapter_or_provider	해당 없음		not_connected		Unlinked	unreviewed		unreviewed		unreviewed		unreviewed		unreviewed		unreviewed			Unreviewed		원장/감사 queue에 유지; 새 발견은 다음 backlog
Hyperliquid	Perpetuals info	Http	POST	/info type=perpCategories	perpCategories	documented_active	provider_typed	general_adapter_or_provider	해당 없음		not_connected		Unlinked	unreviewed		unreviewed		unreviewed		unreviewed		unreviewed		unreviewed			Unreviewed		원장/감사 queue에 유지; 새 발견은 다음 backlog
Hyperliquid	Perpetuals info	Http	POST	/info type=perpConciseAnnotations	perpConciseAnnotations	documented_active	provider_typed	general_adapter_or_provider	해당 없음		not_connected		Unlinked	unreviewed		unreviewed		unreviewed		unreviewed		unreviewed		unreviewed			Unreviewed		원장/감사 queue에 유지; 새 발견은 다음 backlog
Hyperliquid	Perpetuals info	Http	POST	/info type=perpDeployAuctionStatus	perpDeployAuctionStatus	documented_active	provider_typed	general_adapter_or_provider	해당 없음		not_connected		Unlinked	unreviewed		unreviewed		unreviewed		unreviewed		unreviewed		unreviewed			Unreviewed		원장/감사 queue에 유지; 새 발견은 다음 backlog
Hyperliquid	Perpetuals info	Http	POST	/info type=perpDexLimits	perpDexLimits	documented_active	provider_typed	general_adapter_or_provider	해당 없음		not_connected		Unlinked	unreviewed		unreviewed		unreviewed		unreviewed		unreviewed		unreviewed			Unreviewed		원장/감사 queue에 유지; 새 발견은 다음 backlog
Hyperliquid	Perpetuals info	Http	POST	/info type=perpDexStatus	perpDexStatus	documented_active	provider_typed	general_adapter_or_provider	해당 없음		not_connected		Unlinked	unreviewed		unreviewed		unreviewed		unreviewed		unreviewed		unreviewed			Unreviewed		원장/감사 queue에 유지; 새 발견은 다음 backlog
Hyperliquid	Perpetuals info	Http	POST	/info type=perpDexs	perpDexs	documented_active	provider_typed	general_adapter_or_provider	해당 없음		not_connected		Unlinked	unreviewed		unreviewed		unreviewed		unreviewed		unreviewed		unreviewed			Unreviewed		원장/감사 queue에 유지; 새 발견은 다음 backlog
Hyperliquid	Perpetuals info	Http	POST	/info type=perpsAtOpenInterestCap	perpsAtOpenInterestCap	documented_active	provider_typed	general_adapter_or_provider	해당 없음		not_connected		Unlinked	unreviewed		unreviewed		unreviewed		unreviewed		unreviewed		unreviewed			Unreviewed		원장/감사 queue에 유지; 새 발견은 다음 backlog
Hyperliquid	Perpetuals info	Http	POST	/info type=predictedFundings	predictedFundings	documented_active	provider_typed	general_adapter_or_provider	해당 없음		not_connected		Unlinked	unreviewed		unreviewed		unreviewed		unreviewed		unreviewed		unreviewed			Unreviewed		원장/감사 queue에 유지; 새 발견은 다음 backlog
Hyperliquid	Perpetuals info	Http	POST	/info type=userFunding	userFunding	documented_active	common_existing	general_adapter_or_provider	해당 없음	info.user_funding	connected	bindings/common/src/coverage.rs::OPERATIONS	Implemented	present	src/adapter.rs:292	present	bindings/common/src/schema.rs::binding_schema	present	bindings/python/python/maxt/_generated_contract.py;bindings/dart/lib/src/generated_contract.dart;bindings/typescript/src/generated/contract.ts	present	bindings/python/python/maxt/adapters.py	present	bindings/dart/lib/src/generated_provider_methods.dart	present	bindings/typescript/src/generated/api.ts	Fixture	MechanicallyConnected	funding_payments	감사 초안; 의미상 Complete 아님
Hyperliquid	Perpetuals info	Http	POST	/info type=userNonFundingLedgerUpdates	userNonFundingLedgerUpdates	documented_active	common_existing	general_adapter_or_provider	해당 없음	info.user_non_funding_ledger_updates	connected	bindings/common/src/coverage.rs::OPERATIONS	Implemented	present	src/adapter.rs:190;src/adapter.rs:196	present	bindings/common/src/schema.rs::binding_schema	present	bindings/python/python/maxt/_generated_contract.py;bindings/dart/lib/src/generated_contract.dart;bindings/typescript/src/generated/contract.ts	present	bindings/python/python/maxt/adapters.py	present	bindings/dart/lib/src/generated_provider_methods.dart	present	bindings/typescript/src/generated/api.ts	Fixture	MechanicallyConnected	deposits;withdrawals	감사 초안; 의미상 Complete 아님
Hyperliquid	Spot info	Http	POST	/info type=outcomeMeta	outcomeMeta	documented_active	provider_typed	general_adapter_or_provider	해당 없음		not_connected		Unlinked	unreviewed		unreviewed		unreviewed		unreviewed		unreviewed		unreviewed			Unreviewed		원장/감사 queue에 유지; 새 발견은 다음 backlog
Hyperliquid	Spot info	Http	POST	/info type=settledOutcome	settledOutcome	documented_active	provider_typed	general_adapter_or_provider	해당 없음		not_connected		Unlinked	unreviewed		unreviewed		unreviewed		unreviewed		unreviewed		unreviewed			Unreviewed		원장/감사 queue에 유지; 새 발견은 다음 backlog
Hyperliquid	Spot info	Http	POST	/info type=spotClearinghouseState	spotClearinghouseState	documented_active	common_existing	general_adapter_or_provider	해당 없음	info.spot_clearinghouse_state	connected	bindings/common/src/coverage.rs::OPERATIONS	Implemented	present	src/adapter.rs:110	present	bindings/common/src/schema.rs::binding_schema	present	bindings/python/python/maxt/_generated_contract.py;bindings/dart/lib/src/generated_contract.dart;bindings/typescript/src/generated/contract.ts	present	bindings/python/python/maxt/adapters.py	present	bindings/dart/lib/src/generated_provider_methods.dart	present	bindings/typescript/src/generated/api.ts	Fixture	MechanicallyConnected	balances	감사 초안; 의미상 Complete 아님
Hyperliquid	Spot info	Http	POST	/info type=spotDeployState	spotDeployState	documented_active	provider_typed	general_adapter_or_provider	해당 없음		not_connected		Unlinked	unreviewed		unreviewed		unreviewed		unreviewed		unreviewed		unreviewed			Unreviewed		원장/감사 queue에 유지; 새 발견은 다음 backlog
Hyperliquid	Spot info	Http	POST	/info type=spotMeta	spotMeta	documented_active	common_existing	general_adapter_or_provider	해당 없음	info.spot_meta	connected	bindings/common/src/coverage.rs::OPERATIONS	Implemented	present	src/adapter.rs:44	present	bindings/common/src/schema.rs::binding_schema	present	bindings/python/python/maxt/_generated_contract.py;bindings/dart/lib/src/generated_contract.dart;bindings/typescript/src/generated/contract.ts	present	bindings/python/python/maxt/adapters.py	present	bindings/dart/lib/src/generated_provider_methods.dart	present	bindings/typescript/src/generated/api.ts	LiveRead	MechanicallyConnected	markets	감사 초안; 의미상 Complete 아님
Hyperliquid	Spot info	Http	POST	/info type=spotMetaAndAssetCtxs	spotMetaAndAssetCtxs	documented_active	common_and_provider	general_adapter_or_provider	해당 없음	info.spot_meta_and_asset_contexts	connected	bindings/common/src/coverage.rs::OPERATIONS	Implemented	present	src/adapter.rs:62;src/adapters/hyperliquid/mod.rs:421	present	bindings/common/src/schema.rs::binding_schema	present	bindings/python/python/maxt/_generated_contract.py;bindings/dart/lib/src/generated_contract.dart;bindings/typescript/src/generated/contract.ts	present	bindings/python/python/maxt/adapters.py	present	bindings/dart/lib/src/generated_provider_methods.dart	present	bindings/typescript/src/generated/api.ts	LiveRead	MechanicallyConnected	asset_context;ticker	감사 초안; 의미상 Complete 아님
Hyperliquid	Spot info	Http	POST	/info type=spotPairDeployAuctionStatus	spotPairDeployAuctionStatus	documented_active	provider_typed	general_adapter_or_provider	해당 없음		not_connected		Unlinked	unreviewed		unreviewed		unreviewed		unreviewed		unreviewed		unreviewed			Unreviewed		원장/감사 queue에 유지; 새 발견은 다음 backlog
Hyperliquid	Spot info	Http	POST	/info type=tokenDetails	tokenDetails	documented_active	provider_typed	general_adapter_or_provider	해당 없음		not_connected		Unlinked	unreviewed		unreviewed		unreviewed		unreviewed		unreviewed		unreviewed			Unreviewed		원장/감사 queue에 유지; 새 발견은 다음 backlog
Hyperliquid	WebSocket control	WebSocket	ping	method=ping	ping	documented_active	provider_typed	general_adapter_or_provider	해당 없음		not_connected		Unlinked	unreviewed		unreviewed		unreviewed		unreviewed		unreviewed		unreviewed			Unreviewed		원장/감사 queue에 유지; 새 발견은 다음 backlog
Hyperliquid	WebSocket control	WebSocket	subscribe	method=subscribe subscription=<type>	subscribe	documented_active	provider_typed	general_adapter_or_provider	해당 없음		not_connected		Unlinked	unreviewed		unreviewed		unreviewed		unreviewed		unreviewed		unreviewed			Unreviewed		원장/감사 queue에 유지; 새 발견은 다음 backlog
Hyperliquid	WebSocket control	WebSocket	unsubscribe	method=unsubscribe subscription=<type>	unsubscribe	documented_active	provider_typed	general_adapter_or_provider	해당 없음		not_connected		Unlinked	unreviewed		unreviewed		unreviewed		unreviewed		unreviewed		unreviewed			Unreviewed		원장/감사 queue에 유지; 새 발견은 다음 backlog
Hyperliquid	WebSocket subscriptions	WebSocket	subscribe	method=subscribe subscription.type=activeAssetCtx	activeAssetCtx	documented_active	common_existing	general_adapter_or_provider	해당 없음	subscriptions.active_asset_context	connected	bindings/common/src/coverage.rs::OPERATIONS	Implemented	present	src/adapter.rs:78	present	bindings/common/src/schema.rs::binding_schema	present	bindings/python/python/maxt/_generated_contract.py;bindings/dart/lib/src/generated_contract.dart;bindings/typescript/src/generated/contract.ts	present	bindings/python/python/maxt/adapters.py	present	bindings/dart/lib/src/generated_provider_methods.dart	present	bindings/typescript/src/generated/api.ts	LiveRead	MechanicallyConnected	subscribe	감사 초안; 의미상 Complete 아님
Hyperliquid	WebSocket subscriptions	WebSocket	subscribe	method=subscribe subscription.type=activeAssetData	activeAssetData	documented_active	provider_typed	general_adapter_or_provider	해당 없음		not_connected		Unlinked	unreviewed		unreviewed		unreviewed		unreviewed		unreviewed		unreviewed			Unreviewed		원장/감사 queue에 유지; 새 발견은 다음 backlog
Hyperliquid	WebSocket subscriptions	WebSocket	subscribe	method=subscribe subscription.type=allDexsAssetCtxs	allDexsAssetCtxs	documented_active	provider_typed	general_adapter_or_provider	해당 없음		not_connected		Unlinked	unreviewed		unreviewed		unreviewed		unreviewed		unreviewed		unreviewed			Unreviewed		원장/감사 queue에 유지; 새 발견은 다음 backlog
Hyperliquid	WebSocket subscriptions	WebSocket	subscribe	method=subscribe subscription.type=allDexsClearinghouseState	allDexsClearinghouseState	documented_active	provider_typed	general_adapter_or_provider	해당 없음		not_connected		Unlinked	unreviewed		unreviewed		unreviewed		unreviewed		unreviewed		unreviewed			Unreviewed		원장/감사 queue에 유지; 새 발견은 다음 backlog
Hyperliquid	WebSocket subscriptions	WebSocket	subscribe	method=subscribe subscription.type=allMids	allMids	documented_active	provider_typed	general_adapter_or_provider	해당 없음		not_connected		Unlinked	unreviewed		unreviewed		unreviewed		unreviewed		unreviewed		unreviewed			Unreviewed		원장/감사 queue에 유지; 새 발견은 다음 backlog
Hyperliquid	WebSocket subscriptions	WebSocket	subscribe	method=subscribe subscription.type=bbo	bbo	documented_active	provider_typed	general_adapter_or_provider	해당 없음		not_connected		Unlinked	unreviewed		unreviewed		unreviewed		unreviewed		unreviewed		unreviewed			Unreviewed		원장/감사 queue에 유지; 새 발견은 다음 backlog
Hyperliquid	WebSocket subscriptions	WebSocket	subscribe	method=subscribe subscription.type=candle	candle	documented_active	common_existing	general_adapter_or_provider	해당 없음	subscriptions.candle	connected	bindings/common/src/coverage.rs::OPERATIONS	Implemented	present	src/adapter.rs:78	present	bindings/common/src/schema.rs::binding_schema	present	bindings/python/python/maxt/_generated_contract.py;bindings/dart/lib/src/generated_contract.dart;bindings/typescript/src/generated/contract.ts	present	bindings/python/python/maxt/adapters.py	present	bindings/dart/lib/src/generated_provider_methods.dart	present	bindings/typescript/src/generated/api.ts	LiveRead	MechanicallyConnected	subscribe	감사 초안; 의미상 Complete 아님
Hyperliquid	WebSocket subscriptions	WebSocket	subscribe	method=subscribe subscription.type=clearinghouseState	clearinghouseState	documented_active	provider_typed	general_adapter_or_provider	해당 없음		not_connected		Unlinked	unreviewed		unreviewed		unreviewed		unreviewed		unreviewed		unreviewed			Unreviewed		원장/감사 queue에 유지; 새 발견은 다음 backlog
Hyperliquid	WebSocket subscriptions	WebSocket	subscribe	method=subscribe subscription.type=fastAssetCtxs	fastAssetCtxs	documented_active	provider_typed	general_adapter_or_provider	해당 없음		not_connected		Unlinked	unreviewed		unreviewed		unreviewed		unreviewed		unreviewed		unreviewed			Unreviewed		원장/감사 queue에 유지; 새 발견은 다음 backlog
Hyperliquid	WebSocket subscriptions	WebSocket	subscribe	method=subscribe subscription.type=l2Book	l2Book	documented_active	common_existing	general_adapter_or_provider	해당 없음	subscriptions.l2_book	connected	bindings/common/src/coverage.rs::OPERATIONS	Implemented	present	src/adapter.rs:78	present	bindings/common/src/schema.rs::binding_schema	present	bindings/python/python/maxt/_generated_contract.py;bindings/dart/lib/src/generated_contract.dart;bindings/typescript/src/generated/contract.ts	present	bindings/python/python/maxt/adapters.py	present	bindings/dart/lib/src/generated_provider_methods.dart	present	bindings/typescript/src/generated/api.ts	LiveRead	MechanicallyConnected	subscribe	감사 초안; 의미상 Complete 아님
Hyperliquid	WebSocket subscriptions	WebSocket	subscribe	method=subscribe subscription.type=notification	notification	documented_active	provider_typed	general_adapter_or_provider	해당 없음		not_connected		Unlinked	unreviewed		unreviewed		unreviewed		unreviewed		unreviewed		unreviewed			Unreviewed		원장/감사 queue에 유지; 새 발견은 다음 backlog
Hyperliquid	WebSocket subscriptions	WebSocket	subscribe	method=subscribe subscription.type=openOrders	openOrders	documented_active	provider_typed	general_adapter_or_provider	해당 없음		not_connected		Unlinked	unreviewed		unreviewed		unreviewed		unreviewed		unreviewed		unreviewed			Unreviewed		원장/감사 queue에 유지; 새 발견은 다음 backlog
Hyperliquid	WebSocket subscriptions	WebSocket	subscribe	method=subscribe subscription.type=orderUpdates	orderUpdates	documented_active	common_existing	general_adapter_or_provider	해당 없음	subscriptions.order_updates	connected	bindings/common/src/coverage.rs::OPERATIONS	Implemented	present	src/adapter.rs:238	present	bindings/common/src/schema.rs::binding_schema	present	bindings/python/python/maxt/_generated_contract.py;bindings/dart/lib/src/generated_contract.dart;bindings/typescript/src/generated/contract.ts	present	bindings/python/python/maxt/adapters.py	present	bindings/dart/lib/src/generated_provider_methods.dart	present	bindings/typescript/src/generated/api.ts	Fixture	MechanicallyConnected	subscribe_account	감사 초안; 의미상 Complete 아님
Hyperliquid	WebSocket subscriptions	WebSocket	subscribe	method=subscribe subscription.type=outcomeMetaUpdates	outcomeMetaUpdates	documented_active	provider_typed	general_adapter_or_provider	해당 없음		not_connected		Unlinked	unreviewed		unreviewed		unreviewed		unreviewed		unreviewed		unreviewed			Unreviewed		원장/감사 queue에 유지; 새 발견은 다음 backlog
Hyperliquid	WebSocket subscriptions	WebSocket	subscribe	method=subscribe subscription.type=spotState	spotState	documented_active	common_existing	general_adapter_or_provider	해당 없음	subscriptions.spot_state	connected	bindings/common/src/coverage.rs::OPERATIONS	Implemented	present	src/adapter.rs:238	present	bindings/common/src/schema.rs::binding_schema	present	bindings/python/python/maxt/_generated_contract.py;bindings/dart/lib/src/generated_contract.dart;bindings/typescript/src/generated/contract.ts	present	bindings/python/python/maxt/adapters.py	present	bindings/dart/lib/src/generated_provider_methods.dart	present	bindings/typescript/src/generated/api.ts	Fixture	MechanicallyConnected	subscribe_account	감사 초안; 의미상 Complete 아님
Hyperliquid	WebSocket subscriptions	WebSocket	subscribe	method=subscribe subscription.type=trades	trades	documented_active	common_existing	general_adapter_or_provider	해당 없음	subscriptions.trades	connected	bindings/common/src/coverage.rs::OPERATIONS	Implemented	present	src/adapter.rs:78	present	bindings/common/src/schema.rs::binding_schema	present	bindings/python/python/maxt/_generated_contract.py;bindings/dart/lib/src/generated_contract.dart;bindings/typescript/src/generated/contract.ts	present	bindings/python/python/maxt/adapters.py	present	bindings/dart/lib/src/generated_provider_methods.dart	present	bindings/typescript/src/generated/api.ts	LiveRead	MechanicallyConnected	subscribe	감사 초안; 의미상 Complete 아님
Hyperliquid	WebSocket subscriptions	WebSocket	subscribe	method=subscribe subscription.type=twapStates	twapStates	documented_active	provider_typed	general_adapter_or_provider	해당 없음		not_connected		Unlinked	unreviewed		unreviewed		unreviewed		unreviewed		unreviewed		unreviewed			Unreviewed		원장/감사 queue에 유지; 새 발견은 다음 backlog
Hyperliquid	WebSocket subscriptions	WebSocket	subscribe	method=subscribe subscription.type=userEvents	userEvents	documented_active	provider_typed	general_adapter_or_provider	해당 없음		not_connected		Unlinked	unreviewed		unreviewed		unreviewed		unreviewed		unreviewed		unreviewed			Unreviewed		원장/감사 queue에 유지; 새 발견은 다음 backlog
Hyperliquid	WebSocket subscriptions	WebSocket	subscribe	method=subscribe subscription.type=userFills	userFills	documented_active	provider_typed	general_adapter_or_provider	해당 없음		not_connected		Unlinked	unreviewed		unreviewed		unreviewed		unreviewed		unreviewed		unreviewed			Unreviewed		원장/감사 queue에 유지; 새 발견은 다음 backlog
Hyperliquid	WebSocket subscriptions	WebSocket	subscribe	method=subscribe subscription.type=userFundings	userFundings	documented_active	provider_typed	general_adapter_or_provider	해당 없음		not_connected		Unlinked	unreviewed		unreviewed		unreviewed		unreviewed		unreviewed		unreviewed			Unreviewed		원장/감사 queue에 유지; 새 발견은 다음 backlog
Hyperliquid	WebSocket subscriptions	WebSocket	subscribe	method=subscribe subscription.type=userNonFundingLedgerUpdates	userNonFundingLedgerUpdates	documented_active	provider_typed	general_adapter_or_provider	해당 없음		not_connected		Unlinked	unreviewed		unreviewed		unreviewed		unreviewed		unreviewed		unreviewed			Unreviewed		원장/감사 queue에 유지; 새 발견은 다음 backlog
Hyperliquid	WebSocket subscriptions	WebSocket	subscribe	method=subscribe subscription.type=userTwapHistory	userTwapHistory	documented_active	provider_typed	general_adapter_or_provider	해당 없음		not_connected		Unlinked	unreviewed		unreviewed		unreviewed		unreviewed		unreviewed		unreviewed			Unreviewed		원장/감사 queue에 유지; 새 발견은 다음 backlog
Hyperliquid	WebSocket subscriptions	WebSocket	subscribe	method=subscribe subscription.type=userTwapSliceFills	userTwapSliceFills	documented_active	provider_typed	general_adapter_or_provider	해당 없음		not_connected		Unlinked	unreviewed		unreviewed		unreviewed		unreviewed		unreviewed		unreviewed			Unreviewed		원장/감사 queue에 유지; 새 발견은 다음 backlog
Hyperliquid	WebSocket subscriptions	WebSocket	subscribe	method=subscribe subscription.type=webData3	webData3	documented_active	provider_typed	general_adapter_or_provider	해당 없음		not_connected		Unlinked	unreviewed		unreviewed		unreviewed		unreviewed		unreviewed		unreviewed			Unreviewed		원장/감사 queue에 유지; 새 발견은 다음 backlog
Upbit	Deposits and withdrawals	Http	DELETE	/v1/withdraws/coin	cancel-withdrawal	documented_active	common_existing	general_adapter_or_provider	해당 없음	wallet.cancel_withdrawal	connected	bindings/common/src/coverage.rs::OPERATIONS	Partial	present	src/adapter.rs:184	present	bindings/common/src/schema.rs::binding_schema	present	bindings/python/python/maxt/_generated_contract.py;bindings/dart/lib/src/generated_contract.dart;bindings/typescript/src/generated/contract.ts	present	bindings/python/python/maxt/adapters.py	present	bindings/dart/lib/src/generated_provider_methods.dart	present	bindings/typescript/src/generated/api.ts	Fixture	Partial	cancel_withdrawal	원장/감사 queue에 유지; 새 발견은 다음 backlog
Upbit	Deposits and withdrawals	Http	GET	/v1/deposit	get-deposit	documented_active	common_existing	general_adapter_or_provider	해당 없음	wallet.deposit	connected	bindings/common/src/coverage.rs::OPERATIONS	Partial	present	src/adapter.rs:172	present	bindings/common/src/schema.rs::binding_schema	present	bindings/python/python/maxt/_generated_contract.py;bindings/dart/lib/src/generated_contract.dart;bindings/typescript/src/generated/contract.ts	present	bindings/python/python/maxt/adapters.py	present	bindings/dart/lib/src/generated_provider_methods.dart	present	bindings/typescript/src/generated/api.ts	Fixture	Partial	deposit	원장/감사 queue에 유지; 새 발견은 다음 backlog
Upbit	Deposits and withdrawals	Http	GET	/v1/deposits	list-deposits	documented_active	common_existing	general_adapter_or_provider	해당 없음	wallet.deposits	connected	bindings/common/src/coverage.rs::OPERATIONS	Implemented	present	src/adapter.rs:190	present	bindings/common/src/schema.rs::binding_schema	present	bindings/python/python/maxt/_generated_contract.py;bindings/dart/lib/src/generated_contract.dart;bindings/typescript/src/generated/contract.ts	present	bindings/python/python/maxt/adapters.py	present	bindings/dart/lib/src/generated_provider_methods.dart	present	bindings/typescript/src/generated/api.ts	Fixture	MechanicallyConnected	deposits	감사 초안; 의미상 Complete 아님
Upbit	Deposits and withdrawals	Http	GET	/v1/deposits/chance/coin	available-deposit-information	documented_active	provider_typed	general_adapter_or_provider	해당 없음	wallet.deposit_chance	connected	bindings/common/src/coverage.rs::OPERATIONS	Implemented	present	src/adapters/upbit/mod.rs:1361	present	bindings/common/src/schema.rs::binding_schema	present	bindings/python/python/maxt/_generated_contract.py;bindings/dart/lib/src/generated_contract.dart;bindings/typescript/src/generated/contract.ts	present	bindings/python/python/maxt/adapters.py	present	bindings/dart/lib/src/generated_provider_methods.dart	present	bindings/typescript/src/generated/api.ts	Fixture	MechanicallyConnected	deposit_info	감사 초안; 의미상 Complete 아님
Upbit	Deposits and withdrawals	Http	GET	/v1/deposits/coin_address	get-deposit-address	documented_active	common_existing	general_adapter_or_provider	해당 없음	wallet.deposit_address	connected	bindings/common/src/coverage.rs::OPERATIONS	Implemented	present	src/adapter.rs:135	present	bindings/common/src/schema.rs::binding_schema	present	bindings/python/python/maxt/_generated_contract.py;bindings/dart/lib/src/generated_contract.dart;bindings/typescript/src/generated/contract.ts	present	bindings/python/python/maxt/adapters.py	present	bindings/dart/lib/src/generated_provider_methods.dart	present	bindings/typescript/src/generated/api.ts	Fixture	MechanicallyConnected	deposit_address	감사 초안; 의미상 Complete 아님
Upbit	Deposits and withdrawals	Http	GET	/v1/deposits/coin_addresses	list-deposit-addresses	documented_active	common_existing	general_adapter_or_provider	해당 없음	wallet.deposit_addresses	connected	bindings/common/src/coverage.rs::OPERATIONS	Implemented	present	src/adapter.rs:130	present	bindings/common/src/schema.rs::binding_schema	present	bindings/python/python/maxt/_generated_contract.py;bindings/dart/lib/src/generated_contract.dart;bindings/typescript/src/generated/contract.ts	present	bindings/python/python/maxt/adapters.py	present	bindings/dart/lib/src/generated_provider_methods.dart	present	bindings/typescript/src/generated/api.ts	Fixture	MechanicallyConnected	deposit_addresses	감사 초안; 의미상 Complete 아님
Upbit	Deposits and withdrawals	Http	GET	/v1/status/wallet	get-service-status	documented_active	common_existing	general_adapter_or_provider	해당 없음	wallet.wallet_status	connected	bindings/common/src/coverage.rs::OPERATIONS	Implemented	present	src/adapter.rs:121	present	bindings/common/src/schema.rs::binding_schema	present	bindings/python/python/maxt/_generated_contract.py;bindings/dart/lib/src/generated_contract.dart;bindings/typescript/src/generated/contract.ts	present	bindings/python/python/maxt/adapters.py	present	bindings/dart/lib/src/generated_provider_methods.dart	present	bindings/typescript/src/generated/api.ts	Fixture	MechanicallyConnected	asset_networks	감사 초안; 의미상 Complete 아님
Upbit	Deposits and withdrawals	Http	GET	/v1/withdraw	get-withdrawal	documented_active	common_existing	general_adapter_or_provider	해당 없음	wallet.withdrawal	connected	bindings/common/src/coverage.rs::OPERATIONS	Partial	present	src/adapter.rs:178	present	bindings/common/src/schema.rs::binding_schema	present	bindings/python/python/maxt/_generated_contract.py;bindings/dart/lib/src/generated_contract.dart;bindings/typescript/src/generated/contract.ts	present	bindings/python/python/maxt/adapters.py	present	bindings/dart/lib/src/generated_provider_methods.dart	present	bindings/typescript/src/generated/api.ts	Fixture	Partial	withdrawal	원장/감사 queue에 유지; 새 발견은 다음 backlog
Upbit	Deposits and withdrawals	Http	GET	/v1/withdraws	list-withdrawals	documented_active	common_existing	general_adapter_or_provider	해당 없음	wallet.withdrawals	connected	bindings/common/src/coverage.rs::OPERATIONS	Implemented	present	src/adapter.rs:196	present	bindings/common/src/schema.rs::binding_schema	present	bindings/python/python/maxt/_generated_contract.py;bindings/dart/lib/src/generated_contract.dart;bindings/typescript/src/generated/contract.ts	present	bindings/python/python/maxt/adapters.py	present	bindings/dart/lib/src/generated_provider_methods.dart	present	bindings/typescript/src/generated/api.ts	Fixture	MechanicallyConnected	withdrawals	감사 초안; 의미상 Complete 아님
Upbit	Deposits and withdrawals	Http	GET	/v1/withdraws/chance	available-withdrawal-information	documented_active	common_existing	general_adapter_or_provider	해당 없음	wallet.withdraw_chance	connected	bindings/common/src/coverage.rs::OPERATIONS	Implemented	present	src/adapter.rs:157	present	bindings/common/src/schema.rs::binding_schema	present	bindings/python/python/maxt/_generated_contract.py;bindings/dart/lib/src/generated_contract.dart;bindings/typescript/src/generated/contract.ts	present	bindings/python/python/maxt/adapters.py	present	bindings/dart/lib/src/generated_provider_methods.dart	present	bindings/typescript/src/generated/api.ts	Fixture	MechanicallyConnected	prepare_withdrawal	감사 초안; 의미상 Complete 아님
Upbit	Deposits and withdrawals	Http	GET	/v1/withdraws/coin_addresses	list-withdrawal-addresses	documented_active	common_existing	general_adapter_or_provider	해당 없음	wallet.withdraw_addresses	connected	bindings/common/src/coverage.rs::OPERATIONS	Implemented	present	src/adapter.rs:157	present	bindings/common/src/schema.rs::binding_schema	present	bindings/python/python/maxt/_generated_contract.py;bindings/dart/lib/src/generated_contract.dart;bindings/typescript/src/generated/contract.ts	present	bindings/python/python/maxt/adapters.py	present	bindings/dart/lib/src/generated_provider_methods.dart	present	bindings/typescript/src/generated/api.ts	Fixture	MechanicallyConnected	prepare_withdrawal	감사 초안; 의미상 Complete 아님
Upbit	Deposits and withdrawals	Http	POST	/v1/deposits/generate_coin_address	create-deposit-address	documented_active	common_existing	general_adapter_or_provider	해당 없음	wallet.create_deposit_address	connected	bindings/common/src/coverage.rs::OPERATIONS	Implemented	present	src/adapter.rs:148	present	bindings/common/src/schema.rs::binding_schema	present	bindings/python/python/maxt/_generated_contract.py;bindings/dart/lib/src/generated_contract.dart;bindings/typescript/src/generated/contract.ts	present	bindings/python/python/maxt/adapters.py	present	bindings/dart/lib/src/generated_provider_methods.dart	present	bindings/typescript/src/generated/api.ts	Fixture	MechanicallyConnected	create_deposit_address	감사 초안; 의미상 Complete 아님
Upbit	Deposits and withdrawals	Http	POST	/v1/withdraws/coin	withdraw	documented_active	common_existing	general_adapter_or_provider	해당 없음	wallet.withdraw_coin	connected	bindings/common/src/coverage.rs::OPERATIONS	Implemented	present	src/adapter.rs:166	present	bindings/common/src/schema.rs::binding_schema	present	bindings/python/python/maxt/_generated_contract.py;bindings/dart/lib/src/generated_contract.dart;bindings/typescript/src/generated/contract.ts	present	bindings/python/python/maxt/adapters.py	present	bindings/dart/lib/src/generated_provider_methods.dart	present	bindings/typescript/src/generated/api.ts	Fixture	MechanicallyConnected	withdraw	감사 초안; 의미상 Complete 아님
Upbit	Exchange	Http	DELETE	/v1/order	cancel-order	documented_active	common_existing	general_adapter_or_provider	해당 없음	exchange.cancel_order	connected	bindings/common/src/coverage.rs::OPERATIONS	Partial	present	src/adapter.rs:250;src/adapter.rs:256	present	bindings/common/src/schema.rs::binding_schema	present	bindings/python/python/maxt/_generated_contract.py;bindings/dart/lib/src/generated_contract.dart;bindings/typescript/src/generated/contract.ts	present	bindings/python/python/maxt/adapters.py	present	bindings/dart/lib/src/generated_provider_methods.dart	present	bindings/typescript/src/generated/api.ts	Fixture	Partial	cancel_order;cancel_order_by_client_id	원장/감사 queue에 유지; 새 발견은 다음 backlog
Upbit	Exchange	Http	DELETE	/v1/orders/open	batch-cancel-orders	documented_active	provider_typed	general_adapter_or_provider	해당 없음	exchange.batch_cancel_open_orders	connected	bindings/common/src/coverage.rs::OPERATIONS	Implemented	present	src/adapters/upbit/mod.rs:1529	present	bindings/common/src/schema.rs::binding_schema	present	bindings/python/python/maxt/_generated_contract.py;bindings/dart/lib/src/generated_contract.dart;bindings/typescript/src/generated/contract.ts	present	bindings/python/python/maxt/adapters.py	present	bindings/dart/lib/src/generated_provider_methods.dart	present	bindings/typescript/src/generated/api.ts	Fixture	MechanicallyConnected	batch_cancel_open_orders	감사 초안; 의미상 Complete 아님
Upbit	Exchange	Http	DELETE	/v1/orders/uuids	cancel-orders-by-ids	documented_active	common_existing	general_adapter_or_provider	해당 없음	exchange.cancel_orders_by_ids	connected	bindings/common/src/coverage.rs::OPERATIONS	Partial	present	src/adapter.rs:266	present	bindings/common/src/schema.rs::binding_schema	present	bindings/python/python/maxt/_generated_contract.py;bindings/dart/lib/src/generated_contract.dart;bindings/typescript/src/generated/contract.ts	present	bindings/python/python/maxt/adapters.py	present	bindings/dart/lib/src/generated_provider_methods.dart	present	bindings/typescript/src/generated/api.ts	Fixture	Partial	cancel_orders	원장/감사 queue에 유지; 새 발견은 다음 backlog
Upbit	Exchange	Http	GET	/v1/accounts	get-balance	documented_active	common_existing	general_adapter_or_provider	해당 없음	exchange.balances	connected	bindings/common/src/coverage.rs::OPERATIONS	Implemented	present	src/adapter.rs:110	present	bindings/common/src/schema.rs::binding_schema	present	bindings/python/python/maxt/_generated_contract.py;bindings/dart/lib/src/generated_contract.dart;bindings/typescript/src/generated/contract.ts	present	bindings/python/python/maxt/adapters.py	present	bindings/dart/lib/src/generated_provider_methods.dart	present	bindings/typescript/src/generated/api.ts	Fixture	MechanicallyConnected	balances	감사 초안; 의미상 Complete 아님
Upbit	Exchange	Http	GET	/v1/order	get-order	documented_active	common_and_provider	general_adapter_or_provider	해당 없음	exchange.get_order	connected	bindings/common/src/coverage.rs::OPERATIONS	Implemented	present	src/adapter.rs:211;src/adapter.rs:217;src/adapters/upbit/mod.rs:1340	present	bindings/common/src/schema.rs::binding_schema	present	bindings/python/python/maxt/_generated_contract.py;bindings/dart/lib/src/generated_contract.dart;bindings/typescript/src/generated/contract.ts	present	bindings/python/python/maxt/adapters.py	present	bindings/dart/lib/src/generated_provider_methods.dart	present	bindings/typescript/src/generated/api.ts	Fixture	MechanicallyConnected	order;order_by_client_id;order_detail	감사 초안; 의미상 Complete 아님
Upbit	Exchange	Http	GET	/v1/orders/chance	available-order-information	documented_active	common_existing	general_adapter_or_provider	해당 없음	exchange.available_order_info	connected	bindings/common/src/coverage.rs::OPERATIONS	Implemented	present	src/adapter.rs:115	present	bindings/common/src/schema.rs::binding_schema	present	bindings/python/python/maxt/_generated_contract.py;bindings/dart/lib/src/generated_contract.dart;bindings/typescript/src/generated/contract.ts	present	bindings/python/python/maxt/adapters.py	present	bindings/dart/lib/src/generated_provider_methods.dart	present	bindings/typescript/src/generated/api.ts	Fixture	MechanicallyConnected	order_rules	감사 초안; 의미상 Complete 아님
Upbit	Exchange	Http	GET	/v1/orders/closed	list-closed-orders	documented_active	common_and_provider	general_adapter_or_provider	해당 없음	exchange.closed_orders	connected	bindings/common/src/coverage.rs::OPERATIONS	Implemented	present	src/adapter.rs:229;src/adapters/upbit/mod.rs:1351	present	bindings/common/src/schema.rs::binding_schema	present	bindings/python/python/maxt/_generated_contract.py;bindings/dart/lib/src/generated_contract.dart;bindings/typescript/src/generated/contract.ts	present	bindings/python/python/maxt/adapters.py	present	bindings/dart/lib/src/generated_provider_methods.dart	present	bindings/typescript/src/generated/api.ts	Fixture	MechanicallyConnected	closed_orders;order_history	감사 초안; 의미상 Complete 아님
Upbit	Exchange	Http	GET	/v1/orders/open	list-open-orders	documented_active	common_existing	general_adapter_or_provider	해당 없음	exchange.open_orders	connected	bindings/common/src/coverage.rs::OPERATIONS	Implemented	present	src/adapter.rs:205	present	bindings/common/src/schema.rs::binding_schema	present	bindings/python/python/maxt/_generated_contract.py;bindings/dart/lib/src/generated_contract.dart;bindings/typescript/src/generated/contract.ts	present	bindings/python/python/maxt/adapters.py	present	bindings/dart/lib/src/generated_provider_methods.dart	present	bindings/typescript/src/generated/api.ts	Fixture	MechanicallyConnected	open_orders	감사 초안; 의미상 Complete 아님
Upbit	Exchange	Http	GET	/v1/orders/uuids	list-orders-by-ids	documented_active	common_existing	general_adapter_or_provider	해당 없음	exchange.orders_by_ids	connected	bindings/common/src/coverage.rs::OPERATIONS	Partial	present	src/adapter.rs:223	present	bindings/common/src/schema.rs::binding_schema	present	bindings/python/python/maxt/_generated_contract.py;bindings/dart/lib/src/generated_contract.dart;bindings/typescript/src/generated/contract.ts	present	bindings/python/python/maxt/adapters.py	present	bindings/dart/lib/src/generated_provider_methods.dart	present	bindings/typescript/src/generated/api.ts	Fixture	Partial	orders_by_ids	원장/감사 queue에 유지; 새 발견은 다음 backlog
Upbit	Exchange	Http	POST	/v1/orders	new-order	documented_active	common_existing	general_adapter_or_provider	해당 없음	exchange.new_order	connected	bindings/common/src/coverage.rs::OPERATIONS	Partial	present	src/adapter.rs:244	present	bindings/common/src/schema.rs::binding_schema	present	bindings/python/python/maxt/_generated_contract.py;bindings/dart/lib/src/generated_contract.dart;bindings/typescript/src/generated/contract.ts	present	bindings/python/python/maxt/adapters.py	present	bindings/dart/lib/src/generated_provider_methods.dart	present	bindings/typescript/src/generated/api.ts	Fixture	Partial	place_order	원장/감사 queue에 유지; 새 발견은 다음 backlog
Upbit	Exchange	Http	POST	/v1/orders/cancel_and_new	cancel-and-new-order	documented_active	provider_typed	general_adapter_or_provider	해당 없음	exchange.cancel_and_new_order	connected	bindings/common/src/coverage.rs::OPERATIONS	Partial	present	src/adapters/upbit/mod.rs:1542	present	bindings/common/src/schema.rs::binding_schema	present	bindings/python/python/maxt/_generated_contract.py;bindings/dart/lib/src/generated_contract.dart;bindings/typescript/src/generated/contract.ts	present	bindings/python/python/maxt/adapters.py	present	bindings/dart/lib/src/generated_provider_methods.dart	present	bindings/typescript/src/generated/api.ts	Fixture	Partial	cancel_and_new_order	원장/감사 queue에 유지; 새 발견은 다음 backlog
Upbit	Exchange	Http	POST	/v1/orders/test	order-test	documented_active	provider_typed	general_adapter_or_provider	해당 없음	exchange.test_order	connected	bindings/common/src/coverage.rs::OPERATIONS	Partial	present	src/adapters/upbit/mod.rs:1330	present	bindings/common/src/schema.rs::binding_schema	present	bindings/python/python/maxt/_generated_contract.py;bindings/dart/lib/src/generated_contract.dart;bindings/typescript/src/generated/contract.ts	present	bindings/python/python/maxt/adapters.py	present	bindings/dart/lib/src/generated_provider_methods.dart	present	bindings/typescript/src/generated/api.ts	Fixture	Partial	test_order	원장/감사 queue에 유지; 새 발견은 다음 backlog
Upbit	Exchange	WebSocketStream	SUBSCRIBE	type=myAsset	myAsset	documented_active	common_existing	general_adapter_or_provider	해당 없음	exchange.my_asset_stream	connected	bindings/common/src/coverage.rs::OPERATIONS	Partial	present	src/adapter.rs:238	present	bindings/common/src/schema.rs::binding_schema	present	bindings/python/python/maxt/_generated_contract.py;bindings/dart/lib/src/generated_contract.dart;bindings/typescript/src/generated/contract.ts	present	bindings/python/python/maxt/adapters.py	present	bindings/dart/lib/src/generated_provider_methods.dart	present	bindings/typescript/src/generated/api.ts	Fixture	Partial	subscribe_account	원장/감사 queue에 유지; 새 발견은 다음 backlog
Upbit	Exchange	WebSocketStream	SUBSCRIBE	type=myOrder	myOrder	documented_active	common_existing	general_adapter_or_provider	해당 없음	exchange.my_order_stream	connected	bindings/common/src/coverage.rs::OPERATIONS	Partial	present	src/adapter.rs:238	present	bindings/common/src/schema.rs::binding_schema	present	bindings/python/python/maxt/_generated_contract.py;bindings/dart/lib/src/generated_contract.dart;bindings/typescript/src/generated/contract.ts	present	bindings/python/python/maxt/adapters.py	present	bindings/dart/lib/src/generated_provider_methods.dart	present	bindings/typescript/src/generated/api.ts	Fixture	Partial	subscribe_account	원장/감사 queue에 유지; 새 발견은 다음 backlog
Upbit	Korea deposits and withdrawals	Http	GET	/v1/api_keys	list-api-keys	documented_active_korea_only	provider_typed	general_adapter_or_provider	해당 없음	wallet.api_keys	connected	bindings/common/src/coverage.rs::OPERATIONS	Implemented	present	src/adapters/upbit/mod.rs:1393	present	bindings/common/src/schema.rs::binding_schema	present	bindings/python/python/maxt/_generated_contract.py;bindings/dart/lib/src/generated_contract.dart;bindings/typescript/src/generated/contract.ts	present	bindings/python/python/maxt/adapters.py	present	bindings/dart/lib/src/generated_provider_methods.dart	present	bindings/typescript/src/generated/api.ts	Fixture	MechanicallyConnected	api_keys	감사 초안; 의미상 Complete 아님
Upbit	Korea deposits and withdrawals	Http	POST	/v1/deposits/krw	deposit-krw	documented_active_korea_only	provider_typed	general_adapter_or_provider	해당 없음	wallet.deposit_krw	connected	bindings/common/src/coverage.rs::OPERATIONS	Implemented	present	src/adapters/upbit/mod.rs:1371	present	bindings/common/src/schema.rs::binding_schema	present	bindings/python/python/maxt/_generated_contract.py;bindings/dart/lib/src/generated_contract.dart;bindings/typescript/src/generated/contract.ts	present	bindings/python/python/maxt/adapters.py	present	bindings/dart/lib/src/generated_provider_methods.dart	present	bindings/typescript/src/generated/api.ts	Fixture	MechanicallyConnected	deposit_krw	감사 초안; 의미상 Complete 아님
Upbit	Korea deposits and withdrawals	Http	POST	/v1/withdraws/krw	withdraw-krw	documented_active_korea_only	provider_typed	general_adapter_or_provider	해당 없음	wallet.withdraw_krw	connected	bindings/common/src/coverage.rs::OPERATIONS	Implemented	present	src/adapters/upbit/mod.rs:1381	present	bindings/common/src/schema.rs::binding_schema	present	bindings/python/python/maxt/_generated_contract.py;bindings/dart/lib/src/generated_contract.dart;bindings/typescript/src/generated/contract.ts	present	bindings/python/python/maxt/adapters.py	present	bindings/dart/lib/src/generated_provider_methods.dart	present	bindings/typescript/src/generated/api.ts	Fixture	MechanicallyConnected	withdraw_krw	감사 초안; 의미상 Complete 아님
Upbit	Korea pockets	Http	GET	/v1/pockets	list-pockets	documented_active_korea_only	provider_typed	general_adapter_or_provider	해당 없음	pockets.list_pockets	connected	bindings/common/src/coverage.rs::OPERATIONS	Implemented	present	src/adapters/upbit/mod.rs:1403	present	bindings/common/src/schema.rs::binding_schema	present	bindings/python/python/maxt/_generated_contract.py;bindings/dart/lib/src/generated_contract.dart;bindings/typescript/src/generated/contract.ts	present	bindings/python/python/maxt/adapters.py	present	bindings/dart/lib/src/generated_provider_methods.dart	present	bindings/typescript/src/generated/api.ts	Fixture	MechanicallyConnected	list_pockets	감사 초안; 의미상 Complete 아님
Upbit	Korea pockets	Http	GET	/v1/pockets/api_keys	list-pocket-api-keys	documented_active_korea_only	provider_typed	general_adapter_or_provider	해당 없음	pockets.list_pocket_api_keys	connected	bindings/common/src/coverage.rs::OPERATIONS	Implemented	present	src/adapters/upbit/mod.rs:1409	present	bindings/common/src/schema.rs::binding_schema	present	bindings/python/python/maxt/_generated_contract.py;bindings/dart/lib/src/generated_contract.dart;bindings/typescript/src/generated/contract.ts	present	bindings/python/python/maxt/adapters.py	present	bindings/dart/lib/src/generated_provider_methods.dart	present	bindings/typescript/src/generated/api.ts	Fixture	MechanicallyConnected	list_pocket_api_keys	감사 초안; 의미상 Complete 아님
Upbit	Korea pockets	Http	GET	/v1/pockets/assets	get-sub-pocket-balance	documented_active_korea_only	provider_typed	general_adapter_or_provider	해당 없음	pockets.sub_pocket_balances	connected	bindings/common/src/coverage.rs::OPERATIONS	Implemented	present	src/adapters/upbit/mod.rs:1418	present	bindings/common/src/schema.rs::binding_schema	present	bindings/python/python/maxt/_generated_contract.py;bindings/dart/lib/src/generated_contract.dart;bindings/typescript/src/generated/contract.ts	present	bindings/python/python/maxt/adapters.py	present	bindings/dart/lib/src/generated_provider_methods.dart	present	bindings/typescript/src/generated/api.ts	Fixture	MechanicallyConnected	sub_pocket_balances	감사 초안; 의미상 Complete 아님
Upbit	Korea pockets	Http	GET	/v1/pockets/transfers	list-transfers	documented_active_korea_only	provider_typed	general_adapter_or_provider	해당 없음	pockets.sub_pocket_transfers	connected	bindings/common/src/coverage.rs::OPERATIONS	Implemented	present	src/adapters/upbit/mod.rs:1457	present	bindings/common/src/schema.rs::binding_schema	present	bindings/python/python/maxt/_generated_contract.py;bindings/dart/lib/src/generated_contract.dart;bindings/typescript/src/generated/contract.ts	present	bindings/python/python/maxt/adapters.py	present	bindings/dart/lib/src/generated_provider_methods.dart	present	bindings/typescript/src/generated/api.ts	Fixture	MechanicallyConnected	sub_pocket_transfers	감사 초안; 의미상 Complete 아님
Upbit	Korea pockets	Http	GET	/v1/pockets/universal_transfers	list-universal-transfers	documented_active_korea_only	provider_typed	general_adapter_or_provider	해당 없음	pockets.universal_transfers	connected	bindings/common/src/coverage.rs::OPERATIONS	Implemented	present	src/adapters/upbit/mod.rs:1436	present	bindings/common/src/schema.rs::binding_schema	present	bindings/python/python/maxt/_generated_contract.py;bindings/dart/lib/src/generated_contract.dart;bindings/typescript/src/generated/contract.ts	present	bindings/python/python/maxt/adapters.py	present	bindings/dart/lib/src/generated_provider_methods.dart	present	bindings/typescript/src/generated/api.ts	Fixture	MechanicallyConnected	universal_transfers	감사 초안; 의미상 Complete 아님
Upbit	Korea pockets	Http	POST	/v1/pockets/transfers	transfer	documented_active_korea_only	provider_typed	general_adapter_or_provider	해당 없음	pockets.sub_pocket_transfer	connected	bindings/common/src/coverage.rs::OPERATIONS	Implemented	present	src/adapters/upbit/mod.rs:1448	present	bindings/common/src/schema.rs::binding_schema	present	bindings/python/python/maxt/_generated_contract.py;bindings/dart/lib/src/generated_contract.dart;bindings/typescript/src/generated/contract.ts	present	bindings/python/python/maxt/adapters.py	present	bindings/dart/lib/src/generated_provider_methods.dart	present	bindings/typescript/src/generated/api.ts	Fixture	MechanicallyConnected	sub_pocket_transfer	감사 초안; 의미상 Complete 아님
Upbit	Korea pockets	Http	POST	/v1/pockets/universal_transfers	universal-transfer	documented_active_korea_only	provider_typed	general_adapter_or_provider	해당 없음	pockets.universal_transfer	connected	bindings/common/src/coverage.rs::OPERATIONS	Implemented	present	src/adapters/upbit/mod.rs:1427	present	bindings/common/src/schema.rs::binding_schema	present	bindings/python/python/maxt/_generated_contract.py;bindings/dart/lib/src/generated_contract.dart;bindings/typescript/src/generated/contract.ts	present	bindings/python/python/maxt/adapters.py	present	bindings/dart/lib/src/generated_provider_methods.dart	present	bindings/typescript/src/generated/api.ts	Fixture	MechanicallyConnected	universal_transfer	감사 초안; 의미상 Complete 아님
Upbit	Quotation	Http	GET	/v1/candles/days	list-candles-days	documented_active	common_existing	general_adapter_or_provider	해당 없음	quotation.candles_days	connected	bindings/common/src/coverage.rs::OPERATIONS	Implemented	present	src/adapter.rs:68	present	bindings/common/src/schema.rs::binding_schema	present	bindings/python/python/maxt/_generated_contract.py;bindings/dart/lib/src/generated_contract.dart;bindings/typescript/src/generated/contract.ts	present	bindings/python/python/maxt/adapters.py	present	bindings/dart/lib/src/generated_provider_methods.dart	present	bindings/typescript/src/generated/api.ts	LiveRead	MechanicallyConnected	candles	감사 초안; 의미상 Complete 아님
Upbit	Quotation	Http	GET	/v1/candles/minutes/{unit}	list-candles-minutes	documented_active	common_existing	general_adapter_or_provider	해당 없음	quotation.candles_minutes	connected	bindings/common/src/coverage.rs::OPERATIONS	Implemented	present	src/adapter.rs:68	present	bindings/common/src/schema.rs::binding_schema	present	bindings/python/python/maxt/_generated_contract.py;bindings/dart/lib/src/generated_contract.dart;bindings/typescript/src/generated/contract.ts	present	bindings/python/python/maxt/adapters.py	present	bindings/dart/lib/src/generated_provider_methods.dart	present	bindings/typescript/src/generated/api.ts	LiveRead	MechanicallyConnected	candles	감사 초안; 의미상 Complete 아님
Upbit	Quotation	Http	GET	/v1/candles/months	list-candles-months	documented_active	common_existing	general_adapter_or_provider	해당 없음	quotation.candles_months	connected	bindings/common/src/coverage.rs::OPERATIONS	Implemented	present	src/adapter.rs:68	present	bindings/common/src/schema.rs::binding_schema	present	bindings/python/python/maxt/_generated_contract.py;bindings/dart/lib/src/generated_contract.dart;bindings/typescript/src/generated/contract.ts	present	bindings/python/python/maxt/adapters.py	present	bindings/dart/lib/src/generated_provider_methods.dart	present	bindings/typescript/src/generated/api.ts	LiveRead	MechanicallyConnected	candles	감사 초안; 의미상 Complete 아님
Upbit	Quotation	Http	GET	/v1/candles/seconds	list-candles-seconds	documented_active	common_existing	general_adapter_or_provider	해당 없음	quotation.candles_seconds	connected	bindings/common/src/coverage.rs::OPERATIONS	Implemented	present	src/adapter.rs:68	present	bindings/common/src/schema.rs::binding_schema	present	bindings/python/python/maxt/_generated_contract.py;bindings/dart/lib/src/generated_contract.dart;bindings/typescript/src/generated/contract.ts	present	bindings/python/python/maxt/adapters.py	present	bindings/dart/lib/src/generated_provider_methods.dart	present	bindings/typescript/src/generated/api.ts	LiveRead	MechanicallyConnected	candles	감사 초안; 의미상 Complete 아님
Upbit	Quotation	Http	GET	/v1/candles/weeks	list-candles-weeks	documented_active	common_existing	general_adapter_or_provider	해당 없음	quotation.candles_weeks	connected	bindings/common/src/coverage.rs::OPERATIONS	Implemented	present	src/adapter.rs:68	present	bindings/common/src/schema.rs::binding_schema	present	bindings/python/python/maxt/_generated_contract.py;bindings/dart/lib/src/generated_contract.dart;bindings/typescript/src/generated/contract.ts	present	bindings/python/python/maxt/adapters.py	present	bindings/dart/lib/src/generated_provider_methods.dart	present	bindings/typescript/src/generated/api.ts	LiveRead	MechanicallyConnected	candles	감사 초안; 의미상 Complete 아님
Upbit	Quotation	Http	GET	/v1/candles/years	list-candles-years	documented_active	provider_typed	general_adapter_or_provider	해당 없음	quotation.candles_years	connected	bindings/common/src/coverage.rs::OPERATIONS	Implemented	present	src/adapters/upbit/mod.rs:1286	present	bindings/common/src/schema.rs::binding_schema	present	bindings/python/python/maxt/_generated_contract.py;bindings/dart/lib/src/generated_contract.dart;bindings/typescript/src/generated/contract.ts	present	bindings/python/python/maxt/adapters.py	present	bindings/dart/lib/src/generated_provider_methods.dart	present	bindings/typescript/src/generated/api.ts	LiveRead	MechanicallyConnected	year_candles	감사 초안; 의미상 Complete 아님
Upbit	Quotation	Http	GET	/v1/market/all	list-trading-pairs	documented_active	common_and_provider	general_adapter_or_provider	해당 없음	quotation.markets	connected	bindings/common/src/coverage.rs::OPERATIONS	Implemented	present	src/adapter.rs:44;src/adapters/upbit/mod.rs:1314	present	bindings/common/src/schema.rs::binding_schema	present	bindings/python/python/maxt/_generated_contract.py;bindings/dart/lib/src/generated_contract.dart;bindings/typescript/src/generated/contract.ts	present	bindings/python/python/maxt/adapters.py	present	bindings/dart/lib/src/generated_provider_methods.dart	present	bindings/typescript/src/generated/api.ts	LiveRead	MechanicallyConnected	market_events;markets	감사 초안; 의미상 Complete 아님
Upbit	Quotation	Http	GET	/v1/orderbook	list-orderbooks	documented_active	common_and_provider	general_adapter_or_provider	해당 없음	quotation.orderbook	connected	bindings/common/src/coverage.rs::OPERATIONS	Implemented	present	src/adapter.rs:56;src/adapters/upbit/mod.rs:1229;src/adapters/upbit/mod.rs:1243	present	bindings/common/src/schema.rs::binding_schema	present	bindings/python/python/maxt/_generated_contract.py;bindings/dart/lib/src/generated_contract.dart;bindings/typescript/src/generated/contract.ts	present	bindings/python/python/maxt/adapters.py	present	bindings/dart/lib/src/generated_provider_methods.dart	present	bindings/typescript/src/generated/api.ts	LiveRead	MechanicallyConnected	order_book;order_books;order_books_at_level	감사 초안; 의미상 Complete 아님
Upbit	Quotation	Http	GET	/v1/orderbook/instruments	list-orderbook-instruments	documented_active	provider_typed	general_adapter_or_provider	해당 없음	quotation.orderbook_instruments	connected	bindings/common/src/coverage.rs::OPERATIONS	Implemented	present	src/adapters/upbit/mod.rs:1300	present	bindings/common/src/schema.rs::binding_schema	present	bindings/python/python/maxt/_generated_contract.py;bindings/dart/lib/src/generated_contract.dart;bindings/typescript/src/generated/contract.ts	present	bindings/python/python/maxt/adapters.py	present	bindings/dart/lib/src/generated_provider_methods.dart	present	bindings/typescript/src/generated/api.ts	LiveRead	MechanicallyConnected	orderbook_instruments	감사 초안; 의미상 Complete 아님
Upbit	Quotation	Http	GET	/v1/ticker	list-tickers	documented_active	common_and_provider	general_adapter_or_provider	해당 없음	quotation.ticker	connected	bindings/common/src/coverage.rs::OPERATIONS	Implemented	present	src/adapter.rs:62;src/adapters/upbit/mod.rs:1267	present	bindings/common/src/schema.rs::binding_schema	present	bindings/python/python/maxt/_generated_contract.py;bindings/dart/lib/src/generated_contract.dart;bindings/typescript/src/generated/contract.ts	present	bindings/python/python/maxt/adapters.py	present	bindings/dart/lib/src/generated_provider_methods.dart	present	bindings/typescript/src/generated/api.ts	LiveRead	MechanicallyConnected	ticker;tickers	감사 초안; 의미상 Complete 아님
Upbit	Quotation	Http	GET	/v1/ticker/all	list-quote-tickers	documented_active	provider_typed	general_adapter_or_provider	해당 없음	quotation.tickers_by_quote	connected	bindings/common/src/coverage.rs::OPERATIONS	Implemented	present	src/adapters/upbit/mod.rs:1276	present	bindings/common/src/schema.rs::binding_schema	present	bindings/python/python/maxt/_generated_contract.py;bindings/dart/lib/src/generated_contract.dart;bindings/typescript/src/generated/contract.ts	present	bindings/python/python/maxt/adapters.py	present	bindings/dart/lib/src/generated_provider_methods.dart	present	bindings/typescript/src/generated/api.ts	LiveRead	MechanicallyConnected	tickers_by_quote	감사 초안; 의미상 Complete 아님
Upbit	Quotation	Http	GET	/v1/trades/ticks	list-pair-trades	documented_active	common_existing	general_adapter_or_provider	해당 없음	quotation.trades_ticks	connected	bindings/common/src/coverage.rs::OPERATIONS	Implemented	present	src/adapter.rs:50	present	bindings/common/src/schema.rs::binding_schema	present	bindings/python/python/maxt/_generated_contract.py;bindings/dart/lib/src/generated_contract.dart;bindings/typescript/src/generated/contract.ts	present	bindings/python/python/maxt/adapters.py	present	bindings/dart/lib/src/generated_provider_methods.dart	present	bindings/typescript/src/generated/api.ts	LiveRead	MechanicallyConnected	trades	감사 초안; 의미상 Complete 아님
Upbit	Quotation	WebSocketRequest	LIST_SUBSCRIPTIONS	method=LIST_SUBSCRIPTIONS	LIST_SUBSCRIPTIONS	documented_active	provider_typed	general_adapter_or_provider	해당 없음	quotation.list_subscriptions	connected	bindings/common/src/coverage.rs::OPERATIONS	Implemented	present	src/adapters/upbit/mod.rs:1319	present	bindings/common/src/schema.rs::binding_schema	present	bindings/python/python/maxt/_generated_contract.py;bindings/dart/lib/src/generated_contract.dart;bindings/typescript/src/generated/contract.ts	present	bindings/python/python/maxt/adapters.py	present	bindings/dart/lib/src/generated_provider_methods.dart	present	bindings/typescript/src/generated/api.ts	Fixture	MechanicallyConnected	list_subscriptions	감사 초안; 의미상 Complete 아님
Upbit	Quotation	WebSocketStream	SUBSCRIBE	type=candle.{unit}	candle.{unit}	documented_active	common_existing	general_adapter_or_provider	해당 없음	quotation.candle_stream	connected	bindings/common/src/coverage.rs::OPERATIONS	Partial	present	src/adapter.rs:78	present	bindings/common/src/schema.rs::binding_schema	present	bindings/python/python/maxt/_generated_contract.py;bindings/dart/lib/src/generated_contract.dart;bindings/typescript/src/generated/contract.ts	present	bindings/python/python/maxt/adapters.py	present	bindings/dart/lib/src/generated_provider_methods.dart	present	bindings/typescript/src/generated/api.ts	LiveRead	Partial	subscribe	원장/감사 queue에 유지; 새 발견은 다음 backlog
Upbit	Quotation	WebSocketStream	SUBSCRIBE	type=orderbook	orderbook	documented_active	common_existing	general_adapter_or_provider	해당 없음	quotation.orderbook_stream	connected	bindings/common/src/coverage.rs::OPERATIONS	Partial	present	src/adapter.rs:78	present	bindings/common/src/schema.rs::binding_schema	present	bindings/python/python/maxt/_generated_contract.py;bindings/dart/lib/src/generated_contract.dart;bindings/typescript/src/generated/contract.ts	present	bindings/python/python/maxt/adapters.py	present	bindings/dart/lib/src/generated_provider_methods.dart	present	bindings/typescript/src/generated/api.ts	LiveRead	Partial	subscribe	원장/감사 queue에 유지; 새 발견은 다음 backlog
Upbit	Quotation	WebSocketStream	SUBSCRIBE	type=ticker	ticker	documented_active	common_existing	general_adapter_or_provider	해당 없음	quotation.ticker_stream	connected	bindings/common/src/coverage.rs::OPERATIONS	Partial	present	src/adapter.rs:78	present	bindings/common/src/schema.rs::binding_schema	present	bindings/python/python/maxt/_generated_contract.py;bindings/dart/lib/src/generated_contract.dart;bindings/typescript/src/generated/contract.ts	present	bindings/python/python/maxt/adapters.py	present	bindings/dart/lib/src/generated_provider_methods.dart	present	bindings/typescript/src/generated/api.ts	LiveRead	Partial	subscribe	원장/감사 queue에 유지; 새 발견은 다음 backlog
Upbit	Quotation	WebSocketStream	SUBSCRIBE	type=trade	trade	documented_active	common_existing	general_adapter_or_provider	해당 없음	quotation.trade_stream	connected	bindings/common/src/coverage.rs::OPERATIONS	Partial	present	src/adapter.rs:78	present	bindings/common/src/schema.rs::binding_schema	present	bindings/python/python/maxt/_generated_contract.py;bindings/dart/lib/src/generated_contract.dart;bindings/typescript/src/generated/contract.ts	present	bindings/python/python/maxt/adapters.py	present	bindings/dart/lib/src/generated_provider_methods.dart	present	bindings/typescript/src/generated/api.ts	LiveRead	Partial	subscribe	원장/감사 queue에 유지; 새 발견은 다음 backlog
Upbit	Travel Rule	Http	GET	/v1/travel_rule/vasps	list-travelrule-vasps	documented_active	provider_typed	general_adapter_or_provider	해당 없음	travel_rule.travel_rule_vasps	connected	bindings/common/src/coverage.rs::OPERATIONS	Implemented	present	src/adapters/upbit/mod.rs:1470	present	bindings/common/src/schema.rs::binding_schema	present	bindings/python/python/maxt/_generated_contract.py;bindings/dart/lib/src/generated_contract.dart;bindings/typescript/src/generated/contract.ts	present	bindings/python/python/maxt/adapters.py	present	bindings/dart/lib/src/generated_provider_methods.dart	present	bindings/typescript/src/generated/api.ts	Fixture	MechanicallyConnected	travel_rule_vasps	감사 초안; 의미상 Complete 아님
Upbit	Travel Rule	Http	POST	/v1/travel_rule/deposit/txid	verify-travelrule-by-txid	documented_active	provider_typed	general_adapter_or_provider	해당 없음	travel_rule.travel_rule_verify_txid	connected	bindings/common/src/coverage.rs::OPERATIONS	Implemented	present	src/adapters/upbit/mod.rs:1505	present	bindings/common/src/schema.rs::binding_schema	present	bindings/python/python/maxt/_generated_contract.py;bindings/dart/lib/src/generated_contract.dart;bindings/typescript/src/generated/contract.ts	present	bindings/python/python/maxt/adapters.py	present	bindings/dart/lib/src/generated_provider_methods.dart	present	bindings/typescript/src/generated/api.ts	Fixture	MechanicallyConnected	verify_travel_rule_by_txid	감사 초안; 의미상 Complete 아님
Upbit	Travel Rule	Http	POST	/v1/travel_rule/deposit/uuid	verify-travelrule-by-uuid	documented_active	provider_typed	general_adapter_or_provider	해당 없음	travel_rule.travel_rule_verify_uuid	connected	bindings/common/src/coverage.rs::OPERATIONS	Implemented	present	src/adapters/upbit/mod.rs:1482	present	bindings/common/src/schema.rs::binding_schema	present	bindings/python/python/maxt/_generated_contract.py;bindings/dart/lib/src/generated_contract.dart;bindings/typescript/src/generated/contract.ts	present	bindings/python/python/maxt/adapters.py	present	bindings/dart/lib/src/generated_provider_methods.dart	present	bindings/typescript/src/generated/api.ts	Fixture	MechanicallyConnected	verify_travel_rule_by_uuid	감사 초안; 의미상 Complete 아님
