# 437 platform_limited rows retained at a separate platform/protocol boundary; all decisions are provisional pending user approval
exchange	official_product	interface	method	path_or_message	operation_id	lifecycle	exposure	platform_boundary	platform_decision	local_operations	bridge_status	coverage_locator	coverage_state	rust_status	rust_locators	schema_status	schema_locator	codegen_status	codegen_locator	Python_status	Python_locator	Dart_status	Dart_locator	TypeScript_status	TypeScript_locator	verification	audit_status	mapping_names	next_batch
Binance	Copy Trading REST	Http	GET	/sapi/v1/copyTrading/futures/leadSymbol	getFuturesLeadTradingSymbolWhitelist	documented_active	platform_limited	separate_platform_or_protocol_service	이번 릴리스 보류(임시; 사용자 승인 필요)		not_connected		Unlinked	unreviewed		unreviewed		unreviewed		unreviewed		unreviewed		unreviewed			Unreviewed		별도 platform/protocol service 결정 대기; 사용자 승인 전 구현 재개 금지
Binance	Copy Trading REST	Http	GET	/sapi/v1/copyTrading/futures/userStatus	getFuturesLeadTraderStatus	documented_active	platform_limited	separate_platform_or_protocol_service	이번 릴리스 보류(임시; 사용자 승인 필요)		not_connected		Unlinked	unreviewed		unreviewed		unreviewed		unreviewed		unreviewed		unreviewed			Unreviewed		별도 platform/protocol service 결정 대기; 사용자 승인 전 구현 재개 금지
Binance	Exchange Link REST	Http	DELETE	/sapi/v1/broker/subAccount	deleteSubAccount	documented_active	platform_limited	separate_platform_or_protocol_service	이번 릴리스 보류(임시; 사용자 승인 필요)		not_connected		Unlinked	unreviewed		unreviewed		unreviewed		unreviewed		unreviewed		unreviewed			Unreviewed		별도 platform/protocol service 결정 대기; 사용자 승인 전 구현 재개 금지
Binance	Exchange Link REST	Http	DELETE	/sapi/v1/broker/subAccountApi	deleteSubAccountApiKey	documented_active	platform_limited	separate_platform_or_protocol_service	이번 릴리스 보류(임시; 사용자 승인 필요)		not_connected		Unlinked	unreviewed		unreviewed		unreviewed		unreviewed		unreviewed		unreviewed			Unreviewed		별도 platform/protocol service 결정 대기; 사용자 승인 전 구현 재개 금지
Binance	Exchange Link REST	Http	DELETE	/sapi/v1/broker/subAccountApi/ipRestriction/ipList	deleteIpRestrictionForSubAccountApiKey	documented_active	platform_limited	separate_platform_or_protocol_service	이번 릴리스 보류(임시; 사용자 승인 필요)		not_connected		Unlinked	unreviewed		unreviewed		unreviewed		unreviewed		unreviewed		unreviewed			Unreviewed		별도 platform/protocol service 결정 대기; 사용자 승인 전 구현 재개 금지
Binance	Exchange Link REST	Http	GET	/sapi/v1/broker/info	linkAccountInformation	documented_active	platform_limited	separate_platform_or_protocol_service	이번 릴리스 보류(임시; 사용자 승인 필요)		not_connected		Unlinked	unreviewed		unreviewed		unreviewed		unreviewed		unreviewed		unreviewed			Unreviewed		별도 platform/protocol service 결정 대기; 사용자 승인 전 구현 재개 금지
Binance	Exchange Link REST	Http	GET	/sapi/v1/broker/rebate/futures/recentRecord	queryBrokerFuturesCommissionRebateRecord	documented_active	platform_limited	separate_platform_or_protocol_service	이번 릴리스 보류(임시; 사용자 승인 필요)		not_connected		Unlinked	unreviewed		unreviewed		unreviewed		unreviewed		unreviewed		unreviewed			Unreviewed		별도 platform/protocol service 결정 대기; 사용자 승인 전 구현 재개 금지
Binance	Exchange Link REST	Http	GET	/sapi/v1/broker/rebate/recentRecord	querySpotCommissionRebateRecentRecord	documented_active	platform_limited	separate_platform_or_protocol_service	이번 릴리스 보류(임시; 사용자 승인 필요)		not_connected		Unlinked	unreviewed		unreviewed		unreviewed		unreviewed		unreviewed		unreviewed			Unreviewed		별도 platform/protocol service 결정 대기; 사용자 승인 전 구현 재개 금지
Binance	Exchange Link REST	Http	GET	/sapi/v1/broker/subAccount	querySubAccount	documented_active	platform_limited	separate_platform_or_protocol_service	이번 릴리스 보류(임시; 사용자 승인 필요)		not_connected		Unlinked	unreviewed		unreviewed		unreviewed		unreviewed		unreviewed		unreviewed			Unreviewed		별도 platform/protocol service 결정 대기; 사용자 승인 전 구현 재개 금지
Binance	Exchange Link REST	Http	GET	/sapi/v1/broker/subAccount/bnbBurn/status	getBnbBurnStatusForSubAccount	documented_active	platform_limited	separate_platform_or_protocol_service	이번 릴리스 보류(임시; 사용자 승인 필요)		not_connected		Unlinked	unreviewed		unreviewed		unreviewed		unreviewed		unreviewed		unreviewed			Unreviewed		별도 platform/protocol service 결정 대기; 사용자 승인 전 구현 재개 금지
Binance	Exchange Link REST	Http	GET	/sapi/v1/broker/subAccount/depositHist	getSubAccountDepositHistory	documented_active	platform_limited	separate_platform_or_protocol_service	이번 릴리스 보류(임시; 사용자 승인 필요)		not_connected		Unlinked	unreviewed		unreviewed		unreviewed		unreviewed		unreviewed		unreviewed			Unreviewed		별도 platform/protocol service 결정 대기; 사용자 승인 전 구현 재개 금지
Binance	Exchange Link REST	Http	GET	/sapi/v1/broker/subAccount/marginSummary	querySubAccountMarginAssetInfo	documented_active	platform_limited	separate_platform_or_protocol_service	이번 릴리스 보류(임시; 사용자 승인 필요)		not_connected		Unlinked	unreviewed		unreviewed		unreviewed		unreviewed		unreviewed		unreviewed			Unreviewed		별도 platform/protocol service 결정 대기; 사용자 승인 전 구현 재개 금지
Binance	Exchange Link REST	Http	GET	/sapi/v1/broker/subAccount/spotSummary	querySubAccountSpotAssetInfo	documented_active	platform_limited	separate_platform_or_protocol_service	이번 릴리스 보류(임시; 사용자 승인 필요)		not_connected		Unlinked	unreviewed		unreviewed		unreviewed		unreviewed		unreviewed		unreviewed			Unreviewed		별도 platform/protocol service 결정 대기; 사용자 승인 전 구현 재개 금지
Binance	Exchange Link REST	Http	GET	/sapi/v1/broker/subAccountApi	querySubAccountApiKey	documented_active	platform_limited	separate_platform_or_protocol_service	이번 릴리스 보류(임시; 사용자 승인 필요)		not_connected		Unlinked	unreviewed		unreviewed		unreviewed		unreviewed		unreviewed		unreviewed			Unreviewed		별도 platform/protocol service 결정 대기; 사용자 승인 전 구현 재개 금지
Binance	Exchange Link REST	Http	GET	/sapi/v1/broker/subAccountApi/commission/coinFutures	querySubAccountCoinFuturesCommissionAdjustment	documented_active	platform_limited	separate_platform_or_protocol_service	이번 릴리스 보류(임시; 사용자 승인 필요)		not_connected		Unlinked	unreviewed		unreviewed		unreviewed		unreviewed		unreviewed		unreviewed			Unreviewed		별도 platform/protocol service 결정 대기; 사용자 승인 전 구현 재개 금지
Binance	Exchange Link REST	Http	GET	/sapi/v1/broker/subAccountApi/commission/futures	querySubAccountUsdtFuturesCommissionAdjustment	documented_active	platform_limited	separate_platform_or_protocol_service	이번 릴리스 보류(임시; 사용자 승인 필요)		not_connected		Unlinked	unreviewed		unreviewed		unreviewed		unreviewed		unreviewed		unreviewed			Unreviewed		별도 platform/protocol service 결정 대기; 사용자 승인 전 구현 재개 금지
Binance	Exchange Link REST	Http	GET	/sapi/v1/broker/subAccountApi/ipRestriction	getIpRestrictionForSubAccountApiKey	documented_active	platform_limited	separate_platform_or_protocol_service	이번 릴리스 보류(임시; 사용자 승인 필요)		not_connected		Unlinked	unreviewed		unreviewed		unreviewed		unreviewed		unreviewed		unreviewed			Unreviewed		별도 platform/protocol service 결정 대기; 사용자 승인 전 구현 재개 금지
Binance	Exchange Link REST	Http	GET	/sapi/v1/broker/transfer	querySubAccountTransferHistorySpot	documented_active	platform_limited	separate_platform_or_protocol_service	이번 릴리스 보류(임시; 사용자 승인 필요)		not_connected		Unlinked	unreviewed		unreviewed		unreviewed		unreviewed		unreviewed		unreviewed			Unreviewed		별도 platform/protocol service 결정 대기; 사용자 승인 전 구현 재개 금지
Binance	Exchange Link REST	Http	GET	/sapi/v1/broker/transfer/futures	querySubAccountTransferHistoryFutures	documented_active	platform_limited	separate_platform_or_protocol_service	이번 릴리스 보류(임시; 사용자 승인 필요)		not_connected		Unlinked	unreviewed		unreviewed		unreviewed		unreviewed		unreviewed		unreviewed			Unreviewed		별도 platform/protocol service 결정 대기; 사용자 승인 전 구현 재개 금지
Binance	Exchange Link REST	Http	GET	/sapi/v1/broker/universalTransfer	queryUniversalTransferHistory	documented_active	platform_limited	separate_platform_or_protocol_service	이번 릴리스 보류(임시; 사용자 승인 필요)		not_connected		Unlinked	unreviewed		unreviewed		unreviewed		unreviewed		unreviewed		unreviewed			Unreviewed		별도 platform/protocol service 결정 대기; 사용자 승인 전 구현 재개 금지
Binance	Exchange Link REST	Http	GET	/sapi/v2/broker/subAccount/depositHist	getSubAccountDepositHistoryV2	documented_active	platform_limited	separate_platform_or_protocol_service	이번 릴리스 보류(임시; 사용자 승인 필요)		not_connected		Unlinked	unreviewed		unreviewed		unreviewed		unreviewed		unreviewed		unreviewed			Unreviewed		별도 platform/protocol service 결정 대기; 사용자 승인 전 구현 재개 금지
Binance	Exchange Link REST	Http	GET	/sapi/v3/broker/subAccount/futuresSummary	querySubAccountFuturesAssetInfo	documented_active	platform_limited	separate_platform_or_protocol_service	이번 릴리스 보류(임시; 사용자 승인 필요)		not_connected		Unlinked	unreviewed		unreviewed		unreviewed		unreviewed		unreviewed		unreviewed			Unreviewed		별도 platform/protocol service 결정 대기; 사용자 승인 전 구현 재개 금지
Binance	Exchange Link REST	Http	POST	/sapi/v1/broker/futures/accountTransfer	futuresTransferForLinkSubAccount	documented_active	platform_limited	separate_platform_or_protocol_service	이번 릴리스 보류(임시; 사용자 승인 필요)		not_connected		Unlinked	unreviewed		unreviewed		unreviewed		unreviewed		unreviewed		unreviewed			Unreviewed		별도 platform/protocol service 결정 대기; 사용자 승인 전 구현 재개 금지
Binance	Exchange Link REST	Http	POST	/sapi/v1/broker/subAccount	createASubAccount	documented_active	platform_limited	separate_platform_or_protocol_service	이번 릴리스 보류(임시; 사용자 승인 필요)		not_connected		Unlinked	unreviewed		unreviewed		unreviewed		unreviewed		unreviewed		unreviewed			Unreviewed		별도 platform/protocol service 결정 대기; 사용자 승인 전 구현 재개 금지
Binance	Exchange Link REST	Http	POST	/sapi/v1/broker/subAccount/bnbBurn/marginInterest	enableOrDisableBnbBurnForSubAccountMarginInterest	documented_active	platform_limited	separate_platform_or_protocol_service	이번 릴리스 보류(임시; 사용자 승인 필요)		not_connected		Unlinked	unreviewed		unreviewed		unreviewed		unreviewed		unreviewed		unreviewed			Unreviewed		별도 platform/protocol service 결정 대기; 사용자 승인 전 구현 재개 금지
Binance	Exchange Link REST	Http	POST	/sapi/v1/broker/subAccount/bnbBurn/spot	enableOrDisableBnbBurnForSubAccountSpotAndMargin	documented_active	platform_limited	separate_platform_or_protocol_service	이번 릴리스 보류(임시; 사용자 승인 필요)		not_connected		Unlinked	unreviewed		unreviewed		unreviewed		unreviewed		unreviewed		unreviewed			Unreviewed		별도 platform/protocol service 결정 대기; 사용자 승인 전 구현 재개 금지
Binance	Exchange Link REST	Http	POST	/sapi/v1/broker/subAccount/futures	enableFuturesForSubAccount	documented_active	platform_limited	separate_platform_or_protocol_service	이번 릴리스 보류(임시; 사용자 승인 필요)		not_connected		Unlinked	unreviewed		unreviewed		unreviewed		unreviewed		unreviewed		unreviewed			Unreviewed		별도 platform/protocol service 결정 대기; 사용자 승인 전 구현 재개 금지
Binance	Exchange Link REST	Http	POST	/sapi/v1/broker/subAccountApi	createApiKeyForSubAccount	documented_active	platform_limited	separate_platform_or_protocol_service	이번 릴리스 보류(임시; 사용자 승인 필요)		not_connected		Unlinked	unreviewed		unreviewed		unreviewed		unreviewed		unreviewed		unreviewed			Unreviewed		별도 platform/protocol service 결정 대기; 사용자 승인 전 구현 재개 금지
Binance	Exchange Link REST	Http	POST	/sapi/v1/broker/subAccountApi/commission	changeSubAccountCommission	documented_active	platform_limited	separate_platform_or_protocol_service	이번 릴리스 보류(임시; 사용자 승인 필요)		not_connected		Unlinked	unreviewed		unreviewed		unreviewed		unreviewed		unreviewed		unreviewed			Unreviewed		별도 platform/protocol service 결정 대기; 사용자 승인 전 구현 재개 금지
Binance	Exchange Link REST	Http	POST	/sapi/v1/broker/subAccountApi/commission/coinFutures	changeSubAccountCoinFuturesCommissionAdjustment	documented_active	platform_limited	separate_platform_or_protocol_service	이번 릴리스 보류(임시; 사용자 승인 필요)		not_connected		Unlinked	unreviewed		unreviewed		unreviewed		unreviewed		unreviewed		unreviewed			Unreviewed		별도 platform/protocol service 결정 대기; 사용자 승인 전 구현 재개 금지
Binance	Exchange Link REST	Http	POST	/sapi/v1/broker/subAccountApi/commission/futures	changeSubAccountUsdtFuturesCommissionAdjustment	documented_active	platform_limited	separate_platform_or_protocol_service	이번 릴리스 보류(임시; 사용자 승인 필요)		not_connected		Unlinked	unreviewed		unreviewed		unreviewed		unreviewed		unreviewed		unreviewed			Unreviewed		별도 platform/protocol service 결정 대기; 사용자 승인 전 구현 재개 금지
Binance	Exchange Link REST	Http	POST	/sapi/v1/broker/subAccountApi/permission	changeSubAccountApiPermission	documented_active	platform_limited	separate_platform_or_protocol_service	이번 릴리스 보류(임시; 사용자 승인 필요)		not_connected		Unlinked	unreviewed		unreviewed		unreviewed		unreviewed		unreviewed		unreviewed			Unreviewed		별도 platform/protocol service 결정 대기; 사용자 승인 전 구현 재개 금지
Binance	Exchange Link REST	Http	POST	/sapi/v1/broker/subAccountApi/permission/universalTransfer	enableUniversalTransferPermissionForSubAccountApiKey	documented_active	platform_limited	separate_platform_or_protocol_service	이번 릴리스 보류(임시; 사용자 승인 필요)		not_connected		Unlinked	unreviewed		unreviewed		unreviewed		unreviewed		unreviewed		unreviewed			Unreviewed		별도 platform/protocol service 결정 대기; 사용자 승인 전 구현 재개 금지
Binance	Exchange Link REST	Http	POST	/sapi/v1/broker/transfer	subAccountTransferSpot	documented_active	platform_limited	separate_platform_or_protocol_service	이번 릴리스 보류(임시; 사용자 승인 필요)		not_connected		Unlinked	unreviewed		unreviewed		unreviewed		unreviewed		unreviewed		unreviewed			Unreviewed		별도 platform/protocol service 결정 대기; 사용자 승인 전 구현 재개 금지
Binance	Exchange Link REST	Http	POST	/sapi/v1/broker/transfer/futures	subAccountTransferFutures	documented_active	platform_limited	separate_platform_or_protocol_service	이번 릴리스 보류(임시; 사용자 승인 필요)		not_connected		Unlinked	unreviewed		unreviewed		unreviewed		unreviewed		unreviewed		unreviewed			Unreviewed		별도 platform/protocol service 결정 대기; 사용자 승인 전 구현 재개 금지
Binance	Exchange Link REST	Http	POST	/sapi/v1/broker/universalTransfer	universalTransfer	documented_active	platform_limited	separate_platform_or_protocol_service	이번 릴리스 보류(임시; 사용자 승인 필요)		not_connected		Unlinked	unreviewed		unreviewed		unreviewed		unreviewed		unreviewed		unreviewed			Unreviewed		별도 platform/protocol service 결정 대기; 사용자 승인 전 구현 재개 금지
Binance	Exchange Link REST	Http	POST	/sapi/v2/broker/subAccountApi/ipRestriction	updateIpRestrictionForSubAccountApiKey	documented_active	platform_limited	separate_platform_or_protocol_service	이번 릴리스 보류(임시; 사용자 승인 필요)		not_connected		Unlinked	unreviewed		unreviewed		unreviewed		unreviewed		unreviewed		unreviewed			Unreviewed		별도 platform/protocol service 결정 대기; 사용자 승인 전 구현 재개 금지
Binance	Fund Account REST	Http	GET	/sapi/v1/capital-connect/redemption/calendar	redemptionCalendar	documented_active	platform_limited	separate_platform_or_protocol_service	이번 릴리스 보류(임시; 사용자 승인 필요)		not_connected		Unlinked	unreviewed		unreviewed		unreviewed		unreviewed		unreviewed		unreviewed			Unreviewed		별도 platform/protocol service 결정 대기; 사용자 승인 전 구현 재개 금지
Binance	Fund Account REST	Http	GET	/sapi/v1/vip/fund-info/fund-info-basic-info	queryFundInfoForFundManager	documented_active	platform_limited	separate_platform_or_protocol_service	이번 릴리스 보류(임시; 사용자 승인 필요)		not_connected		Unlinked	unreviewed		unreviewed		unreviewed		unreviewed		unreviewed		unreviewed			Unreviewed		별도 platform/protocol service 결정 대기; 사용자 승인 전 구현 재개 금지
Binance	Fund Account REST	Http	GET	/sapi/v1/vip/fund-info/fund-investor-his-info	queryInvestorOperationHistory	documented_active	platform_limited	separate_platform_or_protocol_service	이번 릴리스 보류(임시; 사용자 승인 필요)		not_connected		Unlinked	unreviewed		unreviewed		unreviewed		unreviewed		unreviewed		unreviewed			Unreviewed		별도 platform/protocol service 결정 대기; 사용자 승인 전 구현 재개 금지
Binance	Fund Account REST	Http	GET	/sapi/v1/vip/fund-info/fund-nav-info	queryFundNavHistory	documented_active	platform_limited	separate_platform_or_protocol_service	이번 릴리스 보류(임시; 사용자 승인 필요)		not_connected		Unlinked	unreviewed		unreviewed		unreviewed		unreviewed		unreviewed		unreviewed			Unreviewed		별도 platform/protocol service 결정 대기; 사용자 승인 전 구현 재개 금지
Binance	Institutional Loan REST	Http	DELETE	/sapi/v1/margin/loan-group	closeRiskUnit	documented_active	platform_limited	separate_platform_or_protocol_service	이번 릴리스 보류(임시; 사용자 승인 필요)		not_connected		Unlinked	unreviewed		unreviewed		unreviewed		unreviewed		unreviewed		unreviewed			Unreviewed		별도 platform/protocol service 결정 대기; 사용자 승인 전 구현 재개 금지
Binance	Institutional Loan REST	Http	GET	/sapi/v1/margin/loan-group	queryOneRiskUnitDetail	documented_active	platform_limited	separate_platform_or_protocol_service	이번 릴리스 보류(임시; 사용자 승인 필요)		not_connected		Unlinked	unreviewed		unreviewed		unreviewed		unreviewed		unreviewed		unreviewed			Unreviewed		별도 platform/protocol service 결정 대기; 사용자 승인 전 구현 재개 금지
Binance	Institutional Loan REST	Http	GET	/sapi/v1/margin/loan-group/borrow-repay	riskUnitBorrowRepayRecords	documented_active	platform_limited	separate_platform_or_protocol_service	이번 릴리스 보류(임시; 사용자 승인 필요)		not_connected		Unlinked	unreviewed		unreviewed		unreviewed		unreviewed		unreviewed		unreviewed			Unreviewed		별도 platform/protocol service 결정 대기; 사용자 승인 전 구현 재개 금지
Binance	Institutional Loan REST	Http	GET	/sapi/v1/margin/loan-group/force-liquidation	getRiskUnitForceLiquidationRecord	documented_active	platform_limited	separate_platform_or_protocol_service	이번 릴리스 보류(임시; 사용자 승인 필요)		not_connected		Unlinked	unreviewed		unreviewed		unreviewed		unreviewed		unreviewed		unreviewed			Unreviewed		별도 platform/protocol service 결정 대기; 사용자 승인 전 구현 재개 금지
Binance	Institutional Loan REST	Http	GET	/sapi/v1/margin/loan-group/force-liquidation-transfer-record	queryRiskUnitForcedLiquidationTransferRecords	documented_active	platform_limited	separate_platform_or_protocol_service	이번 릴리스 보류(임시; 사용자 승인 필요)		not_connected		Unlinked	unreviewed		unreviewed		unreviewed		unreviewed		unreviewed		unreviewed			Unreviewed		별도 platform/protocol service 결정 대기; 사용자 승인 전 구현 재개 금지
Binance	Institutional Loan REST	Http	GET	/sapi/v1/margin/loan-group/interest-history	riskUnitInterestHistory	documented_active	platform_limited	separate_platform_or_protocol_service	이번 릴리스 보류(임시; 사용자 승인 필요)		not_connected		Unlinked	unreviewed		unreviewed		unreviewed		unreviewed		unreviewed		unreviewed			Unreviewed		별도 platform/protocol service 결정 대기; 사용자 승인 전 구현 재개 금지
Binance	Institutional Loan REST	Http	GET	/sapi/v1/margin/loan-group/interest-rebate-balance	queryInterestRebateBalance	documented_active	platform_limited	separate_platform_or_protocol_service	이번 릴리스 보류(임시; 사용자 승인 필요)		not_connected		Unlinked	unreviewed		unreviewed		unreviewed		unreviewed		unreviewed		unreviewed			Unreviewed		별도 platform/protocol service 결정 대기; 사용자 승인 전 구현 재개 금지
Binance	Institutional Loan REST	Http	GET	/sapi/v1/margin/loan-group/interest-rebate-balance/records	queryInterestRebateBalanceRecords	documented_active	platform_limited	separate_platform_or_protocol_service	이번 릴리스 보류(임시; 사용자 승인 필요)		not_connected		Unlinked	unreviewed		unreviewed		unreviewed		unreviewed		unreviewed		unreviewed			Unreviewed		별도 platform/protocol service 결정 대기; 사용자 승인 전 구현 재개 금지
Binance	Institutional Loan REST	Http	GET	/sapi/v1/margin/loan-group/ltv-details	queryRiskUnitDetails	documented_active	platform_limited	separate_platform_or_protocol_service	이번 릴리스 보류(임시; 사용자 승인 필요)		not_connected		Unlinked	unreviewed		unreviewed		unreviewed		unreviewed		unreviewed		unreviewed			Unreviewed		별도 platform/protocol service 결정 대기; 사용자 승인 전 구현 재개 금지
Binance	Institutional Loan REST	Http	GET	/sapi/v1/margin/loan-group/max-borrowable	queryLoanGroupMaxBorrowable	documented_active	platform_limited	separate_platform_or_protocol_service	이번 릴리스 보류(임시; 사용자 승인 필요)		not_connected		Unlinked	unreviewed		unreviewed		unreviewed		unreviewed		unreviewed		unreviewed			Unreviewed		별도 platform/protocol service 결정 대기; 사용자 승인 전 구현 재개 금지
Binance	Institutional Loan REST	Http	GET	/sapi/v1/margin/loan-groups/activated	queryActiveRiskUnits	documented_active	platform_limited	separate_platform_or_protocol_service	이번 릴리스 보류(임시; 사용자 승인 필요)		not_connected		Unlinked	unreviewed		unreviewed		unreviewed		unreviewed		unreviewed		unreviewed			Unreviewed		별도 platform/protocol service 결정 대기; 사용자 승인 전 구현 재개 금지
Binance	Institutional Loan REST	Http	GET	/sapi/v1/margin/loan-groups/closed	queryClosedRiskUnitRecord	documented_active	platform_limited	separate_platform_or_protocol_service	이번 릴리스 보류(임시; 사용자 승인 필요)		not_connected		Unlinked	unreviewed		unreviewed		unreviewed		unreviewed		unreviewed		unreviewed			Unreviewed		별도 platform/protocol service 결정 대기; 사용자 승인 전 구현 재개 금지
Binance	Institutional Loan REST	Http	POST	/sapi/v1/margin/loan-group/borrow	riskUnitBorrow	documented_active	platform_limited	separate_platform_or_protocol_service	이번 릴리스 보류(임시; 사용자 승인 필요)		not_connected		Unlinked	unreviewed		unreviewed		unreviewed		unreviewed		unreviewed		unreviewed			Unreviewed		별도 platform/protocol service 결정 대기; 사용자 승인 전 구현 재개 금지
Binance	Institutional Loan REST	Http	POST	/sapi/v1/margin/loan-group/edit-member	addCollateralAccounts	documented_active	platform_limited	separate_platform_or_protocol_service	이번 릴리스 보류(임시; 사용자 승인 필요)		not_connected		Unlinked	unreviewed		unreviewed		unreviewed		unreviewed		unreviewed		unreviewed			Unreviewed		별도 platform/protocol service 결정 대기; 사용자 승인 전 구현 재개 금지
Binance	Institutional Loan REST	Http	POST	/sapi/v1/margin/loan-group/repay	riskUnitRepay	documented_active	platform_limited	separate_platform_or_protocol_service	이번 릴리스 보류(임시; 사용자 승인 필요)		not_connected		Unlinked	unreviewed		unreviewed		unreviewed		unreviewed		unreviewed		unreviewed			Unreviewed		별도 platform/protocol service 결정 대기; 사용자 승인 전 구현 재개 금지
Binance	Institutional Loan REST	Http	POST	/sapi/v1/margin/loan-group/transfer-out	riskUnitTransfer	documented_active	platform_limited	separate_platform_or_protocol_service	이번 릴리스 보류(임시; 사용자 승인 필요)		not_connected		Unlinked	unreviewed		unreviewed		unreviewed		unreviewed		unreviewed		unreviewed			Unreviewed		별도 platform/protocol service 결정 대기; 사용자 승인 전 구현 재개 금지
Binance	KYC SaaS REST	Http	POST	/bapi/ekyc/v2/public/ekyc/customer/add-account-info-list	linkMultipleAccounts	documented_active	platform_limited	separate_platform_or_protocol_service	이번 릴리스 보류(임시; 사용자 승인 필요)		not_connected		Unlinked	unreviewed		unreviewed		unreviewed		unreviewed		unreviewed		unreviewed			Unreviewed		별도 platform/protocol service 결정 대기; 사용자 승인 전 구현 재개 금지
Binance	KYC SaaS REST	Http	POST	/bapi/ekyc/v2/public/ekyc/customer/check-kyc-status	checkKycStatus	documented_active	platform_limited	separate_platform_or_protocol_service	이번 릴리스 보류(임시; 사용자 승인 필요)		not_connected		Unlinked	unreviewed		unreviewed		unreviewed		unreviewed		unreviewed		unreviewed			Unreviewed		별도 platform/protocol service 결정 대기; 사용자 승인 전 구현 재개 금지
Binance	KYC SaaS REST	Http	POST	/bapi/ekyc/v2/public/ekyc/customer/inner-query-kyc-status	queryKycStatusByBrokerSubAccountId	documented_active	platform_limited	separate_platform_or_protocol_service	이번 릴리스 보류(임시; 사용자 승인 필요)		not_connected		Unlinked	unreviewed		unreviewed		unreviewed		unreviewed		unreviewed		unreviewed			Unreviewed		별도 platform/protocol service 결정 대기; 사용자 승인 전 구현 재개 금지
Binance	KYC SaaS REST	Http	POST	/bapi/ekyc/v2/public/ekyc/customer/page-query-rfi-records	kycRfiRecordsQueryApi	documented_active	platform_limited	separate_platform_or_protocol_service	이번 릴리스 보류(임시; 사용자 승인 필요)		not_connected		Unlinked	unreviewed		unreviewed		unreviewed		unreviewed		unreviewed		unreviewed			Unreviewed		별도 platform/protocol service 결정 대기; 사용자 승인 전 구현 재개 금지
Binance	KYC SaaS REST	Http	POST	/bapi/ekyc/v2/public/ekyc/customer/query-kyc-info	queryKycStatusByEntityCustomerId	documented_active	platform_limited	separate_platform_or_protocol_service	이번 릴리스 보류(임시; 사용자 승인 필요)		not_connected		Unlinked	unreviewed		unreviewed		unreviewed		unreviewed		unreviewed		unreviewed			Unreviewed		별도 platform/protocol service 결정 대기; 사용자 승인 전 구현 재개 금지
Binance	KYC SaaS REST	Http	POST	/bapi/ekyc/v2/public/ekyc/customer/query-linked-accounts	queryLinkedAccountsInfo	documented_active	platform_limited	separate_platform_or_protocol_service	이번 릴리스 보류(임시; 사용자 승인 필요)		not_connected		Unlinked	unreviewed		unreviewed		unreviewed		unreviewed		unreviewed		unreviewed			Unreviewed		별도 platform/protocol service 결정 대기; 사용자 승인 전 구현 재개 금지
Binance	KYC SaaS REST	Http	POST	/bapi/ekyc/v2/public/ekyc/customer/query-share-data-status	queryShareKycInfoStatusApi	documented_active	platform_limited	separate_platform_or_protocol_service	이번 릴리스 보류(임시; 사용자 승인 필요)		not_connected		Unlinked	unreviewed		unreviewed		unreviewed		unreviewed		unreviewed		unreviewed			Unreviewed		별도 platform/protocol service 결정 대기; 사용자 승인 전 구현 재개 금지
Binance	KYC SaaS REST	Http	POST	/bapi/ekyc/v2/public/ekyc/customer/query-submit-rfi-result	queryKycRfiRecordSubmitResultApi	documented_active	platform_limited	separate_platform_or_protocol_service	이번 릴리스 보류(임시; 사용자 승인 필요)		not_connected		Unlinked	unreviewed		unreviewed		unreviewed		unreviewed		unreviewed		unreviewed			Unreviewed		별도 platform/protocol service 결정 대기; 사용자 승인 전 구현 재개 금지
Binance	KYC SaaS REST	Http	POST	/bapi/ekyc/v2/public/ekyc/customer/refused-kyc-data	refusedUserKycData	documented_active	platform_limited	separate_platform_or_protocol_service	이번 릴리스 보류(임시; 사용자 승인 필요)		not_connected		Unlinked	unreviewed		unreviewed		unreviewed		unreviewed		unreviewed		unreviewed			Unreviewed		별도 platform/protocol service 결정 대기; 사용자 승인 전 구현 재개 금지
Binance	KYC SaaS REST	Http	POST	/bapi/ekyc/v2/public/ekyc/customer/share-kyc-data	kycSharing	documented_active	platform_limited	separate_platform_or_protocol_service	이번 릴리스 보류(임시; 사용자 승인 필요)		not_connected		Unlinked	unreviewed		unreviewed		unreviewed		unreviewed		unreviewed		unreviewed			Unreviewed		별도 platform/protocol service 결정 대기; 사용자 승인 전 구현 재개 금지
Binance	KYC SaaS REST	Http	POST	/bapi/ekyc/v2/public/ekyc/customer/submit-rfi-record	kycRfiRecordSubmitApi	documented_active	platform_limited	separate_platform_or_protocol_service	이번 릴리스 보류(임시; 사용자 승인 필요)		not_connected		Unlinked	unreviewed		unreviewed		unreviewed		unreviewed		unreviewed		unreviewed			Unreviewed		별도 platform/protocol service 결정 대기; 사용자 승인 전 구현 재개 금지
Binance	KYC SaaS REST	Http	POST	/bapi/ekyc/v2/public/ekyc/customer/unlink-kyc-data	unlinkUserKycData	documented_active	platform_limited	separate_platform_or_protocol_service	이번 릴리스 보류(임시; 사용자 승인 필요)		not_connected		Unlinked	unreviewed		unreviewed		unreviewed		unreviewed		unreviewed		unreviewed			Unreviewed		별도 platform/protocol service 결정 대기; 사용자 승인 전 구현 재개 금지
Binance	Link Plus REST	Http	GET	/sapi/v1/vip/link-plus/overview	queryLinkPlusOverview	documented_active	platform_limited	separate_platform_or_protocol_service	이번 릴리스 보류(임시; 사용자 승인 필요)		not_connected		Unlinked	unreviewed		unreviewed		unreviewed		unreviewed		unreviewed		unreviewed			Unreviewed		별도 platform/protocol service 결정 대기; 사용자 승인 전 구현 재개 금지
Binance	Link Plus REST	Http	GET	/sapi/v1/vip/link-plus/subgroups/detail	querySubGroupsDetails	documented_active	platform_limited	separate_platform_or_protocol_service	이번 릴리스 보류(임시; 사용자 승인 필요)		not_connected		Unlinked	unreviewed		unreviewed		unreviewed		unreviewed		unreviewed		unreviewed			Unreviewed		별도 platform/protocol service 결정 대기; 사용자 승인 전 구현 재개 금지
Binance	Link Plus REST	Http	GET	/sapi/v1/vip/liquidity-programs/subgroups/overview	queryLiquidityProgramOverviewForSubGroups	documented_active	platform_limited	separate_platform_or_protocol_service	이번 릴리스 보류(임시; 사용자 승인 필요)		not_connected		Unlinked	unreviewed		unreviewed		unreviewed		unreviewed		unreviewed		unreviewed			Unreviewed		별도 platform/protocol service 결정 대기; 사용자 승인 전 구현 재개 금지
Binance	Link Plus REST	Http	GET	/sapi/v1/vip/liquidity-programs/subgroups/performance	queryLiquidityProgramPerformanceForSubGroups	documented_active	platform_limited	separate_platform_or_protocol_service	이번 릴리스 보류(임시; 사용자 승인 필요)		not_connected		Unlinked	unreviewed		unreviewed		unreviewed		unreviewed		unreviewed		unreviewed			Unreviewed		별도 platform/protocol service 결정 대기; 사용자 승인 전 구현 재개 금지
Binance	Link Plus REST	Http	GET	/sapi/v1/vip/liquidity-programs/subgroups/weekly-result	queryLiquidityProgramWeeklyResultsForSubGroups	documented_active	platform_limited	separate_platform_or_protocol_service	이번 릴리스 보류(임시; 사용자 승인 필요)		not_connected		Unlinked	unreviewed		unreviewed		unreviewed		unreviewed		unreviewed		unreviewed			Unreviewed		별도 platform/protocol service 결정 대기; 사용자 승인 전 구현 재개 금지
Binance	Link Plus REST	Http	POST	/sapi/v1/vip/link-plus/subgroups	createNewSubGroups	documented_active	platform_limited	separate_platform_or_protocol_service	이번 릴리스 보류(임시; 사용자 승인 필요)		not_connected		Unlinked	unreviewed		unreviewed		unreviewed		unreviewed		unreviewed		unreviewed			Unreviewed		별도 platform/protocol service 결정 대기; 사용자 승인 전 구현 재개 금지
Binance	Link Plus REST	Http	POST	/sapi/v1/vip/link-plus/subgroups/{groupId}/accounts	addAccountsToSubGroups	documented_active	platform_limited	separate_platform_or_protocol_service	이번 릴리스 보류(임시; 사용자 승인 필요)		not_connected		Unlinked	unreviewed		unreviewed		unreviewed		unreviewed		unreviewed		unreviewed			Unreviewed		별도 platform/protocol service 결정 대기; 사용자 승인 전 구현 재개 금지
Binance	Link Plus REST	Http	PUT	/sapi/v1/vip/link-plus/subgroups/{groupId}/name	updateNameOfSubGroups	documented_active	platform_limited	separate_platform_or_protocol_service	이번 릴리스 보류(임시; 사용자 승인 필요)		not_connected		Unlinked	unreviewed		unreviewed		unreviewed		unreviewed		unreviewed		unreviewed			Unreviewed		별도 platform/protocol service 결정 대기; 사용자 승인 전 구현 재개 금지
Binance	Link and Trade REST	Http	GET	/fapi/v1/apiReferral/customization	getFuturesClientEmailCustomizedId	documented_active	platform_limited	separate_platform_or_protocol_service	이번 릴리스 보류(임시; 사용자 승인 필요)		not_connected		Unlinked	unreviewed		unreviewed		unreviewed		unreviewed		unreviewed		unreviewed			Unreviewed		별도 platform/protocol service 결정 대기; 사용자 승인 전 구현 재개 금지
Binance	Link and Trade REST	Http	GET	/fapi/v1/apiReferral/ifNewUser	queryFuturesClientNewUserStatus	documented_active	platform_limited	separate_platform_or_protocol_service	이번 릴리스 보류(임시; 사용자 승인 필요)		not_connected		Unlinked	unreviewed		unreviewed		unreviewed		unreviewed		unreviewed		unreviewed			Unreviewed		별도 platform/protocol service 결정 대기; 사용자 승인 전 구현 재개 금지
Binance	Link and Trade REST	Http	GET	/fapi/v1/apiReferral/overview	getRebateDataOverview	documented_active	platform_limited	separate_platform_or_protocol_service	이번 릴리스 보류(임시; 사용자 승인 필요)		not_connected		Unlinked	unreviewed		unreviewed		unreviewed		unreviewed		unreviewed		unreviewed			Unreviewed		별도 platform/protocol service 결정 대기; 사용자 승인 전 구현 재개 금지
Binance	Link and Trade REST	Http	GET	/fapi/v1/apiReferral/rebateVol	getRebateVolume	documented_active	platform_limited	separate_platform_or_protocol_service	이번 릴리스 보류(임시; 사용자 승인 필요)		not_connected		Unlinked	unreviewed		unreviewed		unreviewed		unreviewed		unreviewed		unreviewed			Unreviewed		별도 platform/protocol service 결정 대기; 사용자 승인 전 구현 재개 금지
Binance	Link and Trade REST	Http	GET	/fapi/v1/apiReferral/tradeVol	getUserTradeVolume	documented_active	platform_limited	separate_platform_or_protocol_service	이번 릴리스 보류(임시; 사용자 승인 필요)		not_connected		Unlinked	unreviewed		unreviewed		unreviewed		unreviewed		unreviewed		unreviewed			Unreviewed		별도 platform/protocol service 결정 대기; 사용자 승인 전 구현 재개 금지
Binance	Link and Trade REST	Http	GET	/fapi/v1/apiReferral/traderNum	getTraderNumber	documented_active	platform_limited	separate_platform_or_protocol_service	이번 릴리스 보류(임시; 사용자 승인 필요)		not_connected		Unlinked	unreviewed		unreviewed		unreviewed		unreviewed		unreviewed		unreviewed			Unreviewed		별도 platform/protocol service 결정 대기; 사용자 승인 전 구현 재개 금지
Binance	Link and Trade REST	Http	GET	/fapi/v1/apiReferral/traderSummary	getTraderDetail	documented_active	platform_limited	separate_platform_or_protocol_service	이번 릴리스 보류(임시; 사용자 승인 필요)		not_connected		Unlinked	unreviewed		unreviewed		unreviewed		unreviewed		unreviewed		unreviewed			Unreviewed		별도 platform/protocol service 결정 대기; 사용자 승인 전 구현 재개 금지
Binance	Link and Trade REST	Http	GET	/fapi/v1/apiReferral/userCustomization	getUsersCustomizeId	documented_active	platform_limited	separate_platform_or_protocol_service	이번 릴리스 보류(임시; 사용자 승인 필요)		not_connected		Unlinked	unreviewed		unreviewed		unreviewed		unreviewed		unreviewed		unreviewed			Unreviewed		별도 platform/protocol service 결정 대기; 사용자 승인 전 구현 재개 금지
Binance	Link and Trade REST	Http	GET	/fapi/v1/income	getIncomeHistory	documented_active	platform_limited	separate_platform_or_protocol_service	이번 릴리스 보류(임시; 사용자 승인 필요)		not_connected		Unlinked	unreviewed		unreviewed		unreviewed		unreviewed		unreviewed		unreviewed			Unreviewed		별도 platform/protocol service 결정 대기; 사용자 승인 전 구현 재개 금지
Binance	Link and Trade REST	Http	GET	/papi/v1/apiReferral/ifNewUser	queryPapiClientNewUserStatus	documented_active	platform_limited	separate_platform_or_protocol_service	이번 릴리스 보류(임시; 사용자 승인 필요)		not_connected		Unlinked	unreviewed		unreviewed		unreviewed		unreviewed		unreviewed		unreviewed			Unreviewed		별도 platform/protocol service 결정 대기; 사용자 승인 전 구현 재개 금지
Binance	Link and Trade REST	Http	GET	/papi/v1/apiReferral/userCustomization	getUserCustomizeId	documented_active	platform_limited	separate_platform_or_protocol_service	이번 릴리스 보류(임시; 사용자 승인 필요)		not_connected		Unlinked	unreviewed		unreviewed		unreviewed		unreviewed		unreviewed		unreviewed			Unreviewed		별도 platform/protocol service 결정 대기; 사용자 승인 전 구현 재개 금지
Binance	Link and Trade REST	Http	GET	/sapi/v1/apiReferral/customization	getClientEmailCustomizedId	documented_active	platform_limited	separate_platform_or_protocol_service	이번 릴리스 보류(임시; 사용자 승인 필요)		not_connected		Unlinked	unreviewed		unreviewed		unreviewed		unreviewed		unreviewed		unreviewed			Unreviewed		별도 platform/protocol service 결정 대기; 사용자 승인 전 구현 재개 금지
Binance	Link and Trade REST	Http	GET	/sapi/v1/apiReferral/ifNewUser	queryClientIfTheNewUser	documented_active	platform_limited	separate_platform_or_protocol_service	이번 릴리스 보류(임시; 사용자 승인 필요)		not_connected		Unlinked	unreviewed		unreviewed		unreviewed		unreviewed		unreviewed		unreviewed			Unreviewed		별도 platform/protocol service 결정 대기; 사용자 승인 전 구현 재개 금지
Binance	Link and Trade REST	Http	GET	/sapi/v1/apiReferral/kickback/recentRecord	queryRebateRecentRecord	documented_active	platform_limited	separate_platform_or_protocol_service	이번 릴리스 보류(임시; 사용자 승인 필요)		not_connected		Unlinked	unreviewed		unreviewed		unreviewed		unreviewed		unreviewed		unreviewed			Unreviewed		별도 platform/protocol service 결정 대기; 사용자 승인 전 구현 재개 금지
Binance	Link and Trade REST	Http	GET	/sapi/v1/apiReferral/rebate/recentRecord	queryPartnerRebateRecentRecord	documented_active	platform_limited	separate_platform_or_protocol_service	이번 릴리스 보류(임시; 사용자 승인 필요)		not_connected		Unlinked	unreviewed		unreviewed		unreviewed		unreviewed		unreviewed		unreviewed			Unreviewed		별도 platform/protocol service 결정 대기; 사용자 승인 전 구현 재개 금지
Binance	Link and Trade REST	Http	GET	/sapi/v1/apiReferral/userCustomization	getUserSCustomizeId	documented_active	platform_limited	separate_platform_or_protocol_service	이번 릴리스 보류(임시; 사용자 승인 필요)		not_connected		Unlinked	unreviewed		unreviewed		unreviewed		unreviewed		unreviewed		unreviewed			Unreviewed		별도 platform/protocol service 결정 대기; 사용자 승인 전 구현 재개 금지
Binance	Link and Trade REST	Http	GET	/v1/api-key/user-status	getUserStatus	documented_active	platform_limited	separate_platform_or_protocol_service	이번 릴리스 보류(임시; 사용자 승인 필요)		not_connected		Unlinked	unreviewed		unreviewed		unreviewed		unreviewed		unreviewed		unreviewed			Unreviewed		별도 platform/protocol service 결정 대기; 사용자 승인 전 구현 재개 금지
Binance	Link and Trade REST	Http	POST	/fapi/v1/apiReferral/customization	partnerCustomizeIdForFuturesClient	documented_active	platform_limited	separate_platform_or_protocol_service	이번 릴리스 보류(임시; 사용자 승인 필요)		not_connected		Unlinked	unreviewed		unreviewed		unreviewed		unreviewed		unreviewed		unreviewed			Unreviewed		별도 platform/protocol service 결정 대기; 사용자 승인 전 구현 재개 금지
Binance	Link and Trade REST	Http	POST	/fapi/v1/apiReferral/userCustomization	customizeIdForFuturesClient	documented_active	platform_limited	separate_platform_or_protocol_service	이번 릴리스 보류(임시; 사용자 승인 필요)		not_connected		Unlinked	unreviewed		unreviewed		unreviewed		unreviewed		unreviewed		unreviewed			Unreviewed		별도 platform/protocol service 결정 대기; 사용자 승인 전 구현 재개 금지
Binance	Link and Trade REST	Http	POST	/papi/v1/apiReferral/userCustomization	customizeIdForPapiClient	documented_active	platform_limited	separate_platform_or_protocol_service	이번 릴리스 보류(임시; 사용자 승인 필요)		not_connected		Unlinked	unreviewed		unreviewed		unreviewed		unreviewed		unreviewed		unreviewed			Unreviewed		별도 platform/protocol service 결정 대기; 사용자 승인 전 구현 재개 금지
Binance	Link and Trade REST	Http	POST	/sapi/v1/apiReferral/customization	partnerCustomizeIdForClient	documented_active	platform_limited	separate_platform_or_protocol_service	이번 릴리스 보류(임시; 사용자 승인 필요)		not_connected		Unlinked	unreviewed		unreviewed		unreviewed		unreviewed		unreviewed		unreviewed			Unreviewed		별도 platform/protocol service 결정 대기; 사용자 승인 전 구현 재개 금지
Binance	Link and Trade REST	Http	POST	/sapi/v1/apiReferral/userCustomization	customizeIdForSpotClient	documented_active	platform_limited	separate_platform_or_protocol_service	이번 릴리스 보류(임시; 사용자 승인 필요)		not_connected		Unlinked	unreviewed		unreviewed		unreviewed		unreviewed		unreviewed		unreviewed			Unreviewed		별도 platform/protocol service 결정 대기; 사용자 승인 전 구현 재개 금지
Binance	Link and Trade REST	Http	POST	/v1/api-key/create	createApiKeyForUser	documented_active	platform_limited	separate_platform_or_protocol_service	이번 릴리스 보류(임시; 사용자 승인 필요)		not_connected		Unlinked	unreviewed		unreviewed		unreviewed		unreviewed		unreviewed		unreviewed			Unreviewed		별도 platform/protocol service 결정 대기; 사용자 승인 전 구현 재개 금지
Binance	Portfolio Margin Pro REST	Http	DELETE	/sapi/v1/portfolio/margin-call-level	deleteMarginCallLevel	documented_active	platform_limited	separate_platform_or_protocol_service	이번 릴리스 보류(임시; 사용자 승인 필요)		not_connected		Unlinked	unreviewed		unreviewed		unreviewed		unreviewed		unreviewed		unreviewed			Unreviewed		별도 platform/protocol service 결정 대기; 사용자 승인 전 구현 재개 금지
Binance	Portfolio Margin Pro REST	Http	GET	/sapi/v1/portfolio/account	getPortfolioMarginProAccountInfo	documented_active	platform_limited	separate_platform_or_protocol_service	이번 릴리스 보류(임시; 사용자 승인 필요)		not_connected		Unlinked	unreviewed		unreviewed		unreviewed		unreviewed		unreviewed		unreviewed			Unreviewed		별도 platform/protocol service 결정 대기; 사용자 승인 전 구현 재개 금지
Binance	Portfolio Margin Pro REST	Http	GET	/sapi/v1/portfolio/asset-index-price	queryPortfolioMarginAssetIndexPrice	documented_active	platform_limited	separate_platform_or_protocol_service	이번 릴리스 보류(임시; 사용자 승인 필요)		not_connected		Unlinked	unreviewed		unreviewed		unreviewed		unreviewed		unreviewed		unreviewed			Unreviewed		별도 platform/protocol service 결정 대기; 사용자 승인 전 구현 재개 금지
Binance	Portfolio Margin Pro REST	Http	GET	/sapi/v1/portfolio/balance	getPortfolioMarginProAccountBalance	documented_active	platform_limited	separate_platform_or_protocol_service	이번 릴리스 보류(임시; 사용자 승인 필요)		not_connected		Unlinked	unreviewed		unreviewed		unreviewed		unreviewed		unreviewed		unreviewed			Unreviewed		별도 platform/protocol service 결정 대기; 사용자 승인 전 구현 재개 금지
Binance	Portfolio Margin Pro REST	Http	GET	/sapi/v1/portfolio/collateralRate	portfolioMarginCollateralRate	documented_active	platform_limited	separate_platform_or_protocol_service	이번 릴리스 보류(임시; 사용자 승인 필요)		not_connected		Unlinked	unreviewed		unreviewed		unreviewed		unreviewed		unreviewed		unreviewed			Unreviewed		별도 platform/protocol service 결정 대기; 사용자 승인 전 구현 재개 금지
Binance	Portfolio Margin Pro REST	Http	GET	/sapi/v1/portfolio/delta-mode	getDeltaModeStatus	documented_active	platform_limited	separate_platform_or_protocol_service	이번 릴리스 보류(임시; 사용자 승인 필요)		not_connected		Unlinked	unreviewed		unreviewed		unreviewed		unreviewed		unreviewed		unreviewed			Unreviewed		별도 platform/protocol service 결정 대기; 사용자 승인 전 구현 재개 금지
Binance	Portfolio Margin Pro REST	Http	GET	/sapi/v1/portfolio/earn-asset-balance	getTransferableEarnAssetBalanceForPortfolioMargin	documented_active	platform_limited	separate_platform_or_protocol_service	이번 릴리스 보류(임시; 사용자 승인 필요)		not_connected		Unlinked	unreviewed		unreviewed		unreviewed		unreviewed		unreviewed		unreviewed			Unreviewed		별도 platform/protocol service 결정 대기; 사용자 승인 전 구현 재개 금지
Binance	Portfolio Margin Pro REST	Http	GET	/sapi/v1/portfolio/interest-history	queryPortfolioMarginProNegativeBalanceInterestHistory	documented_active	platform_limited	separate_platform_or_protocol_service	이번 릴리스 보류(임시; 사용자 승인 필요)		not_connected		Unlinked	unreviewed		unreviewed		unreviewed		unreviewed		unreviewed		unreviewed			Unreviewed		별도 platform/protocol service 결정 대기; 사용자 승인 전 구현 재개 금지
Binance	Portfolio Margin Pro REST	Http	GET	/sapi/v1/portfolio/margin-asset-leverage	getPortfolioMarginAssetLeverage	documented_active	platform_limited	separate_platform_or_protocol_service	이번 릴리스 보류(임시; 사용자 승인 필요)		not_connected		Unlinked	unreviewed		unreviewed		unreviewed		unreviewed		unreviewed		unreviewed			Unreviewed		별도 platform/protocol service 결정 대기; 사용자 승인 전 구현 재개 금지
Binance	Portfolio Margin Pro REST	Http	GET	/sapi/v1/portfolio/margin-call-level	getMarginCallLevel	documented_active	platform_limited	separate_platform_or_protocol_service	이번 릴리스 보류(임시; 사용자 승인 필요)		not_connected		Unlinked	unreviewed		unreviewed		unreviewed		unreviewed		unreviewed		unreviewed			Unreviewed		별도 platform/protocol service 결정 대기; 사용자 승인 전 구현 재개 금지
Binance	Portfolio Margin Pro REST	Http	GET	/sapi/v1/portfolio/pmLoan	queryPortfolioMarginProBankruptcyLoanAmount	documented_active	platform_limited	separate_platform_or_protocol_service	이번 릴리스 보류(임시; 사용자 승인 필요)		not_connected		Unlinked	unreviewed		unreviewed		unreviewed		unreviewed		unreviewed		unreviewed			Unreviewed		별도 platform/protocol service 결정 대기; 사용자 승인 전 구현 재개 금지
Binance	Portfolio Margin Pro REST	Http	GET	/sapi/v1/portfolio/pmloan-history	queryPortfolioMarginProBankruptcyLoanRepayHistory	documented_active	platform_limited	separate_platform_or_protocol_service	이번 릴리스 보류(임시; 사용자 승인 필요)		not_connected		Unlinked	unreviewed		unreviewed		unreviewed		unreviewed		unreviewed		unreviewed			Unreviewed		별도 platform/protocol service 결정 대기; 사용자 승인 전 구현 재개 금지
Binance	Portfolio Margin Pro REST	Http	GET	/sapi/v1/portfolio/repay-futures-switch	getAutoRepayFuturesStatus	documented_active	platform_limited	separate_platform_or_protocol_service	이번 릴리스 보류(임시; 사용자 승인 필요)		not_connected		Unlinked	unreviewed		unreviewed		unreviewed		unreviewed		unreviewed		unreviewed			Unreviewed		별도 platform/protocol service 결정 대기; 사용자 승인 전 구현 재개 금지
Binance	Portfolio Margin Pro REST	Http	GET	/sapi/v2/portfolio/account	getPortfolioMarginProSpanAccountInfo	documented_active	platform_limited	separate_platform_or_protocol_service	이번 릴리스 보류(임시; 사용자 승인 필요)		not_connected		Unlinked	unreviewed		unreviewed		unreviewed		unreviewed		unreviewed		unreviewed			Unreviewed		별도 platform/protocol service 결정 대기; 사용자 승인 전 구현 재개 금지
Binance	Portfolio Margin Pro REST	Http	GET	/sapi/v2/portfolio/collateralRate	portfolioMarginProTieredCollateralRate	documented_active	platform_limited	separate_platform_or_protocol_service	이번 릴리스 보류(임시; 사용자 승인 필요)		not_connected		Unlinked	unreviewed		unreviewed		unreviewed		unreviewed		unreviewed		unreviewed			Unreviewed		별도 platform/protocol service 결정 대기; 사용자 승인 전 구현 재개 금지
Binance	Portfolio Margin Pro REST	Http	POST	/sapi/v1/portfolio/asset-collection	fundCollectionByAsset	documented_active	platform_limited	separate_platform_or_protocol_service	이번 릴리스 보류(임시; 사용자 승인 필요)		not_connected		Unlinked	unreviewed		unreviewed		unreviewed		unreviewed		unreviewed		unreviewed			Unreviewed		별도 platform/protocol service 결정 대기; 사용자 승인 전 구현 재개 금지
Binance	Portfolio Margin Pro REST	Http	POST	/sapi/v1/portfolio/auto-collection	fundAutoCollection	documented_active	platform_limited	separate_platform_or_protocol_service	이번 릴리스 보류(임시; 사용자 승인 필요)		not_connected		Unlinked	unreviewed		unreviewed		unreviewed		unreviewed		unreviewed		unreviewed			Unreviewed		별도 platform/protocol service 결정 대기; 사용자 승인 전 구현 재개 금지
Binance	Portfolio Margin Pro REST	Http	POST	/sapi/v1/portfolio/bnb-transfer	bnbTransfer	documented_active	platform_limited	separate_platform_or_protocol_service	이번 릴리스 보류(임시; 사용자 승인 필요)		not_connected		Unlinked	unreviewed		unreviewed		unreviewed		unreviewed		unreviewed		unreviewed			Unreviewed		별도 platform/protocol service 결정 대기; 사용자 승인 전 구현 재개 금지
Binance	Portfolio Margin Pro REST	Http	POST	/sapi/v1/portfolio/delta-mode	switchDeltaMode	documented_active	platform_limited	separate_platform_or_protocol_service	이번 릴리스 보류(임시; 사용자 승인 필요)		not_connected		Unlinked	unreviewed		unreviewed		unreviewed		unreviewed		unreviewed		unreviewed			Unreviewed		별도 platform/protocol service 결정 대기; 사용자 승인 전 구현 재개 금지
Binance	Portfolio Margin Pro REST	Http	POST	/sapi/v1/portfolio/earn-asset-transfer	transferLdusdtRwusdForPortfolioMargin	documented_active	platform_limited	separate_platform_or_protocol_service	이번 릴리스 보류(임시; 사용자 승인 필요)		not_connected		Unlinked	unreviewed		unreviewed		unreviewed		unreviewed		unreviewed		unreviewed			Unreviewed		별도 platform/protocol service 결정 대기; 사용자 승인 전 구현 재개 금지
Binance	Portfolio Margin Pro REST	Http	POST	/sapi/v1/portfolio/margin-call-level	setMarginCallLevel	documented_active	platform_limited	separate_platform_or_protocol_service	이번 릴리스 보류(임시; 사용자 승인 필요)		not_connected		Unlinked	unreviewed		unreviewed		unreviewed		unreviewed		unreviewed		unreviewed			Unreviewed		별도 platform/protocol service 결정 대기; 사용자 승인 전 구현 재개 금지
Binance	Portfolio Margin Pro REST	Http	POST	/sapi/v1/portfolio/repay	portfolioMarginProBankruptcyLoanRepay	documented_active	platform_limited	separate_platform_or_protocol_service	이번 릴리스 보류(임시; 사용자 승인 필요)		not_connected		Unlinked	unreviewed		unreviewed		unreviewed		unreviewed		unreviewed		unreviewed			Unreviewed		별도 platform/protocol service 결정 대기; 사용자 승인 전 구현 재개 금지
Binance	Portfolio Margin Pro REST	Http	POST	/sapi/v1/portfolio/repay-futures-negative-balance	repayFuturesNegativeBalance	documented_active	platform_limited	separate_platform_or_protocol_service	이번 릴리스 보류(임시; 사용자 승인 필요)		not_connected		Unlinked	unreviewed		unreviewed		unreviewed		unreviewed		unreviewed		unreviewed			Unreviewed		별도 platform/protocol service 결정 대기; 사용자 승인 전 구현 재개 금지
Binance	Portfolio Margin Pro REST	Http	POST	/sapi/v1/portfolio/repay-futures-switch	changeAutoRepayFuturesStatus	documented_active	platform_limited	separate_platform_or_protocol_service	이번 릴리스 보류(임시; 사용자 승인 필요)		not_connected		Unlinked	unreviewed		unreviewed		unreviewed		unreviewed		unreviewed		unreviewed			Unreviewed		별도 platform/protocol service 결정 대기; 사용자 승인 전 구현 재개 금지
Binance	Portfolio Margin REST	Http	DELETE	/papi/v1/cm/allOpenOrders	cancelAllCmOpenOrders	documented_active	platform_limited	separate_platform_or_protocol_service	이번 릴리스 보류(임시; 사용자 승인 필요)		not_connected		Unlinked	unreviewed		unreviewed		unreviewed		unreviewed		unreviewed		unreviewed			Unreviewed		별도 platform/protocol service 결정 대기; 사용자 승인 전 구현 재개 금지
Binance	Portfolio Margin REST	Http	DELETE	/papi/v1/cm/conditional/allOpenOrders	cancelAllCmOpenConditionalOrders	documented_active	platform_limited	separate_platform_or_protocol_service	이번 릴리스 보류(임시; 사용자 승인 필요)		not_connected		Unlinked	unreviewed		unreviewed		unreviewed		unreviewed		unreviewed		unreviewed			Unreviewed		별도 platform/protocol service 결정 대기; 사용자 승인 전 구현 재개 금지
Binance	Portfolio Margin REST	Http	DELETE	/papi/v1/cm/conditional/order	cancelCmConditionalOrder	documented_active	platform_limited	separate_platform_or_protocol_service	이번 릴리스 보류(임시; 사용자 승인 필요)		not_connected		Unlinked	unreviewed		unreviewed		unreviewed		unreviewed		unreviewed		unreviewed			Unreviewed		별도 platform/protocol service 결정 대기; 사용자 승인 전 구현 재개 금지
Binance	Portfolio Margin REST	Http	DELETE	/papi/v1/cm/order	cancelCmOrder	documented_active	platform_limited	separate_platform_or_protocol_service	이번 릴리스 보류(임시; 사용자 승인 필요)		not_connected		Unlinked	unreviewed		unreviewed		unreviewed		unreviewed		unreviewed		unreviewed			Unreviewed		별도 platform/protocol service 결정 대기; 사용자 승인 전 구현 재개 금지
Binance	Portfolio Margin REST	Http	DELETE	/papi/v1/listenKey	closeUserDataStream	documented_active	platform_limited	separate_platform_or_protocol_service	이번 릴리스 보류(임시; 사용자 승인 필요)		not_connected		Unlinked	unreviewed		unreviewed		unreviewed		unreviewed		unreviewed		unreviewed			Unreviewed		별도 platform/protocol service 결정 대기; 사용자 승인 전 구현 재개 금지
Binance	Portfolio Margin REST	Http	DELETE	/papi/v1/margin/allOpenOrders	cancelMarginAccountAllOpenOrdersOnASymbol	documented_active	platform_limited	separate_platform_or_protocol_service	이번 릴리스 보류(임시; 사용자 승인 필요)		not_connected		Unlinked	unreviewed		unreviewed		unreviewed		unreviewed		unreviewed		unreviewed			Unreviewed		별도 platform/protocol service 결정 대기; 사용자 승인 전 구현 재개 금지
Binance	Portfolio Margin REST	Http	DELETE	/papi/v1/margin/order	cancelMarginAccountOrder	documented_active	platform_limited	separate_platform_or_protocol_service	이번 릴리스 보류(임시; 사용자 승인 필요)		not_connected		Unlinked	unreviewed		unreviewed		unreviewed		unreviewed		unreviewed		unreviewed			Unreviewed		별도 platform/protocol service 결정 대기; 사용자 승인 전 구현 재개 금지
Binance	Portfolio Margin REST	Http	DELETE	/papi/v1/margin/orderList	cancelMarginAccountOcoOrders	documented_active	platform_limited	separate_platform_or_protocol_service	이번 릴리스 보류(임시; 사용자 승인 필요)		not_connected		Unlinked	unreviewed		unreviewed		unreviewed		unreviewed		unreviewed		unreviewed			Unreviewed		별도 platform/protocol service 결정 대기; 사용자 승인 전 구현 재개 금지
Binance	Portfolio Margin REST	Http	DELETE	/papi/v1/um/algo/allOpenOrders	cancelAllUmAlgoOpenOrders	documented_active	platform_limited	separate_platform_or_protocol_service	이번 릴리스 보류(임시; 사용자 승인 필요)		not_connected		Unlinked	unreviewed		unreviewed		unreviewed		unreviewed		unreviewed		unreviewed			Unreviewed		별도 platform/protocol service 결정 대기; 사용자 승인 전 구현 재개 금지
Binance	Portfolio Margin REST	Http	DELETE	/papi/v1/um/algo/order	cancelUmAlgoOrder	documented_active	platform_limited	separate_platform_or_protocol_service	이번 릴리스 보류(임시; 사용자 승인 필요)		not_connected		Unlinked	unreviewed		unreviewed		unreviewed		unreviewed		unreviewed		unreviewed			Unreviewed		별도 platform/protocol service 결정 대기; 사용자 승인 전 구현 재개 금지
Binance	Portfolio Margin REST	Http	DELETE	/papi/v1/um/allOpenOrders	cancelAllUmOpenOrders	documented_active	platform_limited	separate_platform_or_protocol_service	이번 릴리스 보류(임시; 사용자 승인 필요)		not_connected		Unlinked	unreviewed		unreviewed		unreviewed		unreviewed		unreviewed		unreviewed			Unreviewed		별도 platform/protocol service 결정 대기; 사용자 승인 전 구현 재개 금지
Binance	Portfolio Margin REST	Http	DELETE	/papi/v1/um/conditional/allOpenOrders	cancelAllUmOpenConditionalOrders	documented_active	platform_limited	separate_platform_or_protocol_service	이번 릴리스 보류(임시; 사용자 승인 필요)		not_connected		Unlinked	unreviewed		unreviewed		unreviewed		unreviewed		unreviewed		unreviewed			Unreviewed		별도 platform/protocol service 결정 대기; 사용자 승인 전 구현 재개 금지
Binance	Portfolio Margin REST	Http	DELETE	/papi/v1/um/conditional/order	cancelUmConditionalOrder	documented_active	platform_limited	separate_platform_or_protocol_service	이번 릴리스 보류(임시; 사용자 승인 필요)		not_connected		Unlinked	unreviewed		unreviewed		unreviewed		unreviewed		unreviewed		unreviewed			Unreviewed		별도 platform/protocol service 결정 대기; 사용자 승인 전 구현 재개 금지
Binance	Portfolio Margin REST	Http	DELETE	/papi/v1/um/order	cancelUmOrder	documented_active	platform_limited	separate_platform_or_protocol_service	이번 릴리스 보류(임시; 사용자 승인 필요)		not_connected		Unlinked	unreviewed		unreviewed		unreviewed		unreviewed		unreviewed		unreviewed			Unreviewed		별도 platform/protocol service 결정 대기; 사용자 승인 전 구현 재개 금지
Binance	Portfolio Margin REST	Http	GET	/papi/v1/account	accountInformation	documented_active	platform_limited	separate_platform_or_protocol_service	이번 릴리스 보류(임시; 사용자 승인 필요)		not_connected		Unlinked	unreviewed		unreviewed		unreviewed		unreviewed		unreviewed		unreviewed			Unreviewed		별도 platform/protocol service 결정 대기; 사용자 승인 전 구현 재개 금지
Binance	Portfolio Margin REST	Http	GET	/papi/v1/balance	accountBalance	documented_active	platform_limited	separate_platform_or_protocol_service	이번 릴리스 보류(임시; 사용자 승인 필요)		not_connected		Unlinked	unreviewed		unreviewed		unreviewed		unreviewed		unreviewed		unreviewed			Unreviewed		별도 platform/protocol service 결정 대기; 사용자 승인 전 구현 재개 금지
Binance	Portfolio Margin REST	Http	GET	/papi/v1/cm/account	getCmAccountDetail	documented_active	platform_limited	separate_platform_or_protocol_service	이번 릴리스 보류(임시; 사용자 승인 필요)		not_connected		Unlinked	unreviewed		unreviewed		unreviewed		unreviewed		unreviewed		unreviewed			Unreviewed		별도 platform/protocol service 결정 대기; 사용자 승인 전 구현 재개 금지
Binance	Portfolio Margin REST	Http	GET	/papi/v1/cm/adlQuantile	cmPositionAdlQuantileEstimation	documented_active	platform_limited	separate_platform_or_protocol_service	이번 릴리스 보류(임시; 사용자 승인 필요)		not_connected		Unlinked	unreviewed		unreviewed		unreviewed		unreviewed		unreviewed		unreviewed			Unreviewed		별도 platform/protocol service 결정 대기; 사용자 승인 전 구현 재개 금지
Binance	Portfolio Margin REST	Http	GET	/papi/v1/cm/allOrders	queryAllCmOrders	documented_active	platform_limited	separate_platform_or_protocol_service	이번 릴리스 보류(임시; 사용자 승인 필요)		not_connected		Unlinked	unreviewed		unreviewed		unreviewed		unreviewed		unreviewed		unreviewed			Unreviewed		별도 platform/protocol service 결정 대기; 사용자 승인 전 구현 재개 금지
Binance	Portfolio Margin REST	Http	GET	/papi/v1/cm/commissionRate	getUserCommissionRateForCm	documented_active	platform_limited	separate_platform_or_protocol_service	이번 릴리스 보류(임시; 사용자 승인 필요)		not_connected		Unlinked	unreviewed		unreviewed		unreviewed		unreviewed		unreviewed		unreviewed			Unreviewed		별도 platform/protocol service 결정 대기; 사용자 승인 전 구현 재개 금지
Binance	Portfolio Margin REST	Http	GET	/papi/v1/cm/conditional/allOrders	queryAllCmConditionalOrders	documented_active	platform_limited	separate_platform_or_protocol_service	이번 릴리스 보류(임시; 사용자 승인 필요)		not_connected		Unlinked	unreviewed		unreviewed		unreviewed		unreviewed		unreviewed		unreviewed			Unreviewed		별도 platform/protocol service 결정 대기; 사용자 승인 전 구현 재개 금지
Binance	Portfolio Margin REST	Http	GET	/papi/v1/cm/conditional/openOrder	queryCurrentCmOpenConditionalOrder	documented_active	platform_limited	separate_platform_or_protocol_service	이번 릴리스 보류(임시; 사용자 승인 필요)		not_connected		Unlinked	unreviewed		unreviewed		unreviewed		unreviewed		unreviewed		unreviewed			Unreviewed		별도 platform/protocol service 결정 대기; 사용자 승인 전 구현 재개 금지
Binance	Portfolio Margin REST	Http	GET	/papi/v1/cm/conditional/openOrders	queryAllCurrentCmOpenConditionalOrders	documented_active	platform_limited	separate_platform_or_protocol_service	이번 릴리스 보류(임시; 사용자 승인 필요)		not_connected		Unlinked	unreviewed		unreviewed		unreviewed		unreviewed		unreviewed		unreviewed			Unreviewed		별도 platform/protocol service 결정 대기; 사용자 승인 전 구현 재개 금지
Binance	Portfolio Margin REST	Http	GET	/papi/v1/cm/conditional/orderHistory	queryCmConditionalOrderHistory	documented_active	platform_limited	separate_platform_or_protocol_service	이번 릴리스 보류(임시; 사용자 승인 필요)		not_connected		Unlinked	unreviewed		unreviewed		unreviewed		unreviewed		unreviewed		unreviewed			Unreviewed		별도 platform/protocol service 결정 대기; 사용자 승인 전 구현 재개 금지
Binance	Portfolio Margin REST	Http	GET	/papi/v1/cm/forceOrders	queryUsersCmForceOrders	documented_active	platform_limited	separate_platform_or_protocol_service	이번 릴리스 보류(임시; 사용자 승인 필요)		not_connected		Unlinked	unreviewed		unreviewed		unreviewed		unreviewed		unreviewed		unreviewed			Unreviewed		별도 platform/protocol service 결정 대기; 사용자 승인 전 구현 재개 금지
Binance	Portfolio Margin REST	Http	GET	/papi/v1/cm/income	getCmIncomeHistory	documented_active	platform_limited	separate_platform_or_protocol_service	이번 릴리스 보류(임시; 사용자 승인 필요)		not_connected		Unlinked	unreviewed		unreviewed		unreviewed		unreviewed		unreviewed		unreviewed			Unreviewed		별도 platform/protocol service 결정 대기; 사용자 승인 전 구현 재개 금지
Binance	Portfolio Margin REST	Http	GET	/papi/v1/cm/leverageBracket	cmNotionalAndLeverageBrackets	documented_active	platform_limited	separate_platform_or_protocol_service	이번 릴리스 보류(임시; 사용자 승인 필요)		not_connected		Unlinked	unreviewed		unreviewed		unreviewed		unreviewed		unreviewed		unreviewed			Unreviewed		별도 platform/protocol service 결정 대기; 사용자 승인 전 구현 재개 금지
Binance	Portfolio Margin REST	Http	GET	/papi/v1/cm/openOrder	queryCurrentCmOpenOrder	documented_active	platform_limited	separate_platform_or_protocol_service	이번 릴리스 보류(임시; 사용자 승인 필요)		not_connected		Unlinked	unreviewed		unreviewed		unreviewed		unreviewed		unreviewed		unreviewed			Unreviewed		별도 platform/protocol service 결정 대기; 사용자 승인 전 구현 재개 금지
Binance	Portfolio Margin REST	Http	GET	/papi/v1/cm/openOrders	queryAllCurrentCmOpenOrders	documented_active	platform_limited	separate_platform_or_protocol_service	이번 릴리스 보류(임시; 사용자 승인 필요)		not_connected		Unlinked	unreviewed		unreviewed		unreviewed		unreviewed		unreviewed		unreviewed			Unreviewed		별도 platform/protocol service 결정 대기; 사용자 승인 전 구현 재개 금지
Binance	Portfolio Margin REST	Http	GET	/papi/v1/cm/order	queryCmOrder	documented_active	platform_limited	separate_platform_or_protocol_service	이번 릴리스 보류(임시; 사용자 승인 필요)		not_connected		Unlinked	unreviewed		unreviewed		unreviewed		unreviewed		unreviewed		unreviewed			Unreviewed		별도 platform/protocol service 결정 대기; 사용자 승인 전 구현 재개 금지
Binance	Portfolio Margin REST	Http	GET	/papi/v1/cm/orderAmendment	queryCmModifyOrderHistory	documented_active	platform_limited	separate_platform_or_protocol_service	이번 릴리스 보류(임시; 사용자 승인 필요)		not_connected		Unlinked	unreviewed		unreviewed		unreviewed		unreviewed		unreviewed		unreviewed			Unreviewed		별도 platform/protocol service 결정 대기; 사용자 승인 전 구현 재개 금지
Binance	Portfolio Margin REST	Http	GET	/papi/v1/cm/positionRisk	queryCmPositionInformation	documented_active	platform_limited	separate_platform_or_protocol_service	이번 릴리스 보류(임시; 사용자 승인 필요)		not_connected		Unlinked	unreviewed		unreviewed		unreviewed		unreviewed		unreviewed		unreviewed			Unreviewed		별도 platform/protocol service 결정 대기; 사용자 승인 전 구현 재개 금지
Binance	Portfolio Margin REST	Http	GET	/papi/v1/cm/positionSide/dual	getCmCurrentPositionMode	documented_active	platform_limited	separate_platform_or_protocol_service	이번 릴리스 보류(임시; 사용자 승인 필요)		not_connected		Unlinked	unreviewed		unreviewed		unreviewed		unreviewed		unreviewed		unreviewed			Unreviewed		별도 platform/protocol service 결정 대기; 사용자 승인 전 구현 재개 금지
Binance	Portfolio Margin REST	Http	GET	/papi/v1/cm/userTrades	cmAccountTradeList	documented_active	platform_limited	separate_platform_or_protocol_service	이번 릴리스 보류(임시; 사용자 승인 필요)		not_connected		Unlinked	unreviewed		unreviewed		unreviewed		unreviewed		unreviewed		unreviewed			Unreviewed		별도 platform/protocol service 결정 대기; 사용자 승인 전 구현 재개 금지
Binance	Portfolio Margin REST	Http	GET	/papi/v1/margin/allOrderList	queryMarginAccountsAllOco	documented_active	platform_limited	separate_platform_or_protocol_service	이번 릴리스 보류(임시; 사용자 승인 필요)		not_connected		Unlinked	unreviewed		unreviewed		unreviewed		unreviewed		unreviewed		unreviewed			Unreviewed		별도 platform/protocol service 결정 대기; 사용자 승인 전 구현 재개 금지
Binance	Portfolio Margin REST	Http	GET	/papi/v1/margin/allOrders	queryAllMarginAccountOrders	documented_active	platform_limited	separate_platform_or_protocol_service	이번 릴리스 보류(임시; 사용자 승인 필요)		not_connected		Unlinked	unreviewed		unreviewed		unreviewed		unreviewed		unreviewed		unreviewed			Unreviewed		별도 platform/protocol service 결정 대기; 사용자 승인 전 구현 재개 금지
Binance	Portfolio Margin REST	Http	GET	/papi/v1/margin/forceOrders	queryUsersMarginForceOrders	documented_active	platform_limited	separate_platform_or_protocol_service	이번 릴리스 보류(임시; 사용자 승인 필요)		not_connected		Unlinked	unreviewed		unreviewed		unreviewed		unreviewed		unreviewed		unreviewed			Unreviewed		별도 platform/protocol service 결정 대기; 사용자 승인 전 구현 재개 금지
Binance	Portfolio Margin REST	Http	GET	/papi/v1/margin/marginInterestHistory	getMarginBorrowLoanInterestHistory	documented_active	platform_limited	separate_platform_or_protocol_service	이번 릴리스 보류(임시; 사용자 승인 필요)		not_connected		Unlinked	unreviewed		unreviewed		unreviewed		unreviewed		unreviewed		unreviewed			Unreviewed		별도 platform/protocol service 결정 대기; 사용자 승인 전 구현 재개 금지
Binance	Portfolio Margin REST	Http	GET	/papi/v1/margin/marginLoan	queryMarginLoanRecord	documented_active	platform_limited	separate_platform_or_protocol_service	이번 릴리스 보류(임시; 사용자 승인 필요)		not_connected		Unlinked	unreviewed		unreviewed		unreviewed		unreviewed		unreviewed		unreviewed			Unreviewed		별도 platform/protocol service 결정 대기; 사용자 승인 전 구현 재개 금지
Binance	Portfolio Margin REST	Http	GET	/papi/v1/margin/maxBorrowable	marginMaxBorrow	documented_active	platform_limited	separate_platform_or_protocol_service	이번 릴리스 보류(임시; 사용자 승인 필요)		not_connected		Unlinked	unreviewed		unreviewed		unreviewed		unreviewed		unreviewed		unreviewed			Unreviewed		별도 platform/protocol service 결정 대기; 사용자 승인 전 구현 재개 금지
Binance	Portfolio Margin REST	Http	GET	/papi/v1/margin/maxWithdraw	queryMarginMaxWithdraw	documented_active	platform_limited	separate_platform_or_protocol_service	이번 릴리스 보류(임시; 사용자 승인 필요)		not_connected		Unlinked	unreviewed		unreviewed		unreviewed		unreviewed		unreviewed		unreviewed			Unreviewed		별도 platform/protocol service 결정 대기; 사용자 승인 전 구현 재개 금지
Binance	Portfolio Margin REST	Http	GET	/papi/v1/margin/myTrades	marginAccountTradeList	documented_active	platform_limited	separate_platform_or_protocol_service	이번 릴리스 보류(임시; 사용자 승인 필요)		not_connected		Unlinked	unreviewed		unreviewed		unreviewed		unreviewed		unreviewed		unreviewed			Unreviewed		별도 platform/protocol service 결정 대기; 사용자 승인 전 구현 재개 금지
Binance	Portfolio Margin REST	Http	GET	/papi/v1/margin/openOrderList	queryMarginAccountsOpenOco	documented_active	platform_limited	separate_platform_or_protocol_service	이번 릴리스 보류(임시; 사용자 승인 필요)		not_connected		Unlinked	unreviewed		unreviewed		unreviewed		unreviewed		unreviewed		unreviewed			Unreviewed		별도 platform/protocol service 결정 대기; 사용자 승인 전 구현 재개 금지
Binance	Portfolio Margin REST	Http	GET	/papi/v1/margin/openOrders	queryCurrentMarginOpenOrder	documented_active	platform_limited	separate_platform_or_protocol_service	이번 릴리스 보류(임시; 사용자 승인 필요)		not_connected		Unlinked	unreviewed		unreviewed		unreviewed		unreviewed		unreviewed		unreviewed			Unreviewed		별도 platform/protocol service 결정 대기; 사용자 승인 전 구현 재개 금지
Binance	Portfolio Margin REST	Http	GET	/papi/v1/margin/order	queryMarginAccountOrder	documented_active	platform_limited	separate_platform_or_protocol_service	이번 릴리스 보류(임시; 사용자 승인 필요)		not_connected		Unlinked	unreviewed		unreviewed		unreviewed		unreviewed		unreviewed		unreviewed			Unreviewed		별도 platform/protocol service 결정 대기; 사용자 승인 전 구현 재개 금지
Binance	Portfolio Margin REST	Http	GET	/papi/v1/margin/orderList	queryMarginAccountsOco	documented_active	platform_limited	separate_platform_or_protocol_service	이번 릴리스 보류(임시; 사용자 승인 필요)		not_connected		Unlinked	unreviewed		unreviewed		unreviewed		unreviewed		unreviewed		unreviewed			Unreviewed		별도 platform/protocol service 결정 대기; 사용자 승인 전 구현 재개 금지
Binance	Portfolio Margin REST	Http	GET	/papi/v1/margin/repayLoan	queryMarginRepayRecord	documented_active	platform_limited	separate_platform_or_protocol_service	이번 릴리스 보류(임시; 사용자 승인 필요)		not_connected		Unlinked	unreviewed		unreviewed		unreviewed		unreviewed		unreviewed		unreviewed			Unreviewed		별도 platform/protocol service 결정 대기; 사용자 승인 전 구현 재개 금지
Binance	Portfolio Margin REST	Http	GET	/papi/v1/ping	testConnectivity	documented_active	platform_limited	separate_platform_or_protocol_service	이번 릴리스 보류(임시; 사용자 승인 필요)		not_connected		Unlinked	unreviewed		unreviewed		unreviewed		unreviewed		unreviewed		unreviewed			Unreviewed		별도 platform/protocol service 결정 대기; 사용자 승인 전 구현 재개 금지
Binance	Portfolio Margin REST	Http	GET	/papi/v1/portfolio/interest-history	queryPortfolioMarginNegativeBalanceInterestHistory	documented_active	platform_limited	separate_platform_or_protocol_service	이번 릴리스 보류(임시; 사용자 승인 필요)		not_connected		Unlinked	unreviewed		unreviewed		unreviewed		unreviewed		unreviewed		unreviewed			Unreviewed		별도 platform/protocol service 결정 대기; 사용자 승인 전 구현 재개 금지
Binance	Portfolio Margin REST	Http	GET	/papi/v1/portfolio/negative-balance-exchange-record	queryUserNegativeBalanceAutoExchangeRecord	documented_active	platform_limited	separate_platform_or_protocol_service	이번 릴리스 보류(임시; 사용자 승인 필요)		not_connected		Unlinked	unreviewed		unreviewed		unreviewed		unreviewed		unreviewed		unreviewed			Unreviewed		별도 platform/protocol service 결정 대기; 사용자 승인 전 구현 재개 금지
Binance	Portfolio Margin REST	Http	GET	/papi/v1/rateLimit/order	queryUserRateLimit	documented_active	platform_limited	separate_platform_or_protocol_service	이번 릴리스 보류(임시; 사용자 승인 필요)		not_connected		Unlinked	unreviewed		unreviewed		unreviewed		unreviewed		unreviewed		unreviewed			Unreviewed		별도 platform/protocol service 결정 대기; 사용자 승인 전 구현 재개 금지
Binance	Portfolio Margin REST	Http	GET	/papi/v1/repay-futures-switch	getAutoRepayFuturesStatus	documented_active	platform_limited	separate_platform_or_protocol_service	이번 릴리스 보류(임시; 사용자 승인 필요)		not_connected		Unlinked	unreviewed		unreviewed		unreviewed		unreviewed		unreviewed		unreviewed			Unreviewed		별도 platform/protocol service 결정 대기; 사용자 승인 전 구현 재개 금지
Binance	Portfolio Margin REST	Http	GET	/papi/v1/um/account	getUmAccountDetail	documented_active	platform_limited	separate_platform_or_protocol_service	이번 릴리스 보류(임시; 사용자 승인 필요)		not_connected		Unlinked	unreviewed		unreviewed		unreviewed		unreviewed		unreviewed		unreviewed			Unreviewed		별도 platform/protocol service 결정 대기; 사용자 승인 전 구현 재개 금지
Binance	Portfolio Margin REST	Http	GET	/papi/v1/um/accountConfig	umFuturesAccountConfiguration	documented_active	platform_limited	separate_platform_or_protocol_service	이번 릴리스 보류(임시; 사용자 승인 필요)		not_connected		Unlinked	unreviewed		unreviewed		unreviewed		unreviewed		unreviewed		unreviewed			Unreviewed		별도 platform/protocol service 결정 대기; 사용자 승인 전 구현 재개 금지
Binance	Portfolio Margin REST	Http	GET	/papi/v1/um/adlQuantile	umPositionAdlQuantileEstimation	documented_active	platform_limited	separate_platform_or_protocol_service	이번 릴리스 보류(임시; 사용자 승인 필요)		not_connected		Unlinked	unreviewed		unreviewed		unreviewed		unreviewed		unreviewed		unreviewed			Unreviewed		별도 platform/protocol service 결정 대기; 사용자 승인 전 구현 재개 금지
Binance	Portfolio Margin REST	Http	GET	/papi/v1/um/algo/algoOrder	queryCurrentUmOpenAlgoOrder	documented_active	platform_limited	separate_platform_or_protocol_service	이번 릴리스 보류(임시; 사용자 승인 필요)		not_connected		Unlinked	unreviewed		unreviewed		unreviewed		unreviewed		unreviewed		unreviewed			Unreviewed		별도 platform/protocol service 결정 대기; 사용자 승인 전 구현 재개 금지
Binance	Portfolio Margin REST	Http	GET	/papi/v1/um/algo/allAlgoOrders	queryUmAlgoOrderHistory	documented_active	platform_limited	separate_platform_or_protocol_service	이번 릴리스 보류(임시; 사용자 승인 필요)		not_connected		Unlinked	unreviewed		unreviewed		unreviewed		unreviewed		unreviewed		unreviewed			Unreviewed		별도 platform/protocol service 결정 대기; 사용자 승인 전 구현 재개 금지
Binance	Portfolio Margin REST	Http	GET	/papi/v1/um/algo/openAlgoOrders	queryAllCurrentUmOpenAlgoOrders	documented_active	platform_limited	separate_platform_or_protocol_service	이번 릴리스 보류(임시; 사용자 승인 필요)		not_connected		Unlinked	unreviewed		unreviewed		unreviewed		unreviewed		unreviewed		unreviewed			Unreviewed		별도 platform/protocol service 결정 대기; 사용자 승인 전 구현 재개 금지
Binance	Portfolio Margin REST	Http	GET	/papi/v1/um/allOrders	queryAllUmOrders	documented_active	platform_limited	separate_platform_or_protocol_service	이번 릴리스 보류(임시; 사용자 승인 필요)		not_connected		Unlinked	unreviewed		unreviewed		unreviewed		unreviewed		unreviewed		unreviewed			Unreviewed		별도 platform/protocol service 결정 대기; 사용자 승인 전 구현 재개 금지
Binance	Portfolio Margin REST	Http	GET	/papi/v1/um/apiTradingStatus	portfolioMarginUmTradingQuantitativeRulesIndicators	documented_active	platform_limited	separate_platform_or_protocol_service	이번 릴리스 보류(임시; 사용자 승인 필요)		not_connected		Unlinked	unreviewed		unreviewed		unreviewed		unreviewed		unreviewed		unreviewed			Unreviewed		별도 platform/protocol service 결정 대기; 사용자 승인 전 구현 재개 금지
Binance	Portfolio Margin REST	Http	GET	/papi/v1/um/commissionRate	getUserCommissionRateForUm	documented_active	platform_limited	separate_platform_or_protocol_service	이번 릴리스 보류(임시; 사용자 승인 필요)		not_connected		Unlinked	unreviewed		unreviewed		unreviewed		unreviewed		unreviewed		unreviewed			Unreviewed		별도 platform/protocol service 결정 대기; 사용자 승인 전 구현 재개 금지
Binance	Portfolio Margin REST	Http	GET	/papi/v1/um/conditional/allOrders	queryAllUmConditionalOrders	documented_active	platform_limited	separate_platform_or_protocol_service	이번 릴리스 보류(임시; 사용자 승인 필요)		not_connected		Unlinked	unreviewed		unreviewed		unreviewed		unreviewed		unreviewed		unreviewed			Unreviewed		별도 platform/protocol service 결정 대기; 사용자 승인 전 구현 재개 금지
Binance	Portfolio Margin REST	Http	GET	/papi/v1/um/conditional/openOrder	queryCurrentUmOpenConditionalOrder	documented_active	platform_limited	separate_platform_or_protocol_service	이번 릴리스 보류(임시; 사용자 승인 필요)		not_connected		Unlinked	unreviewed		unreviewed		unreviewed		unreviewed		unreviewed		unreviewed			Unreviewed		별도 platform/protocol service 결정 대기; 사용자 승인 전 구현 재개 금지
Binance	Portfolio Margin REST	Http	GET	/papi/v1/um/conditional/openOrders	queryAllCurrentUmOpenConditionalOrders	documented_active	platform_limited	separate_platform_or_protocol_service	이번 릴리스 보류(임시; 사용자 승인 필요)		not_connected		Unlinked	unreviewed		unreviewed		unreviewed		unreviewed		unreviewed		unreviewed			Unreviewed		별도 platform/protocol service 결정 대기; 사용자 승인 전 구현 재개 금지
Binance	Portfolio Margin REST	Http	GET	/papi/v1/um/conditional/orderHistory	queryUmConditionalOrderHistory	documented_active	platform_limited	separate_platform_or_protocol_service	이번 릴리스 보류(임시; 사용자 승인 필요)		not_connected		Unlinked	unreviewed		unreviewed		unreviewed		unreviewed		unreviewed		unreviewed			Unreviewed		별도 platform/protocol service 결정 대기; 사용자 승인 전 구현 재개 금지
Binance	Portfolio Margin REST	Http	GET	/papi/v1/um/feeBurn	getUmFuturesBnbBurnStatus	documented_active	platform_limited	separate_platform_or_protocol_service	이번 릴리스 보류(임시; 사용자 승인 필요)		not_connected		Unlinked	unreviewed		unreviewed		unreviewed		unreviewed		unreviewed		unreviewed			Unreviewed		별도 platform/protocol service 결정 대기; 사용자 승인 전 구현 재개 금지
Binance	Portfolio Margin REST	Http	GET	/papi/v1/um/forceOrders	queryUsersUmForceOrders	documented_active	platform_limited	separate_platform_or_protocol_service	이번 릴리스 보류(임시; 사용자 승인 필요)		not_connected		Unlinked	unreviewed		unreviewed		unreviewed		unreviewed		unreviewed		unreviewed			Unreviewed		별도 platform/protocol service 결정 대기; 사용자 승인 전 구현 재개 금지
Binance	Portfolio Margin REST	Http	GET	/papi/v1/um/income	getUmIncomeHistory	documented_active	platform_limited	separate_platform_or_protocol_service	이번 릴리스 보류(임시; 사용자 승인 필요)		not_connected		Unlinked	unreviewed		unreviewed		unreviewed		unreviewed		unreviewed		unreviewed			Unreviewed		별도 platform/protocol service 결정 대기; 사용자 승인 전 구현 재개 금지
Binance	Portfolio Margin REST	Http	GET	/papi/v1/um/income/asyn	getDownloadIdForUmFuturesTransactionHistory	documented_active	platform_limited	separate_platform_or_protocol_service	이번 릴리스 보류(임시; 사용자 승인 필요)		not_connected		Unlinked	unreviewed		unreviewed		unreviewed		unreviewed		unreviewed		unreviewed			Unreviewed		별도 platform/protocol service 결정 대기; 사용자 승인 전 구현 재개 금지
Binance	Portfolio Margin REST	Http	GET	/papi/v1/um/income/asyn/id	getUmFuturesTransactionDownloadLinkById	documented_active	platform_limited	separate_platform_or_protocol_service	이번 릴리스 보류(임시; 사용자 승인 필요)		not_connected		Unlinked	unreviewed		unreviewed		unreviewed		unreviewed		unreviewed		unreviewed			Unreviewed		별도 platform/protocol service 결정 대기; 사용자 승인 전 구현 재개 금지
Binance	Portfolio Margin REST	Http	GET	/papi/v1/um/leverageBracket	umNotionalAndLeverageBrackets	documented_active	platform_limited	separate_platform_or_protocol_service	이번 릴리스 보류(임시; 사용자 승인 필요)		not_connected		Unlinked	unreviewed		unreviewed		unreviewed		unreviewed		unreviewed		unreviewed			Unreviewed		별도 platform/protocol service 결정 대기; 사용자 승인 전 구현 재개 금지
Binance	Portfolio Margin REST	Http	GET	/papi/v1/um/openOrder	queryCurrentUmOpenOrder	documented_active	platform_limited	separate_platform_or_protocol_service	이번 릴리스 보류(임시; 사용자 승인 필요)		not_connected		Unlinked	unreviewed		unreviewed		unreviewed		unreviewed		unreviewed		unreviewed			Unreviewed		별도 platform/protocol service 결정 대기; 사용자 승인 전 구현 재개 금지
Binance	Portfolio Margin REST	Http	GET	/papi/v1/um/openOrders	queryAllCurrentUmOpenOrders	documented_active	platform_limited	separate_platform_or_protocol_service	이번 릴리스 보류(임시; 사용자 승인 필요)		not_connected		Unlinked	unreviewed		unreviewed		unreviewed		unreviewed		unreviewed		unreviewed			Unreviewed		별도 platform/protocol service 결정 대기; 사용자 승인 전 구현 재개 금지
Binance	Portfolio Margin REST	Http	GET	/papi/v1/um/order	queryUmOrder	documented_active	platform_limited	separate_platform_or_protocol_service	이번 릴리스 보류(임시; 사용자 승인 필요)		not_connected		Unlinked	unreviewed		unreviewed		unreviewed		unreviewed		unreviewed		unreviewed			Unreviewed		별도 platform/protocol service 결정 대기; 사용자 승인 전 구현 재개 금지
Binance	Portfolio Margin REST	Http	GET	/papi/v1/um/order/asyn	getDownloadIdForUmFuturesOrderHistory	documented_active	platform_limited	separate_platform_or_protocol_service	이번 릴리스 보류(임시; 사용자 승인 필요)		not_connected		Unlinked	unreviewed		unreviewed		unreviewed		unreviewed		unreviewed		unreviewed			Unreviewed		별도 platform/protocol service 결정 대기; 사용자 승인 전 구현 재개 금지
Binance	Portfolio Margin REST	Http	GET	/papi/v1/um/order/asyn/id	getUmFuturesOrderDownloadLinkById	documented_active	platform_limited	separate_platform_or_protocol_service	이번 릴리스 보류(임시; 사용자 승인 필요)		not_connected		Unlinked	unreviewed		unreviewed		unreviewed		unreviewed		unreviewed		unreviewed			Unreviewed		별도 platform/protocol service 결정 대기; 사용자 승인 전 구현 재개 금지
Binance	Portfolio Margin REST	Http	GET	/papi/v1/um/orderAmendment	queryUmModifyOrderHistory	documented_active	platform_limited	separate_platform_or_protocol_service	이번 릴리스 보류(임시; 사용자 승인 필요)		not_connected		Unlinked	unreviewed		unreviewed		unreviewed		unreviewed		unreviewed		unreviewed			Unreviewed		별도 platform/protocol service 결정 대기; 사용자 승인 전 구현 재개 금지
Binance	Portfolio Margin REST	Http	GET	/papi/v1/um/positionRisk	queryUmPositionInformation	documented_active	platform_limited	separate_platform_or_protocol_service	이번 릴리스 보류(임시; 사용자 승인 필요)		not_connected		Unlinked	unreviewed		unreviewed		unreviewed		unreviewed		unreviewed		unreviewed			Unreviewed		별도 platform/protocol service 결정 대기; 사용자 승인 전 구현 재개 금지
Binance	Portfolio Margin REST	Http	GET	/papi/v1/um/positionSide/dual	getUmCurrentPositionMode	documented_active	platform_limited	separate_platform_or_protocol_service	이번 릴리스 보류(임시; 사용자 승인 필요)		not_connected		Unlinked	unreviewed		unreviewed		unreviewed		unreviewed		unreviewed		unreviewed			Unreviewed		별도 platform/protocol service 결정 대기; 사용자 승인 전 구현 재개 금지
Binance	Portfolio Margin REST	Http	GET	/papi/v1/um/symbolConfig	umFuturesSymbolConfiguration	documented_active	platform_limited	separate_platform_or_protocol_service	이번 릴리스 보류(임시; 사용자 승인 필요)		not_connected		Unlinked	unreviewed		unreviewed		unreviewed		unreviewed		unreviewed		unreviewed			Unreviewed		별도 platform/protocol service 결정 대기; 사용자 승인 전 구현 재개 금지
Binance	Portfolio Margin REST	Http	GET	/papi/v1/um/trade/asyn	getDownloadIdForUmFuturesTradeHistory	documented_active	platform_limited	separate_platform_or_protocol_service	이번 릴리스 보류(임시; 사용자 승인 필요)		not_connected		Unlinked	unreviewed		unreviewed		unreviewed		unreviewed		unreviewed		unreviewed			Unreviewed		별도 platform/protocol service 결정 대기; 사용자 승인 전 구현 재개 금지
Binance	Portfolio Margin REST	Http	GET	/papi/v1/um/trade/asyn/id	getUmFuturesTradeDownloadLinkById	documented_active	platform_limited	separate_platform_or_protocol_service	이번 릴리스 보류(임시; 사용자 승인 필요)		not_connected		Unlinked	unreviewed		unreviewed		unreviewed		unreviewed		unreviewed		unreviewed			Unreviewed		별도 platform/protocol service 결정 대기; 사용자 승인 전 구현 재개 금지
Binance	Portfolio Margin REST	Http	GET	/papi/v1/um/userTrades	umAccountTradeList	documented_active	platform_limited	separate_platform_or_protocol_service	이번 릴리스 보류(임시; 사용자 승인 필요)		not_connected		Unlinked	unreviewed		unreviewed		unreviewed		unreviewed		unreviewed		unreviewed			Unreviewed		별도 platform/protocol service 결정 대기; 사용자 승인 전 구현 재개 금지
Binance	Portfolio Margin REST	Http	GET	/papi/v2/um/account	getUmAccountDetailV2	documented_active	platform_limited	separate_platform_or_protocol_service	이번 릴리스 보류(임시; 사용자 승인 필요)		not_connected		Unlinked	unreviewed		unreviewed		unreviewed		unreviewed		unreviewed		unreviewed			Unreviewed		별도 platform/protocol service 결정 대기; 사용자 승인 전 구현 재개 금지
Binance	Portfolio Margin REST	Http	POST	/papi/v1/asset-collection	fundCollectionByAsset	documented_active	platform_limited	separate_platform_or_protocol_service	이번 릴리스 보류(임시; 사용자 승인 필요)		not_connected		Unlinked	unreviewed		unreviewed		unreviewed		unreviewed		unreviewed		unreviewed			Unreviewed		별도 platform/protocol service 결정 대기; 사용자 승인 전 구현 재개 금지
Binance	Portfolio Margin REST	Http	POST	/papi/v1/auto-collection	fundAutoCollection	documented_active	platform_limited	separate_platform_or_protocol_service	이번 릴리스 보류(임시; 사용자 승인 필요)		not_connected		Unlinked	unreviewed		unreviewed		unreviewed		unreviewed		unreviewed		unreviewed			Unreviewed		별도 platform/protocol service 결정 대기; 사용자 승인 전 구현 재개 금지
Binance	Portfolio Margin REST	Http	POST	/papi/v1/bnb-transfer	bnbTransfer	documented_active	platform_limited	separate_platform_or_protocol_service	이번 릴리스 보류(임시; 사용자 승인 필요)		not_connected		Unlinked	unreviewed		unreviewed		unreviewed		unreviewed		unreviewed		unreviewed			Unreviewed		별도 platform/protocol service 결정 대기; 사용자 승인 전 구현 재개 금지
Binance	Portfolio Margin REST	Http	POST	/papi/v1/cm/conditional/order	newCmConditionalOrder	documented_active	platform_limited	separate_platform_or_protocol_service	이번 릴리스 보류(임시; 사용자 승인 필요)		not_connected		Unlinked	unreviewed		unreviewed		unreviewed		unreviewed		unreviewed		unreviewed			Unreviewed		별도 platform/protocol service 결정 대기; 사용자 승인 전 구현 재개 금지
Binance	Portfolio Margin REST	Http	POST	/papi/v1/cm/leverage	changeCmInitialLeverage	documented_active	platform_limited	separate_platform_or_protocol_service	이번 릴리스 보류(임시; 사용자 승인 필요)		not_connected		Unlinked	unreviewed		unreviewed		unreviewed		unreviewed		unreviewed		unreviewed			Unreviewed		별도 platform/protocol service 결정 대기; 사용자 승인 전 구현 재개 금지
Binance	Portfolio Margin REST	Http	POST	/papi/v1/cm/order	newCmOrder	documented_active	platform_limited	separate_platform_or_protocol_service	이번 릴리스 보류(임시; 사용자 승인 필요)		not_connected		Unlinked	unreviewed		unreviewed		unreviewed		unreviewed		unreviewed		unreviewed			Unreviewed		별도 platform/protocol service 결정 대기; 사용자 승인 전 구현 재개 금지
Binance	Portfolio Margin REST	Http	POST	/papi/v1/cm/positionSide/dual	changeCmPositionMode	documented_active	platform_limited	separate_platform_or_protocol_service	이번 릴리스 보류(임시; 사용자 승인 필요)		not_connected		Unlinked	unreviewed		unreviewed		unreviewed		unreviewed		unreviewed		unreviewed			Unreviewed		별도 platform/protocol service 결정 대기; 사용자 승인 전 구현 재개 금지
Binance	Portfolio Margin REST	Http	POST	/papi/v1/listenKey	startUserDataStream	documented_active	platform_limited	separate_platform_or_protocol_service	이번 릴리스 보류(임시; 사용자 승인 필요)		not_connected		Unlinked	unreviewed		unreviewed		unreviewed		unreviewed		unreviewed		unreviewed			Unreviewed		별도 platform/protocol service 결정 대기; 사용자 승인 전 구현 재개 금지
Binance	Portfolio Margin REST	Http	POST	/papi/v1/margin/order	newMarginOrder	documented_active	platform_limited	separate_platform_or_protocol_service	이번 릴리스 보류(임시; 사용자 승인 필요)		not_connected		Unlinked	unreviewed		unreviewed		unreviewed		unreviewed		unreviewed		unreviewed			Unreviewed		별도 platform/protocol service 결정 대기; 사용자 승인 전 구현 재개 금지
Binance	Portfolio Margin REST	Http	POST	/papi/v1/margin/order/oco	marginAccountNewOco	documented_active	platform_limited	separate_platform_or_protocol_service	이번 릴리스 보류(임시; 사용자 승인 필요)		not_connected		Unlinked	unreviewed		unreviewed		unreviewed		unreviewed		unreviewed		unreviewed			Unreviewed		별도 platform/protocol service 결정 대기; 사용자 승인 전 구현 재개 금지
Binance	Portfolio Margin REST	Http	POST	/papi/v1/margin/repay-debt	marginAccountRepayDebt	documented_active	platform_limited	separate_platform_or_protocol_service	이번 릴리스 보류(임시; 사용자 승인 필요)		not_connected		Unlinked	unreviewed		unreviewed		unreviewed		unreviewed		unreviewed		unreviewed			Unreviewed		별도 platform/protocol service 결정 대기; 사용자 승인 전 구현 재개 금지
Binance	Portfolio Margin REST	Http	POST	/papi/v1/marginLoan	marginAccountBorrow	documented_active	platform_limited	separate_platform_or_protocol_service	이번 릴리스 보류(임시; 사용자 승인 필요)		not_connected		Unlinked	unreviewed		unreviewed		unreviewed		unreviewed		unreviewed		unreviewed			Unreviewed		별도 platform/protocol service 결정 대기; 사용자 승인 전 구현 재개 금지
Binance	Portfolio Margin REST	Http	POST	/papi/v1/repay-futures-negative-balance	repayFuturesNegativeBalance	documented_active	platform_limited	separate_platform_or_protocol_service	이번 릴리스 보류(임시; 사용자 승인 필요)		not_connected		Unlinked	unreviewed		unreviewed		unreviewed		unreviewed		unreviewed		unreviewed			Unreviewed		별도 platform/protocol service 결정 대기; 사용자 승인 전 구현 재개 금지
Binance	Portfolio Margin REST	Http	POST	/papi/v1/repay-futures-switch	changeAutoRepayFuturesStatus	documented_active	platform_limited	separate_platform_or_protocol_service	이번 릴리스 보류(임시; 사용자 승인 필요)		not_connected		Unlinked	unreviewed		unreviewed		unreviewed		unreviewed		unreviewed		unreviewed			Unreviewed		별도 platform/protocol service 결정 대기; 사용자 승인 전 구현 재개 금지
Binance	Portfolio Margin REST	Http	POST	/papi/v1/repayLoan	marginAccountRepay	documented_active	platform_limited	separate_platform_or_protocol_service	이번 릴리스 보류(임시; 사용자 승인 필요)		not_connected		Unlinked	unreviewed		unreviewed		unreviewed		unreviewed		unreviewed		unreviewed			Unreviewed		별도 platform/protocol service 결정 대기; 사용자 승인 전 구현 재개 금지
Binance	Portfolio Margin REST	Http	POST	/papi/v1/um/algo/order	newUmAlgoOrder	documented_active	platform_limited	separate_platform_or_protocol_service	이번 릴리스 보류(임시; 사용자 승인 필요)		not_connected		Unlinked	unreviewed		unreviewed		unreviewed		unreviewed		unreviewed		unreviewed			Unreviewed		별도 platform/protocol service 결정 대기; 사용자 승인 전 구현 재개 금지
Binance	Portfolio Margin REST	Http	POST	/papi/v1/um/conditional/order	newUmConditionalOrder	documented_active	platform_limited	separate_platform_or_protocol_service	이번 릴리스 보류(임시; 사용자 승인 필요)		not_connected		Unlinked	unreviewed		unreviewed		unreviewed		unreviewed		unreviewed		unreviewed			Unreviewed		별도 platform/protocol service 결정 대기; 사용자 승인 전 구현 재개 금지
Binance	Portfolio Margin REST	Http	POST	/papi/v1/um/feeBurn	toggleBnbBurnOnUmFuturesTrade	documented_active	platform_limited	separate_platform_or_protocol_service	이번 릴리스 보류(임시; 사용자 승인 필요)		not_connected		Unlinked	unreviewed		unreviewed		unreviewed		unreviewed		unreviewed		unreviewed			Unreviewed		별도 platform/protocol service 결정 대기; 사용자 승인 전 구현 재개 금지
Binance	Portfolio Margin REST	Http	POST	/papi/v1/um/leverage	changeUmInitialLeverage	documented_active	platform_limited	separate_platform_or_protocol_service	이번 릴리스 보류(임시; 사용자 승인 필요)		not_connected		Unlinked	unreviewed		unreviewed		unreviewed		unreviewed		unreviewed		unreviewed			Unreviewed		별도 platform/protocol service 결정 대기; 사용자 승인 전 구현 재개 금지
Binance	Portfolio Margin REST	Http	POST	/papi/v1/um/order	newUmOrder	documented_active	platform_limited	separate_platform_or_protocol_service	이번 릴리스 보류(임시; 사용자 승인 필요)		not_connected		Unlinked	unreviewed		unreviewed		unreviewed		unreviewed		unreviewed		unreviewed			Unreviewed		별도 platform/protocol service 결정 대기; 사용자 승인 전 구현 재개 금지
Binance	Portfolio Margin REST	Http	POST	/papi/v1/um/positionSide/dual	changeUmPositionMode	documented_active	platform_limited	separate_platform_or_protocol_service	이번 릴리스 보류(임시; 사용자 승인 필요)		not_connected		Unlinked	unreviewed		unreviewed		unreviewed		unreviewed		unreviewed		unreviewed			Unreviewed		별도 platform/protocol service 결정 대기; 사용자 승인 전 구현 재개 금지
Binance	Portfolio Margin REST	Http	POST	/papi/v1/um/stock/contract	futuresTradfiPerpsContract	documented_active	platform_limited	separate_platform_or_protocol_service	이번 릴리스 보류(임시; 사용자 승인 필요)		not_connected		Unlinked	unreviewed		unreviewed		unreviewed		unreviewed		unreviewed		unreviewed			Unreviewed		별도 platform/protocol service 결정 대기; 사용자 승인 전 구현 재개 금지
Binance	Portfolio Margin REST	Http	PUT	/papi/v1/cm/order	modifyCmOrder	documented_active	platform_limited	separate_platform_or_protocol_service	이번 릴리스 보류(임시; 사용자 승인 필요)		not_connected		Unlinked	unreviewed		unreviewed		unreviewed		unreviewed		unreviewed		unreviewed			Unreviewed		별도 platform/protocol service 결정 대기; 사용자 승인 전 구현 재개 금지
Binance	Portfolio Margin REST	Http	PUT	/papi/v1/listenKey	keepaliveUserDataStream	documented_active	platform_limited	separate_platform_or_protocol_service	이번 릴리스 보류(임시; 사용자 승인 필요)		not_connected		Unlinked	unreviewed		unreviewed		unreviewed		unreviewed		unreviewed		unreviewed			Unreviewed		별도 platform/protocol service 결정 대기; 사용자 승인 전 구현 재개 금지
Binance	Portfolio Margin REST	Http	PUT	/papi/v1/um/order	modifyUmOrder	documented_active	platform_limited	separate_platform_or_protocol_service	이번 릴리스 보류(임시; 사용자 승인 필요)		not_connected		Unlinked	unreviewed		unreviewed		unreviewed		unreviewed		unreviewed		unreviewed			Unreviewed		별도 platform/protocol service 결정 대기; 사용자 승인 전 구현 재개 금지
Binance	Stocks Trading REST	Http	GET	/sapi/v1/equity/market/exchangeInfo	exchangeInfo	documented_active	platform_limited	separate_platform_or_protocol_service	이번 릴리스 보류(임시; 사용자 승인 필요)		not_connected		Unlinked	unreviewed		unreviewed		unreviewed		unreviewed		unreviewed		unreviewed			Unreviewed		별도 platform/protocol service 결정 대기; 사용자 승인 전 구현 재개 금지
Binance	Stocks Trading REST	Http	GET	/sapi/v1/equity/market/quote	latestQuote	documented_active	platform_limited	separate_platform_or_protocol_service	이번 릴리스 보류(임시; 사용자 승인 필요)		not_connected		Unlinked	unreviewed		unreviewed		unreviewed		unreviewed		unreviewed		unreviewed			Unreviewed		별도 platform/protocol service 결정 대기; 사용자 승인 전 구현 재개 금지
Binance	Stocks Trading REST	Http	GET	/sapi/v1/equity/market/tokenized-assets	tokenizedAssets	documented_active	platform_limited	separate_platform_or_protocol_service	이번 릴리스 보류(임시; 사용자 승인 필요)		not_connected		Unlinked	unreviewed		unreviewed		unreviewed		unreviewed		unreviewed		unreviewed			Unreviewed		별도 platform/protocol service 결정 대기; 사용자 승인 전 구현 재개 금지
Binance	Stocks Trading REST	Http	GET	/sapi/v1/equity/order/detail	equityOrderDetail	documented_active	platform_limited	separate_platform_or_protocol_service	이번 릴리스 보류(임시; 사용자 승인 필요)		not_connected		Unlinked	unreviewed		unreviewed		unreviewed		unreviewed		unreviewed		unreviewed			Unreviewed		별도 platform/protocol service 결정 대기; 사용자 승인 전 구현 재개 금지
Binance	Stocks Trading REST	Http	GET	/sapi/v1/equity/order/history	equityOrderHistory	documented_active	platform_limited	separate_platform_or_protocol_service	이번 릴리스 보류(임시; 사용자 승인 필요)		not_connected		Unlinked	unreviewed		unreviewed		unreviewed		unreviewed		unreviewed		unreviewed			Unreviewed		별도 platform/protocol service 결정 대기; 사용자 승인 전 구현 재개 금지
Binance	Stocks Trading REST	Http	GET	/sapi/v1/equity/order/open-orders	currentOpenOrders	documented_active	platform_limited	separate_platform_or_protocol_service	이번 릴리스 보류(임시; 사용자 승인 필요)		not_connected		Unlinked	unreviewed		unreviewed		unreviewed		unreviewed		unreviewed		unreviewed			Unreviewed		별도 platform/protocol service 결정 대기; 사용자 승인 전 구현 재개 금지
Binance	Stocks Trading REST	Http	GET	/sapi/v1/equity/tokenized/convert-status	tokenizedConvertStatus	documented_active	platform_limited	separate_platform_or_protocol_service	이번 릴리스 보류(임시; 사용자 승인 필요)		not_connected		Unlinked	unreviewed		unreviewed		unreviewed		unreviewed		unreviewed		unreviewed			Unreviewed		별도 platform/protocol service 결정 대기; 사용자 승인 전 구현 재개 금지
Binance	Stocks Trading REST	Http	GET	/sapi/v1/equity/tokenized/history	tokenizedConvertHistory	documented_active	platform_limited	separate_platform_or_protocol_service	이번 릴리스 보류(임시; 사용자 승인 필요)		not_connected		Unlinked	unreviewed		unreviewed		unreviewed		unreviewed		unreviewed		unreviewed			Unreviewed		별도 platform/protocol service 결정 대기; 사용자 승인 전 구현 재개 금지
Binance	Stocks Trading REST	Http	GET	/sapi/v1/equity/trade/history	equityTradeHistory	documented_active	platform_limited	separate_platform_or_protocol_service	이번 릴리스 보류(임시; 사용자 승인 필요)		not_connected		Unlinked	unreviewed		unreviewed		unreviewed		unreviewed		unreviewed		unreviewed			Unreviewed		별도 platform/protocol service 결정 대기; 사용자 승인 전 구현 재개 금지
Binance	Stocks Trading REST	Http	POST	/sapi/v1/equity/account/disclaimer	signUsEquityDisclaimer	documented_active	platform_limited	separate_platform_or_protocol_service	이번 릴리스 보류(임시; 사용자 승인 필요)		not_connected		Unlinked	unreviewed		unreviewed		unreviewed		unreviewed		unreviewed		unreviewed			Unreviewed		별도 platform/protocol service 결정 대기; 사용자 승인 전 구현 재개 금지
Binance	Stocks Trading REST	Http	POST	/sapi/v1/equity/listenKey	createRenewListenKey	documented_active	platform_limited	separate_platform_or_protocol_service	이번 릴리스 보류(임시; 사용자 승인 필요)		not_connected		Unlinked	unreviewed		unreviewed		unreviewed		unreviewed		unreviewed		unreviewed			Unreviewed		별도 platform/protocol service 결정 대기; 사용자 승인 전 구현 재개 금지
Binance	Stocks Trading REST	Http	POST	/sapi/v1/equity/order/cancel	cancelEquityOrder	documented_active	platform_limited	separate_platform_or_protocol_service	이번 릴리스 보류(임시; 사용자 승인 필요)		not_connected		Unlinked	unreviewed		unreviewed		unreviewed		unreviewed		unreviewed		unreviewed			Unreviewed		별도 platform/protocol service 결정 대기; 사용자 승인 전 구현 재개 금지
Binance	Stocks Trading REST	Http	POST	/sapi/v1/equity/order/cancel-all	cancelAllEquityOrders	documented_active	platform_limited	separate_platform_or_protocol_service	이번 릴리스 보류(임시; 사용자 승인 필요)		not_connected		Unlinked	unreviewed		unreviewed		unreviewed		unreviewed		unreviewed		unreviewed			Unreviewed		별도 platform/protocol service 결정 대기; 사용자 승인 전 구현 재개 금지
Binance	Stocks Trading REST	Http	POST	/sapi/v1/equity/order/place	placeEquityOrder	documented_active	platform_limited	separate_platform_or_protocol_service	이번 릴리스 보류(임시; 사용자 승인 필요)		not_connected		Unlinked	unreviewed		unreviewed		unreviewed		unreviewed		unreviewed		unreviewed			Unreviewed		별도 platform/protocol service 결정 대기; 사용자 승인 전 구현 재개 금지
Binance	Stocks Trading REST	Http	POST	/sapi/v1/equity/tokenized/mint	tokenizedMint	documented_active	platform_limited	separate_platform_or_protocol_service	이번 릴리스 보류(임시; 사용자 승인 필요)		not_connected		Unlinked	unreviewed		unreviewed		unreviewed		unreviewed		unreviewed		unreviewed			Unreviewed		별도 platform/protocol service 결정 대기; 사용자 승인 전 구현 재개 금지
Binance	Stocks Trading REST	Http	POST	/sapi/v1/equity/tokenized/redeem	tokenizedRedeem	documented_active	platform_limited	separate_platform_or_protocol_service	이번 릴리스 보류(임시; 사용자 승인 필요)		not_connected		Unlinked	unreviewed		unreviewed		unreviewed		unreviewed		unreviewed		unreviewed			Unreviewed		별도 platform/protocol service 결정 대기; 사용자 승인 전 구현 재개 금지
Binance	Stocks Trading WebSocket Streams	WebSocketStream	POST	/calendar	calendarStream	documented_active	platform_limited	separate_platform_or_protocol_service	이번 릴리스 보류(임시; 사용자 승인 필요)		not_connected		Unlinked	unreviewed		unreviewed		unreviewed		unreviewed		unreviewed		unreviewed			Unreviewed		별도 platform/protocol service 결정 대기; 사용자 승인 전 구현 재개 금지
Binance	Stocks Trading WebSocket Streams	WebSocketStream	POST	/price	priceStream	documented_active	platform_limited	separate_platform_or_protocol_service	이번 릴리스 보류(임시; 사용자 승인 필요)		not_connected		Unlinked	unreviewed		unreviewed		unreviewed		unreviewed		unreviewed		unreviewed			Unreviewed		별도 platform/protocol service 결정 대기; 사용자 승인 전 구현 재개 금지
Binance	Stocks Trading WebSocket Streams	WebSocketStream	POST	/{listenKey}@orderReport	orderReportStream	documented_active	platform_limited	separate_platform_or_protocol_service	이번 릴리스 보류(임시; 사용자 승인 필요)		not_connected		Unlinked	unreviewed		unreviewed		unreviewed		unreviewed		unreviewed		unreviewed			Unreviewed		별도 platform/protocol service 결정 대기; 사용자 승인 전 구현 재개 금지
Binance	Stocks Trading WebSocket Streams	WebSocketStream	POST	/{symbol}@kline_{interval}	klineStream	documented_active	platform_limited	separate_platform_or_protocol_service	이번 릴리스 보류(임시; 사용자 승인 필요)		not_connected		Unlinked	unreviewed		unreviewed		unreviewed		unreviewed		unreviewed		unreviewed			Unreviewed		별도 platform/protocol service 결정 대기; 사용자 승인 전 구현 재개 금지
Binance	Stocks Trading WebSocket Streams	WebSocketStream	POST	/{symbol}@quote	quoteStream	documented_active	platform_limited	separate_platform_or_protocol_service	이번 릴리스 보류(임시; 사용자 승인 필요)		not_connected		Unlinked	unreviewed		unreviewed		unreviewed		unreviewed		unreviewed		unreviewed			Unreviewed		별도 platform/protocol service 결정 대기; 사용자 승인 전 구현 재개 금지
Binance	Stocks Trading WebSocket Streams	WebSocketStream	POST	/{symbol}@tradability	tradabilityStream	documented_active	platform_limited	separate_platform_or_protocol_service	이번 릴리스 보류(임시; 사용자 승인 필요)		not_connected		Unlinked	unreviewed		unreviewed		unreviewed		unreviewed		unreviewed		unreviewed			Unreviewed		별도 platform/protocol service 결정 대기; 사용자 승인 전 구현 재개 금지
Binance	Stocks Trading WebSocket Streams	WebSocketStream	POST	/{symbol}@tradingStatus	tradingStatusStream	documented_active	platform_limited	separate_platform_or_protocol_service	이번 릴리스 보류(임시; 사용자 승인 필요)		not_connected		Unlinked	unreviewed		unreviewed		unreviewed		unreviewed		unreviewed		unreviewed			Unreviewed		별도 platform/protocol service 결정 대기; 사용자 승인 전 구현 재개 금지
Binance	Sub Account REST	Http	DELETE	/sapi/v1/sub-account/subAccountApi	deleteSubAccountApiKey	documented_active	platform_limited	separate_platform_or_protocol_service	이번 릴리스 보류(임시; 사용자 승인 필요)		not_connected		Unlinked	unreviewed		unreviewed		unreviewed		unreviewed		unreviewed		unreviewed			Unreviewed		별도 platform/protocol service 결정 대기; 사용자 승인 전 구현 재개 금지
Binance	Sub Account REST	Http	DELETE	/sapi/v1/sub-account/subAccountApi/ipRestriction/ipList	deleteIpListForASubAccountApiKey	documented_active	platform_limited	separate_platform_or_protocol_service	이번 릴리스 보류(임시; 사용자 승인 필요)		not_connected		Unlinked	unreviewed		unreviewed		unreviewed		unreviewed		unreviewed		unreviewed			Unreviewed		별도 platform/protocol service 결정 대기; 사용자 승인 전 구현 재개 금지
Binance	Sub Account REST	Http	GET	/sapi/v1/capital/deposit/subAddress	getSubAccountDepositAddress	documented_active	platform_limited	separate_platform_or_protocol_service	이번 릴리스 보류(임시; 사용자 승인 필요)		not_connected		Unlinked	unreviewed		unreviewed		unreviewed		unreviewed		unreviewed		unreviewed			Unreviewed		별도 platform/protocol service 결정 대기; 사용자 승인 전 구현 재개 금지
Binance	Sub Account REST	Http	GET	/sapi/v1/capital/deposit/subHisrec	getSubAccountDepositHistory	documented_active	platform_limited	separate_platform_or_protocol_service	이번 릴리스 보류(임시; 사용자 승인 필요)		not_connected		Unlinked	unreviewed		unreviewed		unreviewed		unreviewed		unreviewed		unreviewed			Unreviewed		별도 platform/protocol service 결정 대기; 사용자 승인 전 구현 재개 금지
Binance	Sub Account REST	Http	GET	/sapi/v1/managed-subaccount/accountSnapshot	queryManagedSubAccountSnapshot	documented_active	platform_limited	separate_platform_or_protocol_service	이번 릴리스 보류(임시; 사용자 승인 필요)		not_connected		Unlinked	unreviewed		unreviewed		unreviewed		unreviewed		unreviewed		unreviewed			Unreviewed		별도 platform/protocol service 결정 대기; 사용자 승인 전 구현 재개 금지
Binance	Sub Account REST	Http	GET	/sapi/v1/managed-subaccount/asset	queryManagedSubAccountAssetDetails	documented_active	platform_limited	separate_platform_or_protocol_service	이번 릴리스 보류(임시; 사용자 승인 필요)		not_connected		Unlinked	unreviewed		unreviewed		unreviewed		unreviewed		unreviewed		unreviewed			Unreviewed		별도 platform/protocol service 결정 대기; 사용자 승인 전 구현 재개 금지
Binance	Sub Account REST	Http	GET	/sapi/v1/managed-subaccount/deposit/address	getManagedSubAccountDepositAddress	documented_active	platform_limited	separate_platform_or_protocol_service	이번 릴리스 보류(임시; 사용자 승인 필요)		not_connected		Unlinked	unreviewed		unreviewed		unreviewed		unreviewed		unreviewed		unreviewed			Unreviewed		별도 platform/protocol service 결정 대기; 사용자 승인 전 구현 재개 금지
Binance	Sub Account REST	Http	GET	/sapi/v1/managed-subaccount/fetch-future-asset	queryManagedSubAccountFuturesAssetDetails	documented_active	platform_limited	separate_platform_or_protocol_service	이번 릴리스 보류(임시; 사용자 승인 필요)		not_connected		Unlinked	unreviewed		unreviewed		unreviewed		unreviewed		unreviewed		unreviewed			Unreviewed		별도 platform/protocol service 결정 대기; 사용자 승인 전 구현 재개 금지
Binance	Sub Account REST	Http	GET	/sapi/v1/managed-subaccount/info	queryManagedSubAccountList	documented_active	platform_limited	separate_platform_or_protocol_service	이번 릴리스 보류(임시; 사용자 승인 필요)		not_connected		Unlinked	unreviewed		unreviewed		unreviewed		unreviewed		unreviewed		unreviewed			Unreviewed		별도 platform/protocol service 결정 대기; 사용자 승인 전 구현 재개 금지
Binance	Sub Account REST	Http	GET	/sapi/v1/managed-subaccount/marginAsset	queryManagedSubAccountMarginAssetDetails	documented_active	platform_limited	separate_platform_or_protocol_service	이번 릴리스 보류(임시; 사용자 승인 필요)		not_connected		Unlinked	unreviewed		unreviewed		unreviewed		unreviewed		unreviewed		unreviewed			Unreviewed		별도 platform/protocol service 결정 대기; 사용자 승인 전 구현 재개 금지
Binance	Sub Account REST	Http	GET	/sapi/v1/managed-subaccount/query-trans-log	queryManagedSubAccountTransferLogSubAccountTrading	documented_active	platform_limited	separate_platform_or_protocol_service	이번 릴리스 보류(임시; 사용자 승인 필요)		not_connected		Unlinked	unreviewed		unreviewed		unreviewed		unreviewed		unreviewed		unreviewed			Unreviewed		별도 platform/protocol service 결정 대기; 사용자 승인 전 구현 재개 금지
Binance	Sub Account REST	Http	GET	/sapi/v1/managed-subaccount/queryTransLogForInvestor	queryManagedSubAccountTransferLogMasterAccountInvestor	documented_active	platform_limited	separate_platform_or_protocol_service	이번 릴리스 보류(임시; 사용자 승인 필요)		not_connected		Unlinked	unreviewed		unreviewed		unreviewed		unreviewed		unreviewed		unreviewed			Unreviewed		별도 platform/protocol service 결정 대기; 사용자 승인 전 구현 재개 금지
Binance	Sub Account REST	Http	GET	/sapi/v1/managed-subaccount/queryTransLogForTradeParent	queryManagedSubAccountTransferLogMasterAccountTrading	documented_active	platform_limited	separate_platform_or_protocol_service	이번 릴리스 보류(임시; 사용자 승인 필요)		not_connected		Unlinked	unreviewed		unreviewed		unreviewed		unreviewed		unreviewed		unreviewed			Unreviewed		별도 platform/protocol service 결정 대기; 사용자 승인 전 구현 재개 금지
Binance	Sub Account REST	Http	GET	/sapi/v1/sub-account/futures/account	getDetailOnSubAccountsFuturesAccount	documented_active	platform_limited	separate_platform_or_protocol_service	이번 릴리스 보류(임시; 사용자 승인 필요)		not_connected		Unlinked	unreviewed		unreviewed		unreviewed		unreviewed		unreviewed		unreviewed			Unreviewed		별도 platform/protocol service 결정 대기; 사용자 승인 전 구현 재개 금지
Binance	Sub Account REST	Http	GET	/sapi/v1/sub-account/futures/accountSummary	getSummaryOfSubAccountsFuturesAccount	documented_active	platform_limited	separate_platform_or_protocol_service	이번 릴리스 보류(임시; 사용자 승인 필요)		not_connected		Unlinked	unreviewed		unreviewed		unreviewed		unreviewed		unreviewed		unreviewed			Unreviewed		별도 platform/protocol service 결정 대기; 사용자 승인 전 구현 재개 금지
Binance	Sub Account REST	Http	GET	/sapi/v1/sub-account/futures/internalTransfer	querySubAccountFuturesAssetTransferHistory	documented_active	platform_limited	separate_platform_or_protocol_service	이번 릴리스 보류(임시; 사용자 승인 필요)		not_connected		Unlinked	unreviewed		unreviewed		unreviewed		unreviewed		unreviewed		unreviewed			Unreviewed		별도 platform/protocol service 결정 대기; 사용자 승인 전 구현 재개 금지
Binance	Sub Account REST	Http	GET	/sapi/v1/sub-account/futures/move-position	getMovePositionHistoryForSubAccount	documented_active	platform_limited	separate_platform_or_protocol_service	이번 릴리스 보류(임시; 사용자 승인 필요)		not_connected		Unlinked	unreviewed		unreviewed		unreviewed		unreviewed		unreviewed		unreviewed			Unreviewed		별도 platform/protocol service 결정 대기; 사용자 승인 전 구현 재개 금지
Binance	Sub Account REST	Http	GET	/sapi/v1/sub-account/futures/positionRisk	getFuturesPositionRiskOfSubAccount	documented_active	platform_limited	separate_platform_or_protocol_service	이번 릴리스 보류(임시; 사용자 승인 필요)		not_connected		Unlinked	unreviewed		unreviewed		unreviewed		unreviewed		unreviewed		unreviewed			Unreviewed		별도 platform/protocol service 결정 대기; 사용자 승인 전 구현 재개 금지
Binance	Sub Account REST	Http	GET	/sapi/v1/sub-account/list	querySubAccountList	documented_active	platform_limited	separate_platform_or_protocol_service	이번 릴리스 보류(임시; 사용자 승인 필요)		not_connected		Unlinked	unreviewed		unreviewed		unreviewed		unreviewed		unreviewed		unreviewed			Unreviewed		별도 platform/protocol service 결정 대기; 사용자 승인 전 구현 재개 금지
Binance	Sub Account REST	Http	GET	/sapi/v1/sub-account/margin/account	getDetailOnSubAccountsMarginAccount	documented_active	platform_limited	separate_platform_or_protocol_service	이번 릴리스 보류(임시; 사용자 승인 필요)		not_connected		Unlinked	unreviewed		unreviewed		unreviewed		unreviewed		unreviewed		unreviewed			Unreviewed		별도 platform/protocol service 결정 대기; 사용자 승인 전 구현 재개 금지
Binance	Sub Account REST	Http	GET	/sapi/v1/sub-account/margin/accountSummary	getSummaryOfSubAccountsMarginAccount	documented_active	platform_limited	separate_platform_or_protocol_service	이번 릴리스 보류(임시; 사용자 승인 필요)		not_connected		Unlinked	unreviewed		unreviewed		unreviewed		unreviewed		unreviewed		unreviewed			Unreviewed		별도 platform/protocol service 결정 대기; 사용자 승인 전 구현 재개 금지
Binance	Sub Account REST	Http	GET	/sapi/v1/sub-account/spotSummary	querySubAccountSpotAssetsSummary	documented_active	platform_limited	separate_platform_or_protocol_service	이번 릴리스 보류(임시; 사용자 승인 필요)		not_connected		Unlinked	unreviewed		unreviewed		unreviewed		unreviewed		unreviewed		unreviewed			Unreviewed		별도 platform/protocol service 결정 대기; 사용자 승인 전 구현 재개 금지
Binance	Sub Account REST	Http	GET	/sapi/v1/sub-account/status	getSubAccountsStatusOnMarginOrFutures	documented_active	platform_limited	separate_platform_or_protocol_service	이번 릴리스 보류(임시; 사용자 승인 필요)		not_connected		Unlinked	unreviewed		unreviewed		unreviewed		unreviewed		unreviewed		unreviewed			Unreviewed		별도 platform/protocol service 결정 대기; 사용자 승인 전 구현 재개 금지
Binance	Sub Account REST	Http	GET	/sapi/v1/sub-account/sub/transfer/history	querySubAccountSpotAssetTransferHistory	documented_active	platform_limited	separate_platform_or_protocol_service	이번 릴리스 보류(임시; 사용자 승인 필요)		not_connected		Unlinked	unreviewed		unreviewed		unreviewed		unreviewed		unreviewed		unreviewed			Unreviewed		별도 platform/protocol service 결정 대기; 사용자 승인 전 구현 재개 금지
Binance	Sub Account REST	Http	GET	/sapi/v1/sub-account/subAccountApi	querySubAccountApiKey	documented_active	platform_limited	separate_platform_or_protocol_service	이번 릴리스 보류(임시; 사용자 승인 필요)		not_connected		Unlinked	unreviewed		unreviewed		unreviewed		unreviewed		unreviewed		unreviewed			Unreviewed		별도 platform/protocol service 결정 대기; 사용자 승인 전 구현 재개 금지
Binance	Sub Account REST	Http	GET	/sapi/v1/sub-account/subAccountApi/ipRestriction	getIpRestrictionForASubAccountApiKey	documented_active	platform_limited	separate_platform_or_protocol_service	이번 릴리스 보류(임시; 사용자 승인 필요)		not_connected		Unlinked	unreviewed		unreviewed		unreviewed		unreviewed		unreviewed		unreviewed			Unreviewed		별도 platform/protocol service 결정 대기; 사용자 승인 전 구현 재개 금지
Binance	Sub Account REST	Http	GET	/sapi/v1/sub-account/transaction-statistics	querySubAccountTransactionStatistics	documented_active	platform_limited	separate_platform_or_protocol_service	이번 릴리스 보류(임시; 사용자 승인 필요)		not_connected		Unlinked	unreviewed		unreviewed		unreviewed		unreviewed		unreviewed		unreviewed			Unreviewed		별도 platform/protocol service 결정 대기; 사용자 승인 전 구현 재개 금지
Binance	Sub Account REST	Http	GET	/sapi/v1/sub-account/transfer/subUserHistory	subAccountTransferHistory	documented_active	platform_limited	separate_platform_or_protocol_service	이번 릴리스 보류(임시; 사용자 승인 필요)		not_connected		Unlinked	unreviewed		unreviewed		unreviewed		unreviewed		unreviewed		unreviewed			Unreviewed		별도 platform/protocol service 결정 대기; 사용자 승인 전 구현 재개 금지
Binance	Sub Account REST	Http	GET	/sapi/v1/sub-account/universalTransfer	queryUniversalTransferHistory	documented_active	platform_limited	separate_platform_or_protocol_service	이번 릴리스 보류(임시; 사용자 승인 필요)		not_connected		Unlinked	unreviewed		unreviewed		unreviewed		unreviewed		unreviewed		unreviewed			Unreviewed		별도 platform/protocol service 결정 대기; 사용자 승인 전 구현 재개 금지
Binance	Sub Account REST	Http	GET	/sapi/v2/sub-account/futures/account	getDetailOnSubAccountsFuturesAccountV2	documented_active	platform_limited	separate_platform_or_protocol_service	이번 릴리스 보류(임시; 사용자 승인 필요)		not_connected		Unlinked	unreviewed		unreviewed		unreviewed		unreviewed		unreviewed		unreviewed			Unreviewed		별도 platform/protocol service 결정 대기; 사용자 승인 전 구현 재개 금지
Binance	Sub Account REST	Http	GET	/sapi/v2/sub-account/futures/accountSummary	getSummaryOfSubAccountsFuturesAccountV2	documented_active	platform_limited	separate_platform_or_protocol_service	이번 릴리스 보류(임시; 사용자 승인 필요)		not_connected		Unlinked	unreviewed		unreviewed		unreviewed		unreviewed		unreviewed		unreviewed			Unreviewed		별도 platform/protocol service 결정 대기; 사용자 승인 전 구현 재개 금지
Binance	Sub Account REST	Http	GET	/sapi/v2/sub-account/futures/positionRisk	getFuturesPositionRiskOfSubAccountV2	documented_active	platform_limited	separate_platform_or_protocol_service	이번 릴리스 보류(임시; 사용자 승인 필요)		not_connected		Unlinked	unreviewed		unreviewed		unreviewed		unreviewed		unreviewed		unreviewed			Unreviewed		별도 platform/protocol service 결정 대기; 사용자 승인 전 구현 재개 금지
Binance	Sub Account REST	Http	GET	/sapi/v3/sub-account/assets	querySubAccountAssets	documented_active	platform_limited	separate_platform_or_protocol_service	이번 릴리스 보류(임시; 사용자 승인 필요)		not_connected		Unlinked	unreviewed		unreviewed		unreviewed		unreviewed		unreviewed		unreviewed			Unreviewed		별도 platform/protocol service 결정 대기; 사용자 승인 전 구현 재개 금지
Binance	Sub Account REST	Http	GET	/sapi/v4/sub-account/assets	querySubAccountAssetsAssetManagement	documented_active	platform_limited	separate_platform_or_protocol_service	이번 릴리스 보류(임시; 사용자 승인 필요)		not_connected		Unlinked	unreviewed		unreviewed		unreviewed		unreviewed		unreviewed		unreviewed			Unreviewed		별도 platform/protocol service 결정 대기; 사용자 승인 전 구현 재개 금지
Binance	Sub Account REST	Http	POST	/sapi/v1/managed-subaccount/deposit	depositAssetsIntoTheManagedSubAccount	documented_active	platform_limited	separate_platform_or_protocol_service	이번 릴리스 보류(임시; 사용자 승인 필요)		not_connected		Unlinked	unreviewed		unreviewed		unreviewed		unreviewed		unreviewed		unreviewed			Unreviewed		별도 platform/protocol service 결정 대기; 사용자 승인 전 구현 재개 금지
Binance	Sub Account REST	Http	POST	/sapi/v1/managed-subaccount/withdraw	withdrawlAssetsFromTheManagedSubAccount	documented_active	platform_limited	separate_platform_or_protocol_service	이번 릴리스 보류(임시; 사용자 승인 필요)		not_connected		Unlinked	unreviewed		unreviewed		unreviewed		unreviewed		unreviewed		unreviewed			Unreviewed		별도 platform/protocol service 결정 대기; 사용자 승인 전 구현 재개 금지
Binance	Sub Account REST	Http	POST	/sapi/v1/sub-account/eoptions/enable	enableOptionsForSubAccount	documented_active	platform_limited	separate_platform_or_protocol_service	이번 릴리스 보류(임시; 사용자 승인 필요)		not_connected		Unlinked	unreviewed		unreviewed		unreviewed		unreviewed		unreviewed		unreviewed			Unreviewed		별도 platform/protocol service 결정 대기; 사용자 승인 전 구현 재개 금지
Binance	Sub Account REST	Http	POST	/sapi/v1/sub-account/futures/enable	enableFuturesForSubAccount	documented_active	platform_limited	separate_platform_or_protocol_service	이번 릴리스 보류(임시; 사용자 승인 필요)		not_connected		Unlinked	unreviewed		unreviewed		unreviewed		unreviewed		unreviewed		unreviewed			Unreviewed		별도 platform/protocol service 결정 대기; 사용자 승인 전 구현 재개 금지
Binance	Sub Account REST	Http	POST	/sapi/v1/sub-account/futures/internalTransfer	subAccountFuturesAssetTransfer	documented_active	platform_limited	separate_platform_or_protocol_service	이번 릴리스 보류(임시; 사용자 승인 필요)		not_connected		Unlinked	unreviewed		unreviewed		unreviewed		unreviewed		unreviewed		unreviewed			Unreviewed		별도 platform/protocol service 결정 대기; 사용자 승인 전 구현 재개 금지
Binance	Sub Account REST	Http	POST	/sapi/v1/sub-account/futures/move-position	movePositionForSubAccount	documented_active	platform_limited	separate_platform_or_protocol_service	이번 릴리스 보류(임시; 사용자 승인 필요)		not_connected		Unlinked	unreviewed		unreviewed		unreviewed		unreviewed		unreviewed		unreviewed			Unreviewed		별도 platform/protocol service 결정 대기; 사용자 승인 전 구현 재개 금지
Binance	Sub Account REST	Http	POST	/sapi/v1/sub-account/futures/transfer	futuresTransferForSubAccount	documented_active	platform_limited	separate_platform_or_protocol_service	이번 릴리스 보류(임시; 사용자 승인 필요)		not_connected		Unlinked	unreviewed		unreviewed		unreviewed		unreviewed		unreviewed		unreviewed			Unreviewed		별도 platform/protocol service 결정 대기; 사용자 승인 전 구현 재개 금지
Binance	Sub Account REST	Http	POST	/sapi/v1/sub-account/margin/transfer	marginTransferForSubAccount	documented_active	platform_limited	separate_platform_or_protocol_service	이번 릴리스 보류(임시; 사용자 승인 필요)		not_connected		Unlinked	unreviewed		unreviewed		unreviewed		unreviewed		unreviewed		unreviewed			Unreviewed		별도 platform/protocol service 결정 대기; 사용자 승인 전 구현 재개 금지
Binance	Sub Account REST	Http	POST	/sapi/v1/sub-account/subAccountApi	createSubAccountApiKey	documented_active	platform_limited	separate_platform_or_protocol_service	이번 릴리스 보류(임시; 사용자 승인 필요)		not_connected		Unlinked	unreviewed		unreviewed		unreviewed		unreviewed		unreviewed		unreviewed			Unreviewed		별도 platform/protocol service 결정 대기; 사용자 승인 전 구현 재개 금지
Binance	Sub Account REST	Http	POST	/sapi/v1/sub-account/subAccountApiPermission	modifySubAccountApiKeyPermission	documented_active	platform_limited	separate_platform_or_protocol_service	이번 릴리스 보류(임시; 사용자 승인 필요)		not_connected		Unlinked	unreviewed		unreviewed		unreviewed		unreviewed		unreviewed		unreviewed			Unreviewed		별도 platform/protocol service 결정 대기; 사용자 승인 전 구현 재개 금지
Binance	Sub Account REST	Http	POST	/sapi/v1/sub-account/transfer/subToMaster	transferToMaster	documented_active	platform_limited	separate_platform_or_protocol_service	이번 릴리스 보류(임시; 사용자 승인 필요)		not_connected		Unlinked	unreviewed		unreviewed		unreviewed		unreviewed		unreviewed		unreviewed			Unreviewed		별도 platform/protocol service 결정 대기; 사용자 승인 전 구현 재개 금지
Binance	Sub Account REST	Http	POST	/sapi/v1/sub-account/transfer/subToSub	transferToSubAccountOfSameMaster	documented_active	platform_limited	separate_platform_or_protocol_service	이번 릴리스 보류(임시; 사용자 승인 필요)		not_connected		Unlinked	unreviewed		unreviewed		unreviewed		unreviewed		unreviewed		unreviewed			Unreviewed		별도 platform/protocol service 결정 대기; 사용자 승인 전 구현 재개 금지
Binance	Sub Account REST	Http	POST	/sapi/v1/sub-account/universalTransfer	universalTransfer	documented_active	platform_limited	separate_platform_or_protocol_service	이번 릴리스 보류(임시; 사용자 승인 필요)		not_connected		Unlinked	unreviewed		unreviewed		unreviewed		unreviewed		unreviewed		unreviewed			Unreviewed		별도 platform/protocol service 결정 대기; 사용자 승인 전 구현 재개 금지
Binance	Sub Account REST	Http	POST	/sapi/v1/sub-account/virtualSubAccount	createAVirtualSubAccount	documented_active	platform_limited	separate_platform_or_protocol_service	이번 릴리스 보류(임시; 사용자 승인 필요)		not_connected		Unlinked	unreviewed		unreviewed		unreviewed		unreviewed		unreviewed		unreviewed			Unreviewed		별도 platform/protocol service 결정 대기; 사용자 승인 전 구현 재개 금지
Binance	Sub Account REST	Http	POST	/sapi/v2/sub-account/subAccountApi/ipRestriction	addIpRestrictionForSubAccountApiKey	documented_active	platform_limited	separate_platform_or_protocol_service	이번 릴리스 보류(임시; 사용자 승인 필요)		not_connected		Unlinked	unreviewed		unreviewed		unreviewed		unreviewed		unreviewed		unreviewed			Unreviewed		별도 platform/protocol service 결정 대기; 사용자 승인 전 구현 재개 금지
Binance	VIP CAAS REST	Http	DELETE	/sapi/v1/vip/caas/commission/fee-groups	deleteFeeGroup	documented_active	platform_limited	separate_platform_or_protocol_service	이번 릴리스 보류(임시; 사용자 승인 필요)		not_connected		Unlinked	unreviewed		unreviewed		unreviewed		unreviewed		unreviewed		unreviewed			Unreviewed		별도 platform/protocol service 결정 대기; 사용자 승인 전 구현 재개 금지
Binance	VIP CAAS REST	Http	DELETE	/sapi/v1/vip/caas/commission/fee-groups/members	unassignMembersFromFeeGroup	documented_active	platform_limited	separate_platform_or_protocol_service	이번 릴리스 보류(임시; 사용자 승인 필요)		not_connected		Unlinked	unreviewed		unreviewed		unreviewed		unreviewed		unreviewed		unreviewed			Unreviewed		별도 platform/protocol service 결정 대기; 사용자 승인 전 구현 재개 금지
Binance	VIP CAAS REST	Http	GET	/sapi/v1/vip/caas/commission/fee-groups	queryFeeGroups	documented_active	platform_limited	separate_platform_or_protocol_service	이번 릴리스 보류(임시; 사용자 승인 필요)		not_connected		Unlinked	unreviewed		unreviewed		unreviewed		unreviewed		unreviewed		unreviewed			Unreviewed		별도 platform/protocol service 결정 대기; 사용자 승인 전 구현 재개 금지
Binance	VIP CAAS REST	Http	GET	/sapi/v1/vip/caas/commission/fee-groups/members	queryFeeGroupMembers	documented_active	platform_limited	separate_platform_or_protocol_service	이번 릴리스 보류(임시; 사용자 승인 필요)		not_connected		Unlinked	unreviewed		unreviewed		unreviewed		unreviewed		unreviewed		unreviewed			Unreviewed		별도 platform/protocol service 결정 대기; 사용자 승인 전 구현 재개 금지
Binance	VIP CAAS REST	Http	GET	/sapi/v1/vip/caas/commission/markup-trade-aggregations	queryMarkupTradeCommissionAggregationReportings	documented_active	platform_limited	separate_platform_or_protocol_service	이번 릴리스 보류(임시; 사용자 승인 필요)		not_connected		Unlinked	unreviewed		unreviewed		unreviewed		unreviewed		unreviewed		unreviewed			Unreviewed		별도 platform/protocol service 결정 대기; 사용자 승인 전 구현 재개 금지
Binance	VIP CAAS REST	Http	GET	/sapi/v1/vip/caas/commission/markup-trade-details	queryMarkupTradeDetailReportings	documented_active	platform_limited	separate_platform_or_protocol_service	이번 릴리스 보류(임시; 사용자 승인 필요)		not_connected		Unlinked	unreviewed		unreviewed		unreviewed		unreviewed		unreviewed		unreviewed			Unreviewed		별도 platform/protocol service 결정 대기; 사용자 승인 전 구현 재개 금지
Binance	VIP CAAS REST	Http	GET	/sapi/v1/vip/caas/commission/member-fee-group	queryOneMembersFeeGroup	documented_active	platform_limited	separate_platform_or_protocol_service	이번 릴리스 보류(임시; 사용자 승인 필요)		not_connected		Unlinked	unreviewed		unreviewed		unreviewed		unreviewed		unreviewed		unreviewed			Unreviewed		별도 platform/protocol service 결정 대기; 사용자 승인 전 구현 재개 금지
Binance	VIP CAAS REST	Http	POST	/sapi/v1/vip/caas/commission/fee-groups	createFeeGroup	documented_active	platform_limited	separate_platform_or_protocol_service	이번 릴리스 보류(임시; 사용자 승인 필요)		not_connected		Unlinked	unreviewed		unreviewed		unreviewed		unreviewed		unreviewed		unreviewed			Unreviewed		별도 platform/protocol service 결정 대기; 사용자 승인 전 구현 재개 금지
Binance	VIP CAAS REST	Http	POST	/sapi/v1/vip/caas/commission/fee-groups/members	assignMembersToFeeGroup	documented_active	platform_limited	separate_platform_or_protocol_service	이번 릴리스 보류(임시; 사용자 승인 필요)		not_connected		Unlinked	unreviewed		unreviewed		unreviewed		unreviewed		unreviewed		unreviewed			Unreviewed		별도 platform/protocol service 결정 대기; 사용자 승인 전 구현 재개 금지
Binance	VIP CAAS REST	Http	PUT	/sapi/v1/vip/caas/commission/fee-groups/commission	updateFeeGroupCommission	documented_active	platform_limited	separate_platform_or_protocol_service	이번 릴리스 보류(임시; 사용자 승인 필요)		not_connected		Unlinked	unreviewed		unreviewed		unreviewed		unreviewed		unreviewed		unreviewed			Unreviewed		별도 platform/protocol service 결정 대기; 사용자 승인 전 구현 재개 금지
Binance	VIP Loan REST	Http	GET	/sapi/v1/loan/vip/accruedInterest	getVIPLoanAccruedInterest	documented_active	platform_limited	separate_platform_or_protocol_service	이번 릴리스 보류(임시; 사용자 승인 필요)		not_connected		Unlinked	unreviewed		unreviewed		unreviewed		unreviewed		unreviewed		unreviewed			Unreviewed		별도 platform/protocol service 결정 대기; 사용자 승인 전 구현 재개 금지
Binance	VIP Loan REST	Http	GET	/sapi/v1/loan/vip/collateral/account	checkVIPLoanCollateralAccount	documented_active	platform_limited	separate_platform_or_protocol_service	이번 릴리스 보류(임시; 사용자 승인 필요)		not_connected		Unlinked	unreviewed		unreviewed		unreviewed		unreviewed		unreviewed		unreviewed			Unreviewed		별도 platform/protocol service 결정 대기; 사용자 승인 전 구현 재개 금지
Binance	VIP Loan REST	Http	GET	/sapi/v1/loan/vip/collateral/data	getCollateralAssetData	documented_active	platform_limited	separate_platform_or_protocol_service	이번 릴리스 보류(임시; 사용자 승인 필요)		not_connected		Unlinked	unreviewed		unreviewed		unreviewed		unreviewed		unreviewed		unreviewed			Unreviewed		별도 platform/protocol service 결정 대기; 사용자 승인 전 구현 재개 금지
Binance	VIP Loan REST	Http	GET	/sapi/v1/loan/vip/fixed/market	queryVIPLoanFixedRateMarket	documented_active	platform_limited	separate_platform_or_protocol_service	이번 릴리스 보류(임시; 사용자 승인 필요)		not_connected		Unlinked	unreviewed		unreviewed		unreviewed		unreviewed		unreviewed		unreviewed			Unreviewed		별도 platform/protocol service 결정 대기; 사용자 승인 전 구현 재개 금지
Binance	VIP Loan REST	Http	GET	/sapi/v1/loan/vip/interestRateHistory	getVIPLoanInterestRateHistory	documented_active	platform_limited	separate_platform_or_protocol_service	이번 릴리스 보류(임시; 사용자 승인 필요)		not_connected		Unlinked	unreviewed		unreviewed		unreviewed		unreviewed		unreviewed		unreviewed			Unreviewed		별도 platform/protocol service 결정 대기; 사용자 승인 전 구현 재개 금지
Binance	VIP Loan REST	Http	GET	/sapi/v1/loan/vip/loanable/data	getLoanableAssetsData	documented_active	platform_limited	separate_platform_or_protocol_service	이번 릴리스 보류(임시; 사용자 승인 필요)		not_connected		Unlinked	unreviewed		unreviewed		unreviewed		unreviewed		unreviewed		unreviewed			Unreviewed		별도 platform/protocol service 결정 대기; 사용자 승인 전 구현 재개 금지
Binance	VIP Loan REST	Http	GET	/sapi/v1/loan/vip/ongoing/orders	getVIPLoanOngoingOrders	documented_active	platform_limited	separate_platform_or_protocol_service	이번 릴리스 보류(임시; 사용자 승인 필요)		not_connected		Unlinked	unreviewed		unreviewed		unreviewed		unreviewed		unreviewed		unreviewed			Unreviewed		별도 platform/protocol service 결정 대기; 사용자 승인 전 구현 재개 금지
Binance	VIP Loan REST	Http	GET	/sapi/v1/loan/vip/repay/history	getVIPLoanRepaymentHistory	documented_active	platform_limited	separate_platform_or_protocol_service	이번 릴리스 보류(임시; 사용자 승인 필요)		not_connected		Unlinked	unreviewed		unreviewed		unreviewed		unreviewed		unreviewed		unreviewed			Unreviewed		별도 platform/protocol service 결정 대기; 사용자 승인 전 구현 재개 금지
Binance	VIP Loan REST	Http	GET	/sapi/v1/loan/vip/request/data	queryApplicationStatus	documented_active	platform_limited	separate_platform_or_protocol_service	이번 릴리스 보류(임시; 사용자 승인 필요)		not_connected		Unlinked	unreviewed		unreviewed		unreviewed		unreviewed		unreviewed		unreviewed			Unreviewed		별도 platform/protocol service 결정 대기; 사용자 승인 전 구현 재개 금지
Binance	VIP Loan REST	Http	GET	/sapi/v1/loan/vip/request/interestRate	getBorrowInterestRate	documented_active	platform_limited	separate_platform_or_protocol_service	이번 릴리스 보류(임시; 사용자 승인 필요)		not_connected		Unlinked	unreviewed		unreviewed		unreviewed		unreviewed		unreviewed		unreviewed			Unreviewed		별도 platform/protocol service 결정 대기; 사용자 승인 전 구현 재개 금지
Binance	VIP Loan REST	Http	POST	/sapi/v1/loan/vip/borrow	vipLoanBorrow	documented_active	platform_limited	separate_platform_or_protocol_service	이번 릴리스 보류(임시; 사용자 승인 필요)		not_connected		Unlinked	unreviewed		unreviewed		unreviewed		unreviewed		unreviewed		unreviewed			Unreviewed		별도 platform/protocol service 결정 대기; 사용자 승인 전 구현 재개 금지
Binance	VIP Loan REST	Http	POST	/sapi/v1/loan/vip/fixed/borrow	vipLoanFixedRateBorrow	documented_active	platform_limited	separate_platform_or_protocol_service	이번 릴리스 보류(임시; 사용자 승인 필요)		not_connected		Unlinked	unreviewed		unreviewed		unreviewed		unreviewed		unreviewed		unreviewed			Unreviewed		별도 platform/protocol service 결정 대기; 사용자 승인 전 구현 재개 금지
Binance	VIP Loan REST	Http	POST	/sapi/v1/loan/vip/renew	vipLoanRenew	documented_active	platform_limited	separate_platform_or_protocol_service	이번 릴리스 보류(임시; 사용자 승인 필요)		not_connected		Unlinked	unreviewed		unreviewed		unreviewed		unreviewed		unreviewed		unreviewed			Unreviewed		별도 platform/protocol service 결정 대기; 사용자 승인 전 구현 재개 금지
Binance	VIP Loan REST	Http	POST	/sapi/v1/loan/vip/repay	vipLoanRepay	documented_active	platform_limited	separate_platform_or_protocol_service	이번 릴리스 보류(임시; 사용자 승인 필요)		not_connected		Unlinked	unreviewed		unreviewed		unreviewed		unreviewed		unreviewed		unreviewed			Unreviewed		별도 platform/protocol service 결정 대기; 사용자 승인 전 구현 재개 금지
Binance	VIP Service REST	Http	DELETE	/sapi/v1/vip/vip-portal/futures/ip-whitelists	removeFuturesIpWhitelists	documented_active	platform_limited	separate_platform_or_protocol_service	이번 릴리스 보류(임시; 사용자 승인 필요)		not_connected		Unlinked	unreviewed		unreviewed		unreviewed		unreviewed		unreviewed		unreviewed			Unreviewed		별도 platform/protocol service 결정 대기; 사용자 승인 전 구현 재개 금지
Binance	VIP Service REST	Http	GET	/sapi/v1/commission/queryCommissionFee	querySymbolCommissionFee	documented_active	platform_limited	separate_platform_or_protocol_service	이번 릴리스 보류(임시; 사용자 승인 필요)		not_connected		Unlinked	unreviewed		unreviewed		unreviewed		unreviewed		unreviewed		unreviewed			Unreviewed		별도 platform/protocol service 결정 대기; 사용자 승인 전 구현 재개 금지
Binance	VIP Service REST	Http	GET	/sapi/v1/vip/liquidity-programs/overview	queryLiquidityProgramOverview	documented_active	platform_limited	separate_platform_or_protocol_service	이번 릴리스 보류(임시; 사용자 승인 필요)		not_connected		Unlinked	unreviewed		unreviewed		unreviewed		unreviewed		unreviewed		unreviewed			Unreviewed		별도 platform/protocol service 결정 대기; 사용자 승인 전 구현 재개 금지
Binance	VIP Service REST	Http	GET	/sapi/v1/vip/liquidity-programs/performance	queryLiquidityProgramPerformance	documented_active	platform_limited	separate_platform_or_protocol_service	이번 릴리스 보류(임시; 사용자 승인 필요)		not_connected		Unlinked	unreviewed		unreviewed		unreviewed		unreviewed		unreviewed		unreviewed			Unreviewed		별도 platform/protocol service 결정 대기; 사용자 승인 전 구현 재개 금지
Binance	VIP Service REST	Http	GET	/sapi/v1/vip/liquidity-programs/weekly-result	queryLiquidityProgramWeeklyResults	documented_active	platform_limited	separate_platform_or_protocol_service	이번 릴리스 보류(임시; 사용자 승인 필요)		not_connected		Unlinked	unreviewed		unreviewed		unreviewed		unreviewed		unreviewed		unreviewed			Unreviewed		별도 platform/protocol service 결정 대기; 사용자 승인 전 구현 재개 금지
Binance	VIP Service REST	Http	GET	/sapi/v1/vip/vip-portal/futures/ip-whitelists	queryFuturesIpWhitelists	documented_active	platform_limited	separate_platform_or_protocol_service	이번 릴리스 보류(임시; 사용자 승인 필요)		not_connected		Unlinked	unreviewed		unreviewed		unreviewed		unreviewed		unreviewed		unreviewed			Unreviewed		별도 platform/protocol service 결정 대기; 사용자 승인 전 구현 재개 금지
Binance	VIP Service REST	Http	GET	/sapi/v1/vip/vip-portal/futures/rate-limits/ips	queryFuturesIpRateLimits	documented_active	platform_limited	separate_platform_or_protocol_service	이번 릴리스 보류(임시; 사용자 승인 필요)		not_connected		Unlinked	unreviewed		unreviewed		unreviewed		unreviewed		unreviewed		unreviewed			Unreviewed		별도 platform/protocol service 결정 대기; 사용자 승인 전 구현 재개 금지
Binance	VIP Service REST	Http	GET	/sapi/v1/vip/vip-portal/futures/rate-limits/ips/pages	queryFuturesIpRateLimitsWithPagination	documented_active	platform_limited	separate_platform_or_protocol_service	이번 릴리스 보류(임시; 사용자 승인 필요)		not_connected		Unlinked	unreviewed		unreviewed		unreviewed		unreviewed		unreviewed		unreviewed			Unreviewed		별도 platform/protocol service 결정 대기; 사용자 승인 전 구현 재개 금지
Binance	VIP Service REST	Http	GET	/sapi/v1/vip/vip-portal/futures/rate-limits/orders	queryFuturesUserorderRateLimits	documented_active	platform_limited	separate_platform_or_protocol_service	이번 릴리스 보류(임시; 사용자 승인 필요)		not_connected		Unlinked	unreviewed		unreviewed		unreviewed		unreviewed		unreviewed		unreviewed			Unreviewed		별도 platform/protocol service 결정 대기; 사용자 승인 전 구현 재개 금지
Binance	VIP Service REST	Http	GET	/sapi/v1/vip/vip-portal/futures/rate-limits/orders/pages	queryFuturesUserorderRateLimitsWithPagination	documented_active	platform_limited	separate_platform_or_protocol_service	이번 릴리스 보류(임시; 사용자 승인 필요)		not_connected		Unlinked	unreviewed		unreviewed		unreviewed		unreviewed		unreviewed		unreviewed			Unreviewed		별도 platform/protocol service 결정 대기; 사용자 승인 전 구현 재개 금지
Binance	VIP Service REST	Http	POST	/sapi/v1/vip/vip-portal/futures/ip-whitelists	addFuturesIpWhitelists	documented_active	platform_limited	separate_platform_or_protocol_service	이번 릴리스 보류(임시; 사용자 승인 필요)		not_connected		Unlinked	unreviewed		unreviewed		unreviewed		unreviewed		unreviewed		unreviewed			Unreviewed		별도 platform/protocol service 결정 대기; 사용자 승인 전 구현 재개 금지
Hyperliquid	CoreWriter	Contract	CALL	0x3333333333333333333333333333333333333333 action_id=1	limitOrder	documented_active	platform_limited	separate_platform_or_protocol_service	이번 릴리스 보류(임시; 사용자 승인 필요)		not_connected		Unlinked	unreviewed		unreviewed		unreviewed		unreviewed		unreviewed		unreviewed			Unreviewed		별도 platform/protocol service 결정 대기; 사용자 승인 전 구현 재개 금지
Hyperliquid	CoreWriter	Contract	CALL	0x3333333333333333333333333333333333333333 action_id=10	cancelOrderByOid	documented_active	platform_limited	separate_platform_or_protocol_service	이번 릴리스 보류(임시; 사용자 승인 필요)		not_connected		Unlinked	unreviewed		unreviewed		unreviewed		unreviewed		unreviewed		unreviewed			Unreviewed		별도 platform/protocol service 결정 대기; 사용자 승인 전 구현 재개 금지
Hyperliquid	CoreWriter	Contract	CALL	0x3333333333333333333333333333333333333333 action_id=11	cancelOrderByCloid	documented_active	platform_limited	separate_platform_or_protocol_service	이번 릴리스 보류(임시; 사용자 승인 필요)		not_connected		Unlinked	unreviewed		unreviewed		unreviewed		unreviewed		unreviewed		unreviewed			Unreviewed		별도 platform/protocol service 결정 대기; 사용자 승인 전 구현 재개 금지
Hyperliquid	CoreWriter	Contract	CALL	0x3333333333333333333333333333333333333333 action_id=12	approveBuilderFee	documented_active	platform_limited	separate_platform_or_protocol_service	이번 릴리스 보류(임시; 사용자 승인 필요)		not_connected		Unlinked	unreviewed		unreviewed		unreviewed		unreviewed		unreviewed		unreviewed			Unreviewed		별도 platform/protocol service 결정 대기; 사용자 승인 전 구현 재개 금지
Hyperliquid	CoreWriter	Contract	CALL	0x3333333333333333333333333333333333333333 action_id=13	sendAsset	documented_active	platform_limited	separate_platform_or_protocol_service	이번 릴리스 보류(임시; 사용자 승인 필요)		not_connected		Unlinked	unreviewed		unreviewed		unreviewed		unreviewed		unreviewed		unreviewed			Unreviewed		별도 platform/protocol service 결정 대기; 사용자 승인 전 구현 재개 금지
Hyperliquid	CoreWriter	Contract	CALL	0x3333333333333333333333333333333333333333 action_id=15	borrowLendOperation	documented_active	platform_limited	separate_platform_or_protocol_service	이번 릴리스 보류(임시; 사용자 승인 필요)		not_connected		Unlinked	unreviewed		unreviewed		unreviewed		unreviewed		unreviewed		unreviewed			Unreviewed		별도 platform/protocol service 결정 대기; 사용자 승인 전 구현 재개 금지
Hyperliquid	CoreWriter	Contract	CALL	0x3333333333333333333333333333333333333333 action_id=16	setAbstraction	documented_active	platform_limited	separate_platform_or_protocol_service	이번 릴리스 보류(임시; 사용자 승인 필요)		not_connected		Unlinked	unreviewed		unreviewed		unreviewed		unreviewed		unreviewed		unreviewed			Unreviewed		별도 platform/protocol service 결정 대기; 사용자 승인 전 구현 재개 금지
Hyperliquid	CoreWriter	Contract	CALL	0x3333333333333333333333333333333333333333 action_id=17	outcomeOperation	documented_active	platform_limited	separate_platform_or_protocol_service	이번 릴리스 보류(임시; 사용자 승인 필요)		not_connected		Unlinked	unreviewed		unreviewed		unreviewed		unreviewed		unreviewed		unreviewed			Unreviewed		별도 platform/protocol service 결정 대기; 사용자 승인 전 구현 재개 금지
Hyperliquid	CoreWriter	Contract	CALL	0x3333333333333333333333333333333333333333 action_id=2	vaultTransfer	documented_active	platform_limited	separate_platform_or_protocol_service	이번 릴리스 보류(임시; 사용자 승인 필요)		not_connected		Unlinked	unreviewed		unreviewed		unreviewed		unreviewed		unreviewed		unreviewed			Unreviewed		별도 platform/protocol service 결정 대기; 사용자 승인 전 구현 재개 금지
Hyperliquid	CoreWriter	Contract	CALL	0x3333333333333333333333333333333333333333 action_id=3	tokenDelegate	documented_active	platform_limited	separate_platform_or_protocol_service	이번 릴리스 보류(임시; 사용자 승인 필요)		not_connected		Unlinked	unreviewed		unreviewed		unreviewed		unreviewed		unreviewed		unreviewed			Unreviewed		별도 platform/protocol service 결정 대기; 사용자 승인 전 구현 재개 금지
Hyperliquid	CoreWriter	Contract	CALL	0x3333333333333333333333333333333333333333 action_id=4	stakingDeposit	documented_active	platform_limited	separate_platform_or_protocol_service	이번 릴리스 보류(임시; 사용자 승인 필요)		not_connected		Unlinked	unreviewed		unreviewed		unreviewed		unreviewed		unreviewed		unreviewed			Unreviewed		별도 platform/protocol service 결정 대기; 사용자 승인 전 구현 재개 금지
Hyperliquid	CoreWriter	Contract	CALL	0x3333333333333333333333333333333333333333 action_id=5	stakingWithdraw	documented_active	platform_limited	separate_platform_or_protocol_service	이번 릴리스 보류(임시; 사용자 승인 필요)		not_connected		Unlinked	unreviewed		unreviewed		unreviewed		unreviewed		unreviewed		unreviewed			Unreviewed		별도 platform/protocol service 결정 대기; 사용자 승인 전 구현 재개 금지
Hyperliquid	CoreWriter	Contract	CALL	0x3333333333333333333333333333333333333333 action_id=6	spotSend	documented_active	platform_limited	separate_platform_or_protocol_service	이번 릴리스 보류(임시; 사용자 승인 필요)		not_connected		Unlinked	unreviewed		unreviewed		unreviewed		unreviewed		unreviewed		unreviewed			Unreviewed		별도 platform/protocol service 결정 대기; 사용자 승인 전 구현 재개 금지
Hyperliquid	CoreWriter	Contract	CALL	0x3333333333333333333333333333333333333333 action_id=7	usdClassTransfer	documented_active	platform_limited	separate_platform_or_protocol_service	이번 릴리스 보류(임시; 사용자 승인 필요)		not_connected		Unlinked	unreviewed		unreviewed		unreviewed		unreviewed		unreviewed		unreviewed			Unreviewed		별도 platform/protocol service 결정 대기; 사용자 승인 전 구현 재개 금지
Hyperliquid	CoreWriter	Contract	CALL	0x3333333333333333333333333333333333333333 action_id=8	finalizeEvmContract	documented_active	platform_limited	separate_platform_or_protocol_service	이번 릴리스 보류(임시; 사용자 승인 필요)		not_connected		Unlinked	unreviewed		unreviewed		unreviewed		unreviewed		unreviewed		unreviewed			Unreviewed		별도 platform/protocol service 결정 대기; 사용자 승인 전 구현 재개 금지
Hyperliquid	CoreWriter	Contract	CALL	0x3333333333333333333333333333333333333333 action_id=9	addApiWallet	documented_active	platform_limited	separate_platform_or_protocol_service	이번 릴리스 보류(임시; 사용자 승인 필요)		not_connected		Unlinked	unreviewed		unreviewed		unreviewed		unreviewed		unreviewed		unreviewed			Unreviewed		별도 platform/protocol service 결정 대기; 사용자 승인 전 구현 재개 금지
Hyperliquid	Exchange endpoint	Http	POST	/exchange action=authorizeAqav2Role	authorizeAqav2Role	documented_active	platform_limited	separate_platform_or_protocol_service	이번 릴리스 보류(임시; 사용자 승인 필요)		not_connected		Unlinked	unreviewed		unreviewed		unreviewed		unreviewed		unreviewed		unreviewed			Unreviewed		별도 platform/protocol service 결정 대기; 사용자 승인 전 구현 재개 금지
Hyperliquid	Exchange endpoint	Http	POST	/exchange action=validatorL1Stream	validatorL1Stream	documented_active	platform_limited	separate_platform_or_protocol_service	이번 릴리스 보류(임시; 사용자 승인 필요)		not_connected		Unlinked	unreviewed		unreviewed		unreviewed		unreviewed		unreviewed		unreviewed			Unreviewed		별도 platform/protocol service 결정 대기; 사용자 승인 전 구현 재개 금지
Hyperliquid	HIP-1/HIP-2 deployer actions	Http	POST	/exchange action=spotDeploy variant=disableAlignedQuoteToken	spotDeploy.disableAlignedQuoteToken	documented_active	platform_limited	separate_platform_or_protocol_service	이번 릴리스 보류(임시; 사용자 승인 필요)		not_connected		Unlinked	unreviewed		unreviewed		unreviewed		unreviewed		unreviewed		unreviewed			Unreviewed		별도 platform/protocol service 결정 대기; 사용자 승인 전 구현 재개 금지
Hyperliquid	HIP-1/HIP-2 deployer actions	Http	POST	/exchange action=spotDeploy variant=disableQuoteToken	spotDeploy.disableQuoteToken	documented_active	platform_limited	separate_platform_or_protocol_service	이번 릴리스 보류(임시; 사용자 승인 필요)		not_connected		Unlinked	unreviewed		unreviewed		unreviewed		unreviewed		unreviewed		unreviewed			Unreviewed		별도 platform/protocol service 결정 대기; 사용자 승인 전 구현 재개 금지
Hyperliquid	HIP-1/HIP-2 deployer actions	Http	POST	/exchange action=spotDeploy variant=enableAlignedQuoteToken	spotDeploy.enableAlignedQuoteToken	documented_active	platform_limited	separate_platform_or_protocol_service	이번 릴리스 보류(임시; 사용자 승인 필요)		not_connected		Unlinked	unreviewed		unreviewed		unreviewed		unreviewed		unreviewed		unreviewed			Unreviewed		별도 platform/protocol service 결정 대기; 사용자 승인 전 구현 재개 금지
Hyperliquid	HIP-1/HIP-2 deployer actions	Http	POST	/exchange action=spotDeploy variant=enableQuoteToken	spotDeploy.enableQuoteToken	documented_active	platform_limited	separate_platform_or_protocol_service	이번 릴리스 보류(임시; 사용자 승인 필요)		not_connected		Unlinked	unreviewed		unreviewed		unreviewed		unreviewed		unreviewed		unreviewed			Unreviewed		별도 platform/protocol service 결정 대기; 사용자 승인 전 구현 재개 금지
Hyperliquid	HIP-1/HIP-2 deployer actions	Http	POST	/exchange action=spotDeploy variant=genesis	spotDeploy.genesis	documented_active	platform_limited	separate_platform_or_protocol_service	이번 릴리스 보류(임시; 사용자 승인 필요)		not_connected		Unlinked	unreviewed		unreviewed		unreviewed		unreviewed		unreviewed		unreviewed			Unreviewed		별도 platform/protocol service 결정 대기; 사용자 승인 전 구현 재개 금지
Hyperliquid	HIP-1/HIP-2 deployer actions	Http	POST	/exchange action=spotDeploy variant=registerHyperliquidity	spotDeploy.registerHyperliquidity	documented_active	platform_limited	separate_platform_or_protocol_service	이번 릴리스 보류(임시; 사용자 승인 필요)		not_connected		Unlinked	unreviewed		unreviewed		unreviewed		unreviewed		unreviewed		unreviewed			Unreviewed		별도 platform/protocol service 결정 대기; 사용자 승인 전 구현 재개 금지
Hyperliquid	HIP-1/HIP-2 deployer actions	Http	POST	/exchange action=spotDeploy variant=registerSpot	spotDeploy.registerSpot	documented_active	platform_limited	separate_platform_or_protocol_service	이번 릴리스 보류(임시; 사용자 승인 필요)		not_connected		Unlinked	unreviewed		unreviewed		unreviewed		unreviewed		unreviewed		unreviewed			Unreviewed		별도 platform/protocol service 결정 대기; 사용자 승인 전 구현 재개 금지
Hyperliquid	HIP-1/HIP-2 deployer actions	Http	POST	/exchange action=spotDeploy variant=registerToken2	spotDeploy.registerToken2	documented_active	platform_limited	separate_platform_or_protocol_service	이번 릴리스 보류(임시; 사용자 승인 필요)		not_connected		Unlinked	unreviewed		unreviewed		unreviewed		unreviewed		unreviewed		unreviewed			Unreviewed		별도 platform/protocol service 결정 대기; 사용자 승인 전 구현 재개 금지
Hyperliquid	HIP-1/HIP-2 deployer actions	Http	POST	/exchange action=spotDeploy variant=setDeployerTradingFeeShare	spotDeploy.setDeployerTradingFeeShare	documented_active	platform_limited	separate_platform_or_protocol_service	이번 릴리스 보류(임시; 사용자 승인 필요)		not_connected		Unlinked	unreviewed		unreviewed		unreviewed		unreviewed		unreviewed		unreviewed			Unreviewed		별도 platform/protocol service 결정 대기; 사용자 승인 전 구현 재개 금지
Hyperliquid	HIP-1/HIP-2 deployer actions	Http	POST	/exchange action=spotDeploy variant=userGenesis	spotDeploy.userGenesis	documented_active	platform_limited	separate_platform_or_protocol_service	이번 릴리스 보류(임시; 사용자 승인 필요)		not_connected		Unlinked	unreviewed		unreviewed		unreviewed		unreviewed		unreviewed		unreviewed			Unreviewed		별도 platform/protocol service 결정 대기; 사용자 승인 전 구현 재개 금지
Hyperliquid	HIP-3 deployer actions	Http	POST	/exchange action=perpDeploy variant=disableDex	perpDeploy.disableDex	documented_active	platform_limited	separate_platform_or_protocol_service	이번 릴리스 보류(임시; 사용자 승인 필요)		not_connected		Unlinked	unreviewed		unreviewed		unreviewed		unreviewed		unreviewed		unreviewed			Unreviewed		별도 platform/protocol service 결정 대기; 사용자 승인 전 구현 재개 금지
Hyperliquid	HIP-3 deployer actions	Http	POST	/exchange action=perpDeploy variant=haltTrading	perpDeploy.haltTrading	documented_active	platform_limited	separate_platform_or_protocol_service	이번 릴리스 보류(임시; 사용자 승인 필요)		not_connected		Unlinked	unreviewed		unreviewed		unreviewed		unreviewed		unreviewed		unreviewed			Unreviewed		별도 platform/protocol service 결정 대기; 사용자 승인 전 구현 재개 금지
Hyperliquid	HIP-3 deployer actions	Http	POST	/exchange action=perpDeploy variant=registerAsset	perpDeploy.registerAsset	documented_active	platform_limited	separate_platform_or_protocol_service	이번 릴리스 보류(임시; 사용자 승인 필요)		not_connected		Unlinked	unreviewed		unreviewed		unreviewed		unreviewed		unreviewed		unreviewed			Unreviewed		별도 platform/protocol service 결정 대기; 사용자 승인 전 구현 재개 금지
Hyperliquid	HIP-3 deployer actions	Http	POST	/exchange action=perpDeploy variant=registerAsset2	perpDeploy.registerAsset2	documented_active	platform_limited	separate_platform_or_protocol_service	이번 릴리스 보류(임시; 사용자 승인 필요)		not_connected		Unlinked	unreviewed		unreviewed		unreviewed		unreviewed		unreviewed		unreviewed			Unreviewed		별도 platform/protocol service 결정 대기; 사용자 승인 전 구현 재개 금지
Hyperliquid	HIP-3 deployer actions	Http	POST	/exchange action=perpDeploy variant=setDeployerFees	perpDeploy.setDeployerFees	documented_active	platform_limited	separate_platform_or_protocol_service	이번 릴리스 보류(임시; 사용자 승인 필요)		not_connected		Unlinked	unreviewed		unreviewed		unreviewed		unreviewed		unreviewed		unreviewed			Unreviewed		별도 platform/protocol service 결정 대기; 사용자 승인 전 구현 재개 금지
Hyperliquid	HIP-3 deployer actions	Http	POST	/exchange action=perpDeploy variant=setFeeRecipient	perpDeploy.setFeeRecipient	documented_active	platform_limited	separate_platform_or_protocol_service	이번 릴리스 보류(임시; 사용자 승인 필요)		not_connected		Unlinked	unreviewed		unreviewed		unreviewed		unreviewed		unreviewed		unreviewed			Unreviewed		별도 platform/protocol service 결정 대기; 사용자 승인 전 구현 재개 금지
Hyperliquid	HIP-3 deployer actions	Http	POST	/exchange action=perpDeploy variant=setFundingInterestRates	perpDeploy.setFundingInterestRates	documented_active	platform_limited	separate_platform_or_protocol_service	이번 릴리스 보류(임시; 사용자 승인 필요)		not_connected		Unlinked	unreviewed		unreviewed		unreviewed		unreviewed		unreviewed		unreviewed			Unreviewed		별도 platform/protocol service 결정 대기; 사용자 승인 전 구현 재개 금지
Hyperliquid	HIP-3 deployer actions	Http	POST	/exchange action=perpDeploy variant=setFundingMultipliers	perpDeploy.setFundingMultipliers	documented_active	platform_limited	separate_platform_or_protocol_service	이번 릴리스 보류(임시; 사용자 승인 필요)		not_connected		Unlinked	unreviewed		unreviewed		unreviewed		unreviewed		unreviewed		unreviewed			Unreviewed		별도 platform/protocol service 결정 대기; 사용자 승인 전 구현 재개 금지
Hyperliquid	HIP-3 deployer actions	Http	POST	/exchange action=perpDeploy variant=setMarginModes	perpDeploy.setMarginModes	documented_active	platform_limited	separate_platform_or_protocol_service	이번 릴리스 보류(임시; 사용자 승인 필요)		not_connected		Unlinked	unreviewed		unreviewed		unreviewed		unreviewed		unreviewed		unreviewed			Unreviewed		별도 platform/protocol service 결정 대기; 사용자 승인 전 구현 재개 금지
Hyperliquid	HIP-3 deployer actions	Http	POST	/exchange action=perpDeploy variant=setMarginTableIds	perpDeploy.setMarginTableIds	documented_active	platform_limited	separate_platform_or_protocol_service	이번 릴리스 보류(임시; 사용자 승인 필요)		not_connected		Unlinked	unreviewed		unreviewed		unreviewed		unreviewed		unreviewed		unreviewed			Unreviewed		별도 platform/protocol service 결정 대기; 사용자 승인 전 구현 재개 금지
Hyperliquid	HIP-3 deployer actions	Http	POST	/exchange action=perpDeploy variant=setOpenInterestCaps	perpDeploy.setOpenInterestCaps	documented_active	platform_limited	separate_platform_or_protocol_service	이번 릴리스 보류(임시; 사용자 승인 필요)		not_connected		Unlinked	unreviewed		unreviewed		unreviewed		unreviewed		unreviewed		unreviewed			Unreviewed		별도 platform/protocol service 결정 대기; 사용자 승인 전 구현 재개 금지
Hyperliquid	HIP-3 deployer actions	Http	POST	/exchange action=perpDeploy variant=setOracle	perpDeploy.setOracle	documented_active	platform_limited	separate_platform_or_protocol_service	이번 릴리스 보류(임시; 사용자 승인 필요)		not_connected		Unlinked	unreviewed		unreviewed		unreviewed		unreviewed		unreviewed		unreviewed			Unreviewed		별도 platform/protocol service 결정 대기; 사용자 승인 전 구현 재개 금지
Hyperliquid	HIP-3 deployer actions	Http	POST	/exchange action=perpDeploy variant=setPerpAnnotation	perpDeploy.setPerpAnnotation	documented_active	platform_limited	separate_platform_or_protocol_service	이번 릴리스 보류(임시; 사용자 승인 필요)		not_connected		Unlinked	unreviewed		unreviewed		unreviewed		unreviewed		unreviewed		unreviewed			Unreviewed		별도 platform/protocol service 결정 대기; 사용자 승인 전 구현 재개 금지
Hyperliquid	HIP-3 deployer actions	Http	POST	/exchange action=perpDeploy variant=setSubDeployers	perpDeploy.setSubDeployers	documented_active	platform_limited	separate_platform_or_protocol_service	이번 릴리스 보류(임시; 사용자 승인 필요)		not_connected		Unlinked	unreviewed		unreviewed		unreviewed		unreviewed		unreviewed		unreviewed			Unreviewed		별도 platform/protocol service 결정 대기; 사용자 승인 전 구현 재개 금지
Hyperliquid	HIP-4 deployer actions	Http	POST	/exchange action=activateOutcomeDeployer	activateOutcomeDeployer	documented_testnet	platform_limited	separate_platform_or_protocol_service	이번 릴리스 보류(임시; 사용자 승인 필요)		not_connected		Unlinked	unreviewed		unreviewed		unreviewed		unreviewed		unreviewed		unreviewed			Unreviewed		별도 platform/protocol service 결정 대기; 사용자 승인 전 구현 재개 금지
Hyperliquid	HIP-4 deployer actions	Http	POST	/exchange action=spotDeploy outcome.registerQuestionFromTemplate	spotDeploy.registerQuestionFromTemplate	documented_testnet	platform_limited	separate_platform_or_protocol_service	이번 릴리스 보류(임시; 사용자 승인 필요)		not_connected		Unlinked	unreviewed		unreviewed		unreviewed		unreviewed		unreviewed		unreviewed			Unreviewed		별도 platform/protocol service 결정 대기; 사용자 승인 전 구현 재개 금지
Hyperliquid	HIP-4 deployer actions	Http	POST	/exchange action=spotDeploy outcome.registerStandaloneOutcomeFromTemplate	spotDeploy.registerStandaloneOutcomeFromTemplate	documented_testnet	platform_limited	separate_platform_or_protocol_service	이번 릴리스 보류(임시; 사용자 승인 필요)		not_connected		Unlinked	unreviewed		unreviewed		unreviewed		unreviewed		unreviewed		unreviewed			Unreviewed		별도 platform/protocol service 결정 대기; 사용자 승인 전 구현 재개 금지
Hyperliquid	HIP-4 deployer actions	Http	POST	/exchange action=spotDeploy outcome.settleOutcome	spotDeploy.settleOutcome	documented_testnet	platform_limited	separate_platform_or_protocol_service	이번 릴리스 보류(임시; 사용자 승인 필요)		not_connected		Unlinked	unreviewed		unreviewed		unreviewed		unreviewed		unreviewed		unreviewed			Unreviewed		별도 platform/protocol service 결정 대기; 사용자 승인 전 구현 재개 금지
Hyperliquid	HIP-4 deployer actions	Http	POST	/exchange action=spotDeploy outcome.settleQuestion2	spotDeploy.settleQuestion2	documented_testnet	platform_limited	separate_platform_or_protocol_service	이번 릴리스 보류(임시; 사용자 승인 필요)		not_connected		Unlinked	unreviewed		unreviewed		unreviewed		unreviewed		unreviewed		unreviewed			Unreviewed		별도 platform/protocol service 결정 대기; 사용자 승인 전 구현 재개 금지
Hyperliquid	HIP-4 info	Http	POST	/info type=outcomeTemplates	outcomeTemplates	documented_active	platform_limited	separate_platform_or_protocol_service	이번 릴리스 보류(임시; 사용자 승인 필요)		not_connected		Unlinked	unreviewed		unreviewed		unreviewed		unreviewed		unreviewed		unreviewed			Unreviewed		별도 platform/protocol service 결정 대기; 사용자 승인 전 구현 재개 금지
Hyperliquid	HyperEVM JSON-RPC	JsonRpc	POST	https://rpc.hyperliquid.xyz/evm method=eth_bigBlockGasPrice	eth_bigBlockGasPrice	documented_active	platform_limited	separate_platform_or_protocol_service	이번 릴리스 보류(임시; 사용자 승인 필요)		not_connected		Unlinked	unreviewed		unreviewed		unreviewed		unreviewed		unreviewed		unreviewed			Unreviewed		별도 platform/protocol service 결정 대기; 사용자 승인 전 구현 재개 금지
Hyperliquid	HyperEVM JSON-RPC	JsonRpc	POST	https://rpc.hyperliquid.xyz/evm method=eth_blockNumber	eth_blockNumber	documented_active	platform_limited	separate_platform_or_protocol_service	이번 릴리스 보류(임시; 사용자 승인 필요)		not_connected		Unlinked	unreviewed		unreviewed		unreviewed		unreviewed		unreviewed		unreviewed			Unreviewed		별도 platform/protocol service 결정 대기; 사용자 승인 전 구현 재개 금지
Hyperliquid	HyperEVM JSON-RPC	JsonRpc	POST	https://rpc.hyperliquid.xyz/evm method=eth_call	eth_call	documented_active	platform_limited	separate_platform_or_protocol_service	이번 릴리스 보류(임시; 사용자 승인 필요)		not_connected		Unlinked	unreviewed		unreviewed		unreviewed		unreviewed		unreviewed		unreviewed			Unreviewed		별도 platform/protocol service 결정 대기; 사용자 승인 전 구현 재개 금지
Hyperliquid	HyperEVM JSON-RPC	JsonRpc	POST	https://rpc.hyperliquid.xyz/evm method=eth_chainId	eth_chainId	documented_active	platform_limited	separate_platform_or_protocol_service	이번 릴리스 보류(임시; 사용자 승인 필요)		not_connected		Unlinked	unreviewed		unreviewed		unreviewed		unreviewed		unreviewed		unreviewed			Unreviewed		별도 platform/protocol service 결정 대기; 사용자 승인 전 구현 재개 금지
Hyperliquid	HyperEVM JSON-RPC	JsonRpc	POST	https://rpc.hyperliquid.xyz/evm method=eth_estimateGas	eth_estimateGas	documented_active	platform_limited	separate_platform_or_protocol_service	이번 릴리스 보류(임시; 사용자 승인 필요)		not_connected		Unlinked	unreviewed		unreviewed		unreviewed		unreviewed		unreviewed		unreviewed			Unreviewed		별도 platform/protocol service 결정 대기; 사용자 승인 전 구현 재개 금지
Hyperliquid	HyperEVM JSON-RPC	JsonRpc	POST	https://rpc.hyperliquid.xyz/evm method=eth_feeHistory	eth_feeHistory	documented_active	platform_limited	separate_platform_or_protocol_service	이번 릴리스 보류(임시; 사용자 승인 필요)		not_connected		Unlinked	unreviewed		unreviewed		unreviewed		unreviewed		unreviewed		unreviewed			Unreviewed		별도 platform/protocol service 결정 대기; 사용자 승인 전 구현 재개 금지
Hyperliquid	HyperEVM JSON-RPC	JsonRpc	POST	https://rpc.hyperliquid.xyz/evm method=eth_gasPrice	eth_gasPrice	documented_active	platform_limited	separate_platform_or_protocol_service	이번 릴리스 보류(임시; 사용자 승인 필요)		not_connected		Unlinked	unreviewed		unreviewed		unreviewed		unreviewed		unreviewed		unreviewed			Unreviewed		별도 platform/protocol service 결정 대기; 사용자 승인 전 구현 재개 금지
Hyperliquid	HyperEVM JSON-RPC	JsonRpc	POST	https://rpc.hyperliquid.xyz/evm method=eth_getBalance	eth_getBalance	documented_active	platform_limited	separate_platform_or_protocol_service	이번 릴리스 보류(임시; 사용자 승인 필요)		not_connected		Unlinked	unreviewed		unreviewed		unreviewed		unreviewed		unreviewed		unreviewed			Unreviewed		별도 platform/protocol service 결정 대기; 사용자 승인 전 구현 재개 금지
Hyperliquid	HyperEVM JSON-RPC	JsonRpc	POST	https://rpc.hyperliquid.xyz/evm method=eth_getBlockByHash	eth_getBlockByHash	documented_active	platform_limited	separate_platform_or_protocol_service	이번 릴리스 보류(임시; 사용자 승인 필요)		not_connected		Unlinked	unreviewed		unreviewed		unreviewed		unreviewed		unreviewed		unreviewed			Unreviewed		별도 platform/protocol service 결정 대기; 사용자 승인 전 구현 재개 금지
Hyperliquid	HyperEVM JSON-RPC	JsonRpc	POST	https://rpc.hyperliquid.xyz/evm method=eth_getBlockByNumber	eth_getBlockByNumber	documented_active	platform_limited	separate_platform_or_protocol_service	이번 릴리스 보류(임시; 사용자 승인 필요)		not_connected		Unlinked	unreviewed		unreviewed		unreviewed		unreviewed		unreviewed		unreviewed			Unreviewed		별도 platform/protocol service 결정 대기; 사용자 승인 전 구현 재개 금지
Hyperliquid	HyperEVM JSON-RPC	JsonRpc	POST	https://rpc.hyperliquid.xyz/evm method=eth_getBlockReceipts	eth_getBlockReceipts	documented_active	platform_limited	separate_platform_or_protocol_service	이번 릴리스 보류(임시; 사용자 승인 필요)		not_connected		Unlinked	unreviewed		unreviewed		unreviewed		unreviewed		unreviewed		unreviewed			Unreviewed		별도 platform/protocol service 결정 대기; 사용자 승인 전 구현 재개 금지
Hyperliquid	HyperEVM JSON-RPC	JsonRpc	POST	https://rpc.hyperliquid.xyz/evm method=eth_getBlockTransactionCountByHash	eth_getBlockTransactionCountByHash	documented_active	platform_limited	separate_platform_or_protocol_service	이번 릴리스 보류(임시; 사용자 승인 필요)		not_connected		Unlinked	unreviewed		unreviewed		unreviewed		unreviewed		unreviewed		unreviewed			Unreviewed		별도 platform/protocol service 결정 대기; 사용자 승인 전 구현 재개 금지
Hyperliquid	HyperEVM JSON-RPC	JsonRpc	POST	https://rpc.hyperliquid.xyz/evm method=eth_getBlockTransactionCountByNumber	eth_getBlockTransactionCountByNumber	documented_active	platform_limited	separate_platform_or_protocol_service	이번 릴리스 보류(임시; 사용자 승인 필요)		not_connected		Unlinked	unreviewed		unreviewed		unreviewed		unreviewed		unreviewed		unreviewed			Unreviewed		별도 platform/protocol service 결정 대기; 사용자 승인 전 구현 재개 금지
Hyperliquid	HyperEVM JSON-RPC	JsonRpc	POST	https://rpc.hyperliquid.xyz/evm method=eth_getCode	eth_getCode	documented_active	platform_limited	separate_platform_or_protocol_service	이번 릴리스 보류(임시; 사용자 승인 필요)		not_connected		Unlinked	unreviewed		unreviewed		unreviewed		unreviewed		unreviewed		unreviewed			Unreviewed		별도 platform/protocol service 결정 대기; 사용자 승인 전 구현 재개 금지
Hyperliquid	HyperEVM JSON-RPC	JsonRpc	POST	https://rpc.hyperliquid.xyz/evm method=eth_getLogs	eth_getLogs	documented_active	platform_limited	separate_platform_or_protocol_service	이번 릴리스 보류(임시; 사용자 승인 필요)		not_connected		Unlinked	unreviewed		unreviewed		unreviewed		unreviewed		unreviewed		unreviewed			Unreviewed		별도 platform/protocol service 결정 대기; 사용자 승인 전 구현 재개 금지
Hyperliquid	HyperEVM JSON-RPC	JsonRpc	POST	https://rpc.hyperliquid.xyz/evm method=eth_getStorageAt	eth_getStorageAt	documented_active	platform_limited	separate_platform_or_protocol_service	이번 릴리스 보류(임시; 사용자 승인 필요)		not_connected		Unlinked	unreviewed		unreviewed		unreviewed		unreviewed		unreviewed		unreviewed			Unreviewed		별도 platform/protocol service 결정 대기; 사용자 승인 전 구현 재개 금지
Hyperliquid	HyperEVM JSON-RPC	JsonRpc	POST	https://rpc.hyperliquid.xyz/evm method=eth_getSystemTxsByBlockHash	eth_getSystemTxsByBlockHash	documented_active	platform_limited	separate_platform_or_protocol_service	이번 릴리스 보류(임시; 사용자 승인 필요)		not_connected		Unlinked	unreviewed		unreviewed		unreviewed		unreviewed		unreviewed		unreviewed			Unreviewed		별도 platform/protocol service 결정 대기; 사용자 승인 전 구현 재개 금지
Hyperliquid	HyperEVM JSON-RPC	JsonRpc	POST	https://rpc.hyperliquid.xyz/evm method=eth_getSystemTxsByBlockNumber	eth_getSystemTxsByBlockNumber	documented_active	platform_limited	separate_platform_or_protocol_service	이번 릴리스 보류(임시; 사용자 승인 필요)		not_connected		Unlinked	unreviewed		unreviewed		unreviewed		unreviewed		unreviewed		unreviewed			Unreviewed		별도 platform/protocol service 결정 대기; 사용자 승인 전 구현 재개 금지
Hyperliquid	HyperEVM JSON-RPC	JsonRpc	POST	https://rpc.hyperliquid.xyz/evm method=eth_getTransactionByBlockHashAndIndex	eth_getTransactionByBlockHashAndIndex	documented_active	platform_limited	separate_platform_or_protocol_service	이번 릴리스 보류(임시; 사용자 승인 필요)		not_connected		Unlinked	unreviewed		unreviewed		unreviewed		unreviewed		unreviewed		unreviewed			Unreviewed		별도 platform/protocol service 결정 대기; 사용자 승인 전 구현 재개 금지
Hyperliquid	HyperEVM JSON-RPC	JsonRpc	POST	https://rpc.hyperliquid.xyz/evm method=eth_getTransactionByBlockNumberAndIndex	eth_getTransactionByBlockNumberAndIndex	documented_active	platform_limited	separate_platform_or_protocol_service	이번 릴리스 보류(임시; 사용자 승인 필요)		not_connected		Unlinked	unreviewed		unreviewed		unreviewed		unreviewed		unreviewed		unreviewed			Unreviewed		별도 platform/protocol service 결정 대기; 사용자 승인 전 구현 재개 금지
Hyperliquid	HyperEVM JSON-RPC	JsonRpc	POST	https://rpc.hyperliquid.xyz/evm method=eth_getTransactionByHash	eth_getTransactionByHash	documented_active	platform_limited	separate_platform_or_protocol_service	이번 릴리스 보류(임시; 사용자 승인 필요)		not_connected		Unlinked	unreviewed		unreviewed		unreviewed		unreviewed		unreviewed		unreviewed			Unreviewed		별도 platform/protocol service 결정 대기; 사용자 승인 전 구현 재개 금지
Hyperliquid	HyperEVM JSON-RPC	JsonRpc	POST	https://rpc.hyperliquid.xyz/evm method=eth_getTransactionCount	eth_getTransactionCount	documented_active	platform_limited	separate_platform_or_protocol_service	이번 릴리스 보류(임시; 사용자 승인 필요)		not_connected		Unlinked	unreviewed		unreviewed		unreviewed		unreviewed		unreviewed		unreviewed			Unreviewed		별도 platform/protocol service 결정 대기; 사용자 승인 전 구현 재개 금지
Hyperliquid	HyperEVM JSON-RPC	JsonRpc	POST	https://rpc.hyperliquid.xyz/evm method=eth_getTransactionReceipt	eth_getTransactionReceipt	documented_active	platform_limited	separate_platform_or_protocol_service	이번 릴리스 보류(임시; 사용자 승인 필요)		not_connected		Unlinked	unreviewed		unreviewed		unreviewed		unreviewed		unreviewed		unreviewed			Unreviewed		별도 platform/protocol service 결정 대기; 사용자 승인 전 구현 재개 금지
Hyperliquid	HyperEVM JSON-RPC	JsonRpc	POST	https://rpc.hyperliquid.xyz/evm method=eth_maxPriorityFeePerGas	eth_maxPriorityFeePerGas	documented_active	platform_limited	separate_platform_or_protocol_service	이번 릴리스 보류(임시; 사용자 승인 필요)		not_connected		Unlinked	unreviewed		unreviewed		unreviewed		unreviewed		unreviewed		unreviewed			Unreviewed		별도 platform/protocol service 결정 대기; 사용자 승인 전 구현 재개 금지
Hyperliquid	HyperEVM JSON-RPC	JsonRpc	POST	https://rpc.hyperliquid.xyz/evm method=eth_syncing	eth_syncing	documented_active	platform_limited	separate_platform_or_protocol_service	이번 릴리스 보류(임시; 사용자 승인 필요)		not_connected		Unlinked	unreviewed		unreviewed		unreviewed		unreviewed		unreviewed		unreviewed			Unreviewed		별도 platform/protocol service 결정 대기; 사용자 승인 전 구현 재개 금지
Hyperliquid	HyperEVM JSON-RPC	JsonRpc	POST	https://rpc.hyperliquid.xyz/evm method=eth_usingBigBlocks	eth_usingBigBlocks	documented_active	platform_limited	separate_platform_or_protocol_service	이번 릴리스 보류(임시; 사용자 승인 필요)		not_connected		Unlinked	unreviewed		unreviewed		unreviewed		unreviewed		unreviewed		unreviewed			Unreviewed		별도 platform/protocol service 결정 대기; 사용자 승인 전 구현 재개 금지
Hyperliquid	HyperEVM JSON-RPC	JsonRpc	POST	https://rpc.hyperliquid.xyz/evm method=net_version	net_version	documented_active	platform_limited	separate_platform_or_protocol_service	이번 릴리스 보류(임시; 사용자 승인 필요)		not_connected		Unlinked	unreviewed		unreviewed		unreviewed		unreviewed		unreviewed		unreviewed			Unreviewed		별도 platform/protocol service 결정 대기; 사용자 승인 전 구현 재개 금지
Hyperliquid	HyperEVM JSON-RPC	JsonRpc	POST	https://rpc.hyperliquid.xyz/evm method=web3_clientVersion	web3_clientVersion	documented_active	platform_limited	separate_platform_or_protocol_service	이번 릴리스 보류(임시; 사용자 승인 필요)		not_connected		Unlinked	unreviewed		unreviewed		unreviewed		unreviewed		unreviewed		unreviewed			Unreviewed		별도 platform/protocol service 결정 대기; 사용자 승인 전 구현 재개 금지
Hyperliquid	L1Read precompile	Contract	STATICCALL	L1Read.sol::accountMarginSummary	accountMarginSummary	documented_testnet	platform_limited	separate_platform_or_protocol_service	이번 릴리스 보류(임시; 사용자 승인 필요)		not_connected		Unlinked	unreviewed		unreviewed		unreviewed		unreviewed		unreviewed		unreviewed			Unreviewed		별도 platform/protocol service 결정 대기; 사용자 승인 전 구현 재개 금지
Hyperliquid	L1Read precompile	Contract	STATICCALL	L1Read.sol::bbo	bbo	documented_testnet	platform_limited	separate_platform_or_protocol_service	이번 릴리스 보류(임시; 사용자 승인 필요)		not_connected		Unlinked	unreviewed		unreviewed		unreviewed		unreviewed		unreviewed		unreviewed			Unreviewed		별도 platform/protocol service 결정 대기; 사용자 승인 전 구현 재개 금지
Hyperliquid	L1Read precompile	Contract	STATICCALL	L1Read.sol::borrowLendReserveState	borrowLendReserveState	documented_testnet	platform_limited	separate_platform_or_protocol_service	이번 릴리스 보류(임시; 사용자 승인 필요)		not_connected		Unlinked	unreviewed		unreviewed		unreviewed		unreviewed		unreviewed		unreviewed			Unreviewed		별도 platform/protocol service 결정 대기; 사용자 승인 전 구현 재개 금지
Hyperliquid	L1Read precompile	Contract	STATICCALL	L1Read.sol::borrowLendUserState	borrowLendUserState	documented_testnet	platform_limited	separate_platform_or_protocol_service	이번 릴리스 보류(임시; 사용자 승인 필요)		not_connected		Unlinked	unreviewed		unreviewed		unreviewed		unreviewed		unreviewed		unreviewed			Unreviewed		별도 platform/protocol service 결정 대기; 사용자 승인 전 구현 재개 금지
Hyperliquid	L1Read precompile	Contract	STATICCALL	L1Read.sol::coreUserExists	coreUserExists	documented_testnet	platform_limited	separate_platform_or_protocol_service	이번 릴리스 보류(임시; 사용자 승인 필요)		not_connected		Unlinked	unreviewed		unreviewed		unreviewed		unreviewed		unreviewed		unreviewed			Unreviewed		별도 platform/protocol service 결정 대기; 사용자 승인 전 구현 재개 금지
Hyperliquid	L1Read precompile	Contract	STATICCALL	L1Read.sol::delegations	delegations	documented_testnet	platform_limited	separate_platform_or_protocol_service	이번 릴리스 보류(임시; 사용자 승인 필요)		not_connected		Unlinked	unreviewed		unreviewed		unreviewed		unreviewed		unreviewed		unreviewed			Unreviewed		별도 platform/protocol service 결정 대기; 사용자 승인 전 구현 재개 금지
Hyperliquid	L1Read precompile	Contract	STATICCALL	L1Read.sol::delegatorSummary	delegatorSummary	documented_testnet	platform_limited	separate_platform_or_protocol_service	이번 릴리스 보류(임시; 사용자 승인 필요)		not_connected		Unlinked	unreviewed		unreviewed		unreviewed		unreviewed		unreviewed		unreviewed			Unreviewed		별도 platform/protocol service 결정 대기; 사용자 승인 전 구현 재개 금지
Hyperliquid	L1Read precompile	Contract	STATICCALL	L1Read.sol::l1BlockNumber	l1BlockNumber	documented_testnet	platform_limited	separate_platform_or_protocol_service	이번 릴리스 보류(임시; 사용자 승인 필요)		not_connected		Unlinked	unreviewed		unreviewed		unreviewed		unreviewed		unreviewed		unreviewed			Unreviewed		별도 platform/protocol service 결정 대기; 사용자 승인 전 구현 재개 금지
Hyperliquid	L1Read precompile	Contract	STATICCALL	L1Read.sol::markPx	markPx	documented_testnet	platform_limited	separate_platform_or_protocol_service	이번 릴리스 보류(임시; 사용자 승인 필요)		not_connected		Unlinked	unreviewed		unreviewed		unreviewed		unreviewed		unreviewed		unreviewed			Unreviewed		별도 platform/protocol service 결정 대기; 사용자 승인 전 구현 재개 금지
Hyperliquid	L1Read precompile	Contract	STATICCALL	L1Read.sol::oraclePx	oraclePx	documented_testnet	platform_limited	separate_platform_or_protocol_service	이번 릴리스 보류(임시; 사용자 승인 필요)		not_connected		Unlinked	unreviewed		unreviewed		unreviewed		unreviewed		unreviewed		unreviewed			Unreviewed		별도 platform/protocol service 결정 대기; 사용자 승인 전 구현 재개 금지
Hyperliquid	L1Read precompile	Contract	STATICCALL	L1Read.sol::outcomeStatus	outcomeStatus	documented_testnet	platform_limited	separate_platform_or_protocol_service	이번 릴리스 보류(임시; 사용자 승인 필요)		not_connected		Unlinked	unreviewed		unreviewed		unreviewed		unreviewed		unreviewed		unreviewed			Unreviewed		별도 platform/protocol service 결정 대기; 사용자 승인 전 구현 재개 금지
Hyperliquid	L1Read precompile	Contract	STATICCALL	L1Read.sol::perpAssetInfo	perpAssetInfo	documented_testnet	platform_limited	separate_platform_or_protocol_service	이번 릴리스 보류(임시; 사용자 승인 필요)		not_connected		Unlinked	unreviewed		unreviewed		unreviewed		unreviewed		unreviewed		unreviewed			Unreviewed		별도 platform/protocol service 결정 대기; 사용자 승인 전 구현 재개 금지
Hyperliquid	L1Read precompile	Contract	STATICCALL	L1Read.sol::position	position	documented_testnet	platform_limited	separate_platform_or_protocol_service	이번 릴리스 보류(임시; 사용자 승인 필요)		not_connected		Unlinked	unreviewed		unreviewed		unreviewed		unreviewed		unreviewed		unreviewed			Unreviewed		별도 platform/protocol service 결정 대기; 사용자 승인 전 구현 재개 금지
Hyperliquid	L1Read precompile	Contract	STATICCALL	L1Read.sol::position2	position2	documented_testnet	platform_limited	separate_platform_or_protocol_service	이번 릴리스 보류(임시; 사용자 승인 필요)		not_connected		Unlinked	unreviewed		unreviewed		unreviewed		unreviewed		unreviewed		unreviewed			Unreviewed		별도 platform/protocol service 결정 대기; 사용자 승인 전 구현 재개 금지
Hyperliquid	L1Read precompile	Contract	STATICCALL	L1Read.sol::spotBalance	spotBalance	documented_testnet	platform_limited	separate_platform_or_protocol_service	이번 릴리스 보류(임시; 사용자 승인 필요)		not_connected		Unlinked	unreviewed		unreviewed		unreviewed		unreviewed		unreviewed		unreviewed			Unreviewed		별도 platform/protocol service 결정 대기; 사용자 승인 전 구현 재개 금지
Hyperliquid	L1Read precompile	Contract	STATICCALL	L1Read.sol::spotInfo	spotInfo	documented_testnet	platform_limited	separate_platform_or_protocol_service	이번 릴리스 보류(임시; 사용자 승인 필요)		not_connected		Unlinked	unreviewed		unreviewed		unreviewed		unreviewed		unreviewed		unreviewed			Unreviewed		별도 platform/protocol service 결정 대기; 사용자 승인 전 구현 재개 금지
Hyperliquid	L1Read precompile	Contract	STATICCALL	L1Read.sol::spotPx	spotPx	documented_testnet	platform_limited	separate_platform_or_protocol_service	이번 릴리스 보류(임시; 사용자 승인 필요)		not_connected		Unlinked	unreviewed		unreviewed		unreviewed		unreviewed		unreviewed		unreviewed			Unreviewed		별도 platform/protocol service 결정 대기; 사용자 승인 전 구현 재개 금지
Hyperliquid	L1Read precompile	Contract	STATICCALL	L1Read.sol::tokenInfo	tokenInfo	documented_testnet	platform_limited	separate_platform_or_protocol_service	이번 릴리스 보류(임시; 사용자 승인 필요)		not_connected		Unlinked	unreviewed		unreviewed		unreviewed		unreviewed		unreviewed		unreviewed			Unreviewed		별도 platform/protocol service 결정 대기; 사용자 승인 전 구현 재개 금지
Hyperliquid	L1Read precompile	Contract	STATICCALL	L1Read.sol::tokenSupply	tokenSupply	documented_testnet	platform_limited	separate_platform_or_protocol_service	이번 릴리스 보류(임시; 사용자 승인 필요)		not_connected		Unlinked	unreviewed		unreviewed		unreviewed		unreviewed		unreviewed		unreviewed			Unreviewed		별도 platform/protocol service 결정 대기; 사용자 승인 전 구현 재개 금지
Hyperliquid	L1Read precompile	Contract	STATICCALL	L1Read.sol::userVaultEquity	userVaultEquity	documented_testnet	platform_limited	separate_platform_or_protocol_service	이번 릴리스 보류(임시; 사용자 승인 필요)		not_connected		Unlinked	unreviewed		unreviewed		unreviewed		unreviewed		unreviewed		unreviewed			Unreviewed		별도 platform/protocol service 결정 대기; 사용자 승인 전 구현 재개 금지
Hyperliquid	L1Read precompile	Contract	STATICCALL	L1Read.sol::withdrawable	withdrawable	documented_testnet	platform_limited	separate_platform_or_protocol_service	이번 릴리스 보류(임시; 사용자 승인 필요)		not_connected		Unlinked	unreviewed		unreviewed		unreviewed		unreviewed		unreviewed		unreviewed			Unreviewed		별도 platform/protocol service 결정 대기; 사용자 승인 전 구현 재개 금지
